ply
format ascii 1.0
element vertex 10000
property float x
property float y
property float z
element face 19602
property list uchar int vertex_indices
end_header
3.354968 4.095000 -4.095000
3.354968 4.012272 -4.095000
3.354968 4.012272 -4.012272
3.354968 3.929545 -4.095000
3.354968 3.929545 -4.012272
3.354968 3.846818 -4.095000
3.354968 3.846818 -4.012272
3.354968 3.764091 -4.095000
3.354968 3.764091 -4.012272
3.354968 3.681364 -4.095000
3.354968 3.681364 -4.012272
3.354968 3.598636 -4.095000
3.354968 3.598636 -4.012272
3.354968 3.515909 -4.095000
3.354968 3.515909 -4.012272
3.354968 3.433182 -4.095000
3.354968 3.433182 -4.012272
3.354968 3.350454 -4.095000
3.354968 3.350454 -4.012272
3.354968 3.267727 -4.095000
3.354968 3.267727 -4.012272
3.354968 3.185000 -4.095000
3.354968 3.185000 -4.012272
3.354968 3.102273 -4.095000
3.354968 3.102273 -4.012272
3.354968 3.019545 -4.095000
3.354968 3.019545 -4.012272
3.354968 2.936818 -4.095000
3.354968 2.936818 -4.012272
3.354968 2.854091 -4.095000
3.354968 2.854091 -4.012272
3.354968 2.771363 -4.095000
3.354968 2.771363 -4.012272
3.354968 2.688636 -4.095000
3.354968 2.688636 -4.012272
3.354968 2.605909 -4.095000
3.354968 2.605909 -4.012272
3.354968 2.523182 -4.095000
3.354968 2.523182 -4.012272
3.354968 2.440454 -4.095000
3.354968 2.440454 -4.012272
3.354968 2.357727 -4.095000
3.354968 2.357727 -4.012272
3.354968 2.275000 -4.095000
3.354968 2.275000 -4.012272
3.354968 2.192273 -4.095000
3.354968 2.192273 -4.012272
3.354968 2.109545 -4.095000
3.354968 2.109545 -4.012272
3.354968 2.026818 -4.095000
3.354968 2.026818 -4.012272
3.354968 1.944091 -4.095000
3.354968 1.944091 -4.012272
3.354968 1.861364 -4.095000
3.354968 1.861364 -4.012272
3.354968 1.778636 -4.095000
3.354968 1.778636 -4.012272
3.354968 1.695909 -4.095000
3.354968 1.695909 -4.012272
3.354968 1.613182 -4.095000
3.354968 1.613182 -4.012272
3.354968 1.530454 -4.095000
3.354968 1.530454 -4.012272
3.354968 1.447727 -4.095000
3.354968 1.447727 -4.012272
3.354968 1.365000 -4.095000
3.354968 1.365000 -4.012272
3.354968 1.282273 -4.095000
3.354968 1.282273 -4.012272
3.354968 1.199545 -4.095000
3.354968 1.199545 -4.012272
3.354968 1.116818 -4.095000
3.354968 1.116818 -4.012272
3.354968 1.034091 -4.095000
3.354968 1.034091 -4.012272
3.354968 0.951364 -4.095000
3.354968 0.951364 -4.012272
3.354968 0.868636 -4.095000
3.354968 0.868636 -4.012272
3.354968 0.785909 -4.095000
3.354968 0.785909 -4.012272
3.354968 0.703182 -4.095000
3.354968 0.703182 -4.012272
3.354968 0.620455 -4.095000
3.354968 0.620455 -4.012272
3.354968 0.537727 -4.095000
3.354968 0.537727 -4.012272
3.354968 0.455000 -4.095000
3.354968 0.455000 -4.012272
3.354968 0.372273 -4.095000
3.354968 0.372273 -4.012272
3.354968 0.289546 -4.095000
3.354968 0.289546 -4.012272
3.354968 0.206818 -4.095000
3.354968 0.206818 -4.012272
3.354968 0.124091 -4.095000
3.354968 0.124091 -4.012272
3.354968 0.041364 -4.095000
3.354968 0.041364 -4.012272
3.345669 -0.295324 -4.093450
3.345697 -0.294457 -4.010727
3.271508 -0.881164 -4.081090
3.271754 -0.878576 -3.998404
3.124392 -1.452671 -4.056571
3.125070 -1.448405 -3.973956
2.906715 -2.000545 -4.020291
2.908031 -1.994669 -3.937783
2.622019 -2.515868 -3.972842
2.624172 -2.508479 -3.890473
2.274934 -2.990263 -3.914994
2.278106 -2.981480 -3.832796
1.871107 -3.416008 -3.847690
1.875465 -3.405976 -3.765689
1.417112 -3.786176 -3.772024
1.422803 -3.775056 -3.690245
0.920328 -4.094748 -3.689226
0.927479 -4.082721 -3.607691
0.388842 -4.336699 -3.600646
0.397554 -4.323963 -3.519370
-0.168696 -4.508096 -3.507722
-0.158347 -4.494856 -3.426720
-0.743223 -4.606151 -3.411968
-0.731187 -4.592623 -3.331247
-1.118780 -4.629823 -3.349375
-1.105740 -4.616228 -3.268821
-1.200350 -4.632133 -3.335780
-1.187309 -4.618538 -3.255226
-1.281920 -4.634442 -3.322185
-1.268879 -4.620848 -3.241631
-1.363490 -4.636752 -3.308590
-1.350449 -4.623158 -3.228036
-1.445059 -4.639062 -3.294995
-1.432019 -4.625467 -3.214442
-1.526629 -4.641372 -3.281400
-1.513589 -4.627777 -3.200846
-1.608200 -4.643682 -3.267805
-1.595159 -4.630087 -3.187251
-1.689769 -4.645992 -3.254210
-1.676728 -4.632397 -3.173656
-1.771339 -4.648302 -3.240615
-1.758298 -4.634706 -3.160061
-1.852909 -4.650611 -3.227020
-1.839868 -4.637016 -3.146466
-1.934479 -4.652921 -3.213425
-1.921438 -4.639327 -3.132872
-2.016049 -4.655231 -3.199830
-2.003008 -4.641636 -3.119277
-2.097619 -4.657541 -3.186235
-2.084578 -4.643946 -3.105681
-2.179188 -4.659851 -3.172640
-2.166147 -4.646256 -3.092087
-2.260758 -4.662161 -3.159045
-2.247717 -4.648566 -3.078492
-2.342328 -4.664471 -3.145450
-2.329288 -4.650876 -3.064897
-2.423898 -4.666780 -3.131855
-2.410857 -4.653186 -3.051302
-2.505468 -4.669090 -3.118260
-2.492427 -4.655496 -3.037707
-2.587037 -4.671401 -3.104666
-2.573997 -4.657805 -3.024112
-2.668607 -4.673710 -3.091070
-2.655567 -4.660115 -3.010517
-2.750177 -4.676020 -3.077476
-2.737137 -4.662425 -2.996922
-2.831747 -4.678330 -3.063881
-2.818706 -4.664735 -2.983327
-2.913317 -4.680640 -3.050286
-2.900276 -4.667045 -2.969732
-2.994887 -4.682950 -3.036690
-2.981847 -4.669355 -2.956137
-3.076457 -4.685260 -3.023096
-3.063416 -4.671665 -2.942542
-3.158027 -4.687570 -3.009501
-3.144986 -4.673975 -2.928947
-3.239597 -4.689879 -2.995906
-3.226556 -4.676284 -2.915352
-3.321166 -4.692189 -2.982311
-3.308126 -4.678595 -2.901757
-3.402736 -4.694499 -2.968716
-3.389695 -4.680904 -2.888162
-3.484306 -4.696809 -2.955121
-3.471266 -4.683214 -2.874567
-3.565876 -4.699119 -2.941526
-3.552835 -4.685524 -2.860972
-3.647446 -4.701429 -2.927931
-3.634405 -4.687834 -2.847377
-3.729016 -4.703739 -2.914336
-3.715975 -4.690144 -2.833782
-3.810585 -4.706048 -2.900741
-3.797545 -4.692454 -2.820187
-3.892156 -4.708358 -2.887146
-3.879115 -4.694764 -2.806592
-3.973725 -4.710668 -2.873551
-3.960684 -4.697073 -2.792997
-4.055295 -4.712978 -2.859956
-4.042254 -4.699383 -2.779402
-4.136865 -4.715288 -2.846361
-4.123824 -4.701693 -2.765807
3.354968 4.095000 -4.012272
3.354968 4.012272 -3.929545
3.354968 3.929545 -3.929545
3.354968 3.846818 -3.929545
3.354968 3.764091 -3.929545
3.354968 3.681364 -3.929545
3.354968 3.598636 -3.929545
3.354968 3.515909 -3.929545
3.354968 3.433182 -3.929545
3.354968 3.350454 -3.929545
3.354968 3.267727 -3.929545
3.354968 3.185000 -3.929545
3.354968 3.102273 -3.929545
3.354968 3.019545 -3.929545
3.354968 2.936818 -3.929545
3.354968 2.854091 -3.929545
3.354968 2.771363 -3.929545
3.354968 2.688636 -3.929545
3.354968 2.605909 -3.929545
3.354968 2.523182 -3.929545
3.354968 2.440454 -3.929545
3.354968 2.357727 -3.929545
3.354968 2.275000 -3.929545
3.354968 2.192273 -3.929545
3.354968 2.109545 -3.929545
3.354968 2.026818 -3.929545
3.354968 1.944091 -3.929545
3.354968 1.861364 -3.929545
3.354968 1.778636 -3.929545
3.354968 1.695909 -3.929545
3.354968 1.613182 -3.929545
3.354968 1.530454 -3.929545
3.354968 1.447727 -3.929545
3.354968 1.365000 -3.929545
3.354968 1.282273 -3.929545
3.354968 1.199545 -3.929545
3.354968 1.116818 -3.929545
3.354968 1.034091 -3.929545
3.354968 0.951364 -3.929545
3.354968 0.868636 -3.929545
3.354968 0.785909 -3.929545
3.354968 0.703182 -3.929545
3.354968 0.620455 -3.929545
3.354968 0.537727 -3.929545
3.354968 0.455000 -3.929545
3.354968 0.372273 -3.929545
3.354968 0.289546 -3.929545
3.354968 0.206818 -3.929545
3.354968 0.124091 -3.929545
3.354968 0.041364 -3.929545
3.345724 -0.293589 -3.928005
3.271999 -0.875988 -3.915717
3.125747 -1.444139 -3.891342
2.909348 -1.988794 -3.855275
2.626325 -2.501090 -3.808105
2.281278 -2.972698 -3.750597
1.879824 -3.395943 -3.683688
1.428495 -3.763936 -3.608466
0.934629 -4.070695 -3.526156
0.406265 -4.311226 -3.438095
-0.147998 -4.481616 -3.345718
-0.719151 -4.579094 -3.250526
-1.092699 -4.602633 -3.188267
-1.174268 -4.604942 -3.174673
-1.255839 -4.607252 -3.161078
-1.337409 -4.609562 -3.147483
-1.418978 -4.611872 -3.133888
-1.500548 -4.614182 -3.120293
-1.582118 -4.616492 -3.106698
-1.663688 -4.618802 -3.093103
-1.745258 -4.621112 -3.079508
-1.826828 -4.623422 -3.065913
-1.908397 -4.625731 -3.052318
-1.989967 -4.628041 -3.038723
-2.071537 -4.630351 -3.025128
-2.153107 -4.632661 -3.011533
-2.234677 -4.634971 -2.997938
-2.316247 -4.637280 -2.984343
-2.397816 -4.639591 -2.970748
-2.479387 -4.641901 -2.957153
-2.560956 -4.644210 -2.943558
-2.642526 -4.646521 -2.929963
-2.724096 -4.648830 -2.916368
-2.805665 -4.651140 -2.902773
-2.887236 -4.653450 -2.889178
-2.968806 -4.655760 -2.875583
-3.050375 -4.658070 -2.861988
-3.131945 -4.660379 -2.848393
-3.213515 -4.662689 -2.834798
-3.295085 -4.664999 -2.821203
-3.376655 -4.667309 -2.807608
-3.458225 -4.669619 -2.794013
-3.539794 -4.671929 -2.780418
-3.621365 -4.674239 -2.766823
-3.702935 -4.676548 -2.753228
-3.784504 -4.678859 -2.739633
-3.866074 -4.681169 -2.726038
-3.947644 -4.683478 -2.712443
-4.029214 -4.685788 -2.698848
-4.110784 -4.688098 -2.685253
3.354968 4.095000 -3.929545
3.354968 4.012272 -3.846818
3.354968 3.929545 -3.846818
3.354968 3.846818 -3.846818
3.354968 3.764091 -3.846818
3.354968 3.681364 -3.846818
3.354968 3.598636 -3.846818
3.354968 3.515909 -3.846818
3.354968 3.433182 -3.846818
3.354968 3.350454 -3.846818
3.354968 3.267727 -3.846818
3.354968 3.185000 -3.846818
3.354968 3.102273 -3.846818
3.354968 3.019545 -3.846818
3.354968 2.936818 -3.846818
3.354968 2.854091 -3.846818
3.354968 2.771363 -3.846818
3.354968 2.688636 -3.846818
3.354968 2.605909 -3.846818
3.354968 2.523182 -3.846818
3.354968 2.440454 -3.846818
3.354968 2.357727 -3.846818
3.354968 2.275000 -3.846818
3.354968 2.192273 -3.846818
3.354968 2.109545 -3.846818
3.354968 2.026818 -3.846818
3.354968 1.944091 -3.846818
3.354968 1.861364 -3.846818
3.354968 1.778636 -3.846818
3.354968 1.695909 -3.846818
3.354968 1.613182 -3.846818
3.354968 1.530454 -3.846818
3.354968 1.447727 -3.846818
3.354968 1.365000 -3.846818
3.354968 1.282273 -3.846818
3.354968 1.199545 -3.846818
3.354968 1.116818 -3.846818
3.354968 1.034091 -3.846818
3.354968 0.951364 -3.846818
3.354968 0.868636 -3.846818
3.354968 0.785909 -3.846818
3.354968 0.703182 -3.846818
3.354968 0.620455 -3.846818
3.354968 0.537727 -3.846818
3.354968 0.455000 -3.846818
3.354968 0.372273 -3.846818
3.354968 0.289546 -3.846818
3.354968 0.206818 -3.846818
3.354968 0.124091 -3.846818
3.354968 0.041364 -3.846818
3.345751 -0.292722 -3.845282
3.272244 -0.873400 -3.833031
3.126424 -1.439872 -3.808728
2.910664 -1.982918 -3.772768
2.628477 -2.493701 -3.725736
2.284450 -2.963916 -3.668398
1.884181 -3.385910 -3.601687
1.434186 -3.752816 -3.526688
0.941780 -4.058668 -3.444620
0.414977 -4.298489 -3.356820
-0.137649 -4.468376 -3.264715
-0.707114 -4.565566 -3.169805
-1.079658 -4.589037 -3.107714
-1.161228 -4.591348 -3.094119
-1.242798 -4.593657 -3.080524
-1.324368 -4.595967 -3.066929
-1.405937 -4.598277 -3.053334
-1.487507 -4.600587 -3.039739
-1.569077 -4.602897 -3.026144
-1.650647 -4.605206 -3.012549
-1.732217 -4.607516 -2.998954
-1.813787 -4.609826 -2.985359
-1.895357 -4.612136 -2.971764
-1.976927 -4.614446 -2.958169
-2.058497 -4.616756 -2.944574
-2.140066 -4.619066 -2.930979
-2.221636 -4.621376 -2.917384
-2.303206 -4.623686 -2.903789
-2.384776 -4.625996 -2.890194
-2.466346 -4.628305 -2.876599
-2.547915 -4.630615 -2.863004
-2.629485 -4.632925 -2.849409
-2.711056 -4.635235 -2.835814
-2.792625 -4.637545 -2.822219
-2.874195 -4.639855 -2.808624
-2.955765 -4.642165 -2.795029
-3.037335 -4.644475 -2.781435
-3.118905 -4.646784 -2.767839
-3.200475 -4.649094 -2.754244
-3.282044 -4.651404 -2.740649
-3.363614 -4.653714 -2.727055
-3.445184 -4.656024 -2.713459
-3.526754 -4.658334 -2.699865
-3.608324 -4.660644 -2.686270
-3.689894 -4.662953 -2.672675
-3.771463 -4.665264 -2.659080
-3.853034 -4.667573 -2.645485
-3.934603 -4.669883 -2.631890
-4.016173 -4.672193 -2.618295
-4.097743 -4.674503 -2.604700
3.354968 4.095000 -3.846818
3.354968 4.012272 -3.764091
3.354968 3.929545 -3.764091
3.354968 3.846818 -3.764091
3.354968 3.764091 -3.764091
3.354968 3.681364 -3.764091
3.354968 3.598636 -3.764091
3.354968 3.515909 -3.764091
3.354968 3.433182 -3.764091
3.354968 3.350454 -3.764091
3.354968 3.267727 -3.764091
3.354968 3.185000 -3.764091
3.354968 3.102273 -3.764091
3.354968 3.019545 -3.764091
3.354968 2.936818 -3.764091
3.354968 2.854091 -3.764091
3.354968 2.771363 -3.764091
3.354968 2.688636 -3.764091
3.354968 2.605909 -3.764091
3.354968 2.523182 -3.764091
3.354968 2.440454 -3.764091
3.354968 2.357727 -3.764091
3.354968 2.275000 -3.764091
3.354968 2.192273 -3.764091
3.354968 2.109545 -3.764091
3.354968 2.026818 -3.764091
3.354968 1.944091 -3.764091
3.354968 1.861364 -3.764091
3.354968 1.778636 -3.764091
3.354968 1.695909 -3.764091
3.354968 1.613182 -3.764091
3.354968 1.530454 -3.764091
3.354968 1.447727 -3.764091
3.354968 1.365000 -3.764091
3.354968 1.282273 -3.764091
3.354968 1.199545 -3.764091
3.354968 1.116818 -3.764091
3.354968 1.034091 -3.764091
3.354968 0.951364 -3.764091
3.354968 0.868636 -3.764091
3.354968 0.785909 -3.764091
3.354968 0.703182 -3.764091
3.354968 0.620455 -3.764091
3.354968 0.537727 -3.764091
3.354968 0.455000 -3.764091
3.354968 0.372273 -3.764091
3.354968 0.289546 -3.764091
3.354968 0.206818 -3.764091
3.354968 0.124091 -3.764091
3.354968 0.041364 -3.764091
3.345778 -0.291855 -3.762559
3.272489 -0.870812 -3.750345
3.127101 -1.435606 -3.726113
2.911981 -1.977043 -3.690260
2.630630 -2.486312 -3.643368
2.287622 -2.955133 -3.586200
1.888539 -3.375877 -3.519686
1.439878 -3.741696 -3.444909
0.948930 -4.046642 -3.363085
0.423688 -4.285752 -3.275544
-0.127300 -4.455135 -3.183713
-0.695078 -4.552038 -3.089083
-1.066618 -4.575442 -3.027160
-1.148187 -4.577753 -3.013565
-1.229757 -4.580062 -2.999970
-1.311327 -4.582372 -2.986375
-1.392897 -4.584682 -2.972780
-1.474467 -4.586992 -2.959185
-1.556037 -4.589302 -2.945590
-1.637606 -4.591612 -2.931995
-1.719176 -4.593922 -2.918400
-1.800747 -4.596231 -2.904805
-1.882316 -4.598541 -2.891210
-1.963886 -4.600851 -2.877615
-2.045456 -4.603161 -2.864020
-2.127026 -4.605471 -2.850425
-2.208596 -4.607781 -2.836830
-2.290166 -4.610091 -2.823236
-2.371735 -4.612401 -2.809640
-2.453305 -4.614711 -2.796046
-2.534875 -4.617021 -2.782451
-2.616445 -4.619330 -2.768856
-2.698015 -4.621640 -2.755260
-2.779584 -4.623950 -2.741666
-2.861155 -4.626260 -2.728071
-2.942725 -4.628570 -2.714476
-3.024294 -4.630879 -2.700881
-3.105864 -4.633189 -2.687286
-3.187434 -4.635499 -2.673691
-3.269004 -4.637809 -2.660096
-3.350574 -4.640119 -2.646501
-3.432144 -4.642429 -2.632906
-3.513713 -4.644739 -2.619311
-3.595284 -4.647049 -2.605716
-3.676853 -4.649359 -2.592121
-3.758423 -4.651669 -2.578526
-3.839993 -4.653978 -2.564931
-3.921562 -4.656288 -2.551336
-4.003132 -4.658598 -2.537741
-4.084702 -4.660908 -2.524146
3.354968 4.095000 -3.764091
3.354968 4.012272 -3.681364
3.354968 3.929545 -3.681364
3.354968 3.846818 -3.681364
3.354968 3.764091 -3.681364
3.354968 3.681364 -3.681364
3.354968 3.598636 -3.681364
3.354968 3.515909 -3.681364
3.354968 3.433182 -3.681364
3.354968 3.350454 -3.681364
3.354968 3.267727 -3.681364
3.354968 3.185000 -3.681364
3.354968 3.102273 -3.681364
3.354968 3.019545 -3.681364
3.354968 2.936818 -3.681364
3.354968 2.854091 -3.681364
3.354968 2.771363 -3.681364
3.354968 2.688636 -3.681364
3.354968 2.605909 -3.681364
3.354968 2.523182 -3.681364
3.354968 2.440454 -3.681364
3.354968 2.357727 -3.681364
3.354968 2.275000 -3.681364
3.354968 2.192273 -3.681364
3.354968 2.109545 -3.681364
3.354968 2.026818 -3.681364
3.354968 1.944091 -3.681364
3.354968 1.861364 -3.681364
3.354968 1.778636 -3.681364
3.354968 1.695909 -3.681364
3.354968 1.613182 -3.681364
3.354968 1.530454 -3.681364
3.354968 1.447727 -3.681364
3.354968 1.365000 -3.681364
3.354968 1.282273 -3.681364
3.354968 1.199545 -3.681364
3.354968 1.116818 -3.681364
3.354968 1.034091 -3.681364
3.354968 0.951364 -3.681364
3.354968 0.868636 -3.681364
3.354968 0.785909 -3.681364
3.354968 0.703182 -3.681364
3.354968 0.620455 -3.681364
3.354968 0.537727 -3.681364
3.354968 0.455000 -3.681364
3.354968 0.372273 -3.681364
3.354968 0.289546 -3.681364
3.354968 0.206818 -3.681364
3.354968 0.124091 -3.681364
3.354968 0.041364 -3.681364
3.345806 -0.290987 -3.679837
3.272734 -0.868224 -3.667658
3.127779 -1.431339 -3.643499
2.913298 -1.971167 -3.607752
2.632783 -2.478923 -3.560999
2.290794 -2.946351 -3.504001
1.892898 -3.365845 -3.437685
1.445569 -3.730576 -3.363131
0.956081 -4.034616 -3.281549
0.432400 -4.273015 -3.194269
-0.116951 -4.441895 -3.102710
-0.683042 -4.538510 -3.008362
-1.053577 -4.561848 -2.946606
-1.135147 -4.564157 -2.933011
-1.216717 -4.566467 -2.919416
-1.298287 -4.568777 -2.905821
-1.379856 -4.571087 -2.892226
-1.461426 -4.573397 -2.878631
-1.542996 -4.575707 -2.865036
-1.624566 -4.578017 -2.851441
-1.706136 -4.580327 -2.837846
-1.787706 -4.582637 -2.824251
-1.869275 -4.584947 -2.810656
-1.950845 -4.587256 -2.797061
-2.032415 -4.589566 -2.783466
-2.113985 -4.591876 -2.769871
-2.195555 -4.594186 -2.756276
-2.277125 -4.596496 -2.742682
-2.358695 -4.598806 -2.729086
-2.440265 -4.601116 -2.715492
-2.521834 -4.603426 -2.701897
-2.603404 -4.605736 -2.688302
-2.684974 -4.608046 -2.674707
-2.766544 -4.610355 -2.661112
-2.848114 -4.612665 -2.647517
-2.929684 -4.614975 -2.633922
-3.011254 -4.617285 -2.620327
-3.092823 -4.619595 -2.606732
-3.174393 -4.621904 -2.593137
-3.255963 -4.624214 -2.579542
-3.337533 -4.626524 -2.565947
-3.419103 -4.628834 -2.552352
-3.500673 -4.631144 -2.538757
-3.582243 -4.633454 -2.525162
-3.663813 -4.635764 -2.511567
-3.745382 -4.638074 -2.497972
-3.826952 -4.640384 -2.484377
-3.908522 -4.642694 -2.470782
-3.990092 -4.645003 -2.457187
-4.071662 -4.647313 -2.443592
3.354968 4.095000 -3.681364
3.354968 4.012272 -3.598636
3.354968 3.929545 -3.598636
3.354968 3.846818 -3.598636
3.354968 3.764091 -3.598636
3.354968 3.681364 -3.598636
3.354968 3.598636 -3.598636
3.354968 3.515909 -3.598636
3.354968 3.433182 -3.598636
3.354968 3.350454 -3.598636
3.354968 3.267727 -3.598636
3.354968 3.185000 -3.598636
3.354968 3.102273 -3.598636
3.354968 3.019545 -3.598636
3.354968 2.936818 -3.598636
3.354968 2.854091 -3.598636
3.354968 2.771363 -3.598636
3.354968 2.688636 -3.598636
3.354968 2.605909 -3.598636
3.354968 2.523182 -3.598636
3.354968 2.440454 -3.598636
3.354968 2.357727 -3.598636
3.354968 2.275000 -3.598636
3.354968 2.192273 -3.598636
3.354968 2.109545 -3.598636
3.354968 2.026818 -3.598636
3.354968 1.944091 -3.598636
3.354968 1.861364 -3.598636
3.354968 1.778636 -3.598636
3.354968 1.695909 -3.598636
3.354968 1.613182 -3.598636
3.354968 1.530454 -3.598636
3.354968 1.447727 -3.598636
3.354968 1.365000 -3.598636
3.354968 1.282273 -3.598636
3.354968 1.199545 -3.598636
3.354968 1.116818 -3.598636
3.354968 1.034091 -3.598636
3.354968 0.951364 -3.598636
3.354968 0.868636 -3.598636
3.354968 0.785909 -3.598636
3.354968 0.703182 -3.598636
3.354968 0.620455 -3.598636
3.354968 0.537727 -3.598636
3.354968 0.455000 -3.598636
3.354968 0.372273 -3.598636
3.354968 0.289546 -3.598636
3.354968 0.206818 -3.598636
3.354968 0.124091 -3.598636
3.354968 0.041364 -3.598636
3.345833 -0.290120 -3.597114
3.272979 -0.865636 -3.584971
3.128456 -1.427073 -3.560884
2.914614 -1.965291 -3.525244
2.634935 -2.471534 -3.478631
2.293966 -2.937568 -3.421803
1.897256 -3.355812 -3.355684
1.451261 -3.719456 -3.281352
0.963231 -4.022590 -3.200013
0.441111 -4.260278 -3.112993
-0.106602 -4.428655 -3.021708
-0.671005 -4.524981 -2.927641
-1.040536 -4.548253 -2.866052
-1.122106 -4.550563 -2.852457
-1.203676 -4.552873 -2.838862
-1.285246 -4.555182 -2.825267
-1.366815 -4.557492 -2.811672
-1.448385 -4.559802 -2.798077
-1.529956 -4.562112 -2.784482
-1.611525 -4.564422 -2.770887
-1.693095 -4.566731 -2.757292
-1.774665 -4.569041 -2.743697
-1.856235 -4.571352 -2.730103
-1.937805 -4.573661 -2.716507
-2.019375 -4.575971 -2.702912
-2.100944 -4.578281 -2.689317
-2.182514 -4.580591 -2.675723
-2.264084 -4.582901 -2.662127
-2.345654 -4.585211 -2.648533
-2.427224 -4.587521 -2.634938
-2.508793 -4.589830 -2.621343
-2.590363 -4.592140 -2.607748
-2.671933 -4.594450 -2.594153
-2.753503 -4.596760 -2.580558
-2.835073 -4.599070 -2.566963
-2.916643 -4.601380 -2.553368
-2.998213 -4.603690 -2.539773
-3.079782 -4.605999 -2.526178
-3.161353 -4.608310 -2.512583
-3.242922 -4.610620 -2.498988
-3.324492 -4.612929 -2.485393
-3.406062 -4.615239 -2.471798
-3.487632 -4.617549 -2.458203
-3.569202 -4.619859 -2.444608
-3.650772 -4.622169 -2.431013
-3.732342 -4.624478 -2.417418
-3.813912 -4.626788 -2.403823
-3.895481 -4.629098 -2.390228
-3.977051 -4.631408 -2.376633
-4.058621 -4.633718 -2.363038
3.354968 4.095000 -3.598636
3.354968 4.012272 -3.515909
3.354968 3.929545 -3.515909
3.354968 3.846818 -3.515909
3.354968 3.764091 -3.515909
3.354968 3.681364 -3.515909
3.354968 3.598636 -3.515909
3.354968 3.515909 -3.515909
3.354968 3.433182 -3.515909
3.354968 3.350454 -3.515909
3.354968 3.267727 -3.515909
3.354968 3.185000 -3.515909
3.354968 3.102273 -3.515909
3.354968 3.019545 -3.515909
3.354968 2.936818 -3.515909
3.354968 2.854091 -3.515909
3.354968 2.771363 -3.515909
3.354968 2.688636 -3.515909
3.354968 2.605909 -3.515909
3.354968 2.523182 -3.515909
3.354968 2.440454 -3.515909
3.354968 2.357727 -3.515909
3.354968 2.275000 -3.515909
3.354968 2.192273 -3.515909
3.354968 2.109545 -3.515909
3.354968 2.026818 -3.515909
3.354968 1.944091 -3.515909
3.354968 1.861364 -3.515909
3.354968 1.778636 -3.515909
3.354968 1.695909 -3.515909
3.354968 1.613182 -3.515909
3.354968 1.530454 -3.515909
3.354968 1.447727 -3.515909
3.354968 1.365000 -3.515909
3.354968 1.282273 -3.515909
3.354968 1.199545 -3.515909
3.354968 1.116818 -3.515909
3.354968 1.034091 -3.515909
3.354968 0.951364 -3.515909
3.354968 0.868636 -3.515909
3.354968 0.785909 -3.515909
3.354968 0.703182 -3.515909
3.354968 0.620455 -3.515909
3.354968 0.537727 -3.515909
3.354968 0.455000 -3.515909
3.354968 0.372273 -3.515909
3.354968 0.289546 -3.515909
3.354968 0.206818 -3.515909
3.354968 0.124091 -3.515909
3.354968 0.041364 -3.515909
3.345861 -0.289252 -3.514391
3.273225 -0.863048 -3.502285
3.129133 -1.422806 -3.478270
2.915931 -1.959416 -3.442736
2.637088 -2.464145 -3.396262
2.297138 -2.928786 -3.339604
1.901614 -3.345779 -3.273683
1.456952 -3.708336 -3.199573
0.970382 -4.010564 -3.118478
0.449823 -4.247542 -3.031718
-0.096253 -4.415415 -2.940706
-0.658969 -4.511454 -2.846920
-1.027496 -4.534657 -2.785498
-1.109065 -4.536968 -2.771904
-1.190635 -4.539278 -2.758308
-1.272205 -4.541587 -2.744714
-1.353775 -4.543898 -2.731118
-1.435345 -4.546207 -2.717524
-1.516915 -4.548517 -2.703928
-1.598484 -4.550827 -2.690334
-1.680054 -4.553137 -2.676739
-1.761625 -4.555447 -2.663144
-1.843194 -4.557756 -2.649549
-1.924764 -4.560066 -2.635954
-2.006334 -4.562376 -2.622359
-2.087904 -4.564686 -2.608764
-2.169474 -4.566996 -2.595169
-2.251044 -4.569306 -2.581574
-2.332613 -4.571616 -2.567979
-2.414183 -4.573926 -2.554384
-2.495753 -4.576236 -2.540789
-2.577323 -4.578546 -2.527194
-2.658893 -4.580855 -2.513599
-2.740463 -4.583165 -2.500004
-2.822032 -4.585475 -2.486409
-2.903603 -4.587785 -2.472814
-2.985172 -4.590095 -2.459219
-3.066742 -4.592404 -2.445624
-3.148312 -4.594715 -2.432029
-3.229882 -4.597024 -2.418434
-3.311451 -4.599334 -2.404839
-3.393022 -4.601645 -2.391244
-3.474591 -4.603954 -2.377649
-3.556161 -4.606264 -2.364054
-3.637731 -4.608574 -2.350459
-3.719301 -4.610884 -2.336864
-3.800871 -4.613194 -2.323269
-3.882440 -4.615503 -2.309674
-3.964010 -4.617813 -2.296079
-4.045580 -4.620123 -2.282484
3.354968 4.095000 -3.515909
3.354968 4.012272 -3.433182
3.354968 3.929545 -3.433182
3.354968 3.846818 -3.433182
3.354968 3.764091 -3.433182
3.354968 3.681364 -3.433182
3.354968 3.598636 -3.433182
3.354968 3.515909 -3.433182
3.354968 3.433182 -3.433182
3.354968 3.350454 -3.433182
3.354968 3.267727 -3.433182
3.354968 3.185000 -3.433182
3.354968 3.102273 -3.433182
3.354968 3.019545 -3.433182
3.354968 2.936818 -3.433182
3.354968 2.854091 -3.433182
3.354968 2.771363 -3.433182
3.354968 2.688636 -3.433182
3.354968 2.605909 -3.433182
3.354968 2.523182 -3.433182
3.354968 2.440454 -3.433182
3.354968 2.357727 -3.433182
3.354968 2.275000 -3.433182
3.354968 2.192273 -3.433182
3.354968 2.109545 -3.433182
3.354968 2.026818 -3.433182
3.354968 1.944091 -3.433182
3.354968 1.861364 -3.433182
3.354968 1.778636 -3.433182
3.354968 1.695909 -3.433182
3.354968 1.613182 -3.433182
3.354968 1.530454 -3.433182
3.354968 1.447727 -3.433182
3.354968 1.365000 -3.433182
3.354968 1.282273 -3.433182
3.354968 1.199545 -3.433182
3.354968 1.116818 -3.433182
3.354968 1.034091 -3.433182
3.354968 0.951364 -3.433182
3.354968 0.868636 -3.433182
3.354968 0.785909 -3.433182
3.354968 0.703182 -3.433182
3.354968 0.620455 -3.433182
3.354968 0.537727 -3.433182
3.354968 0.455000 -3.433182
3.354968 0.372273 -3.433182
3.354968 0.289546 -3.433182
3.354968 0.206818 -3.433182
3.354968 0.124091 -3.433182
3.354968 0.041364 -3.433182
3.345888 -0.288385 -3.431669
3.273470 -0.860460 -3.419599
3.129810 -1.418540 -3.395656
2.917247 -1.953540 -3.360228
2.639241 -2.456755 -3.313894
2.300310 -2.920004 -3.257406
1.905972 -3.335746 -3.191683
1.462644 -3.697216 -3.117795
0.977533 -3.998537 -3.036942
0.458534 -4.234805 -2.950443
-0.085904 -4.402174 -2.859703
-0.646932 -4.497925 -2.766198
-1.014455 -4.521063 -2.704945
-1.096025 -4.523373 -2.691350
-1.177595 -4.525682 -2.677755
-1.259165 -4.527992 -2.664160
-1.340734 -4.530302 -2.650565
-1.422304 -4.532612 -2.636970
-1.503874 -4.534922 -2.623375
-1.585444 -4.537232 -2.609780
-1.667014 -4.539542 -2.596185
-1.748584 -4.541852 -2.582590
-1.830153 -4.544162 -2.568995
-1.911723 -4.546472 -2.555400
-1.993294 -4.548781 -2.541805
-2.074863 -4.551091 -2.528210
-2.156433 -4.553401 -2.514615
-2.238003 -4.555711 -2.501020
-2.319573 -4.558021 -2.487425
-2.401143 -4.560330 -2.473830
-2.482712 -4.562640 -2.460235
-2.564282 -4.564950 -2.446640
-2.645852 -4.567260 -2.433045
-2.727422 -4.569570 -2.419450
-2.808992 -4.571880 -2.405855
-2.890562 -4.574190 -2.392260
-2.972131 -4.576500 -2.378665
-3.053701 -4.578810 -2.365070
-3.135271 -4.581120 -2.351475
-3.216841 -4.583429 -2.337880
-3.298411 -4.585739 -2.324286
-3.379981 -4.588049 -2.310690
-3.461550 -4.590359 -2.297095
-3.543121 -4.592669 -2.283500
-3.624691 -4.594979 -2.269906
-3.706260 -4.597289 -2.256310
-3.787830 -4.599598 -2.242715
-3.869400 -4.601909 -2.229121
-3.950970 -4.604218 -2.215526
-4.032540 -4.606528 -2.201931
3.354968 4.095000 -3.433182
3.354968 4.012272 -3.350454
3.354968 3.929545 -3.350454
3.354968 3.846818 -3.350454
3.354968 3.764091 -3.350454
3.354968 3.681364 -3.350454
3.354968 3.598636 -3.350454
3.354968 3.515909 -3.350454
3.354968 3.433182 -3.350454
3.354968 3.350454 -3.350454
3.354968 3.267727 -3.350454
3.354968 3.185000 -3.350454
3.354968 3.102273 -3.350454
3.354968 3.019545 -3.350454
3.354968 2.936818 -3.350454
3.354968 2.854091 -3.350454
3.354968 2.771363 -3.350454
3.354968 2.688636 -3.350454
3.354968 2.605909 -3.350454
3.354968 2.523182 -3.350454
3.354968 2.440454 -3.350454
3.354968 2.357727 -3.350454
3.354968 2.275000 -3.350454
3.354968 2.192273 -3.350454
3.354968 2.109545 -3.350454
3.354968 2.026818 -3.350454
3.354968 1.944091 -3.350454
3.354968 1.861364 -3.350454
3.354968 1.778636 -3.350454
3.354968 1.695909 -3.350454
3.354968 1.613182 -3.350454
3.354968 1.530454 -3.350454
3.354968 1.447727 -3.350454
3.354968 1.365000 -3.350454
3.354968 1.282273 -3.350454
3.354968 1.199545 -3.350454
3.354968 1.116818 -3.350454
3.354968 1.034091 -3.350454
3.354968 0.951364 -3.350454
3.354968 0.868636 -3.350454
3.354968 0.785909 -3.350454
3.354968 0.703182 -3.350454
3.354968 0.620455 -3.350454
3.354968 0.537727 -3.350454
3.354968 0.455000 -3.350454
3.354968 0.372273 -3.350454
3.354968 0.289546 -3.350454
3.354968 0.206818 -3.350454
3.354968 0.124091 -3.350454
3.354968 0.041364 -3.350454
3.345915 -0.287518 -3.348946
3.273715 -0.857872 -3.336912
3.130487 -1.414273 -3.313041
2.918564 -1.947665 -3.277720
2.641393 -2.449366 -3.231525
2.303482 -2.911221 -3.175207
1.910330 -3.325713 -3.109681
1.468335 -3.686096 -3.036016
0.984683 -3.986511 -2.955407
0.467246 -4.222068 -2.869167
-0.075555 -4.388934 -2.778701
-0.634896 -4.484397 -2.685477
-1.001414 -4.507468 -2.624391
-1.082984 -4.509778 -2.610796
-1.164554 -4.512088 -2.597201
-1.246124 -4.514398 -2.583606
-1.327693 -4.516707 -2.570011
-1.409263 -4.519017 -2.556416
-1.490833 -4.521327 -2.542821
-1.572403 -4.523637 -2.529226
-1.653973 -4.525947 -2.515631
-1.735543 -4.528256 -2.502036
-1.817113 -4.530567 -2.488441
-1.898683 -4.532876 -2.474846
-1.980253 -4.535186 -2.461251
-2.061822 -4.537497 -2.447656
-2.143392 -4.539806 -2.434061
-2.224962 -4.542116 -2.420466
-2.306532 -4.544426 -2.406871
-2.388102 -4.546736 -2.393276
-2.469671 -4.549046 -2.379681
-2.551242 -4.551355 -2.366086
-2.632812 -4.553665 -2.352491
-2.714381 -4.555975 -2.338896
-2.795951 -4.558285 -2.325301
-2.877521 -4.560595 -2.311706
-2.959091 -4.562905 -2.298111
-3.040661 -4.565215 -2.284516
-3.122231 -4.567525 -2.270921
-3.203800 -4.569835 -2.257326
-3.285370 -4.572145 -2.243731
-3.366940 -4.574454 -2.230136
-3.448510 -4.576764 -2.216542
-3.530080 -4.579074 -2.202946
-3.611650 -4.581384 -2.189352
-3.693220 -4.583694 -2.175756
-3.774790 -4.586003 -2.162162
-3.856359 -4.588314 -2.148567
-3.937929 -4.590623 -2.134972
-4.019499 -4.592933 -2.121377
3.354968 4.095000 -3.350454
3.354968 4.012272 -3.267727
3.354968 3.929545 -3.267727
3.354968 3.846818 -3.267727
3.354968 3.764091 -3.267727
3.354968 3.681364 -3.267727
3.354968 3.598636 -3.267727
3.354968 3.515909 -3.267727
3.354968 3.433182 -3.267727
3.354968 3.350454 -3.267727
3.354968 3.267727 -3.267727
3.354968 3.185000 -3.267727
3.354968 3.102273 -3.267727
3.354968 3.019545 -3.267727
3.354968 2.936818 -3.267727
3.354968 2.854091 -3.267727
3.354968 2.771363 -3.267727
3.354968 2.688636 -3.267727
3.354968 2.605909 -3.267727
3.354968 2.523182 -3.267727
3.354968 2.440454 -3.267727
3.354968 2.357727 -3.267727
3.354968 2.275000 -3.267727
3.354968 2.192273 -3.267727
3.354968 2.109545 -3.267727
3.354968 2.026818 -3.267727
3.354968 1.944091 -3.267727
3.354968 1.861364 -3.267727
3.354968 1.778636 -3.267727
3.354968 1.695909 -3.267727
3.354968 1.613182 -3.267727
3.354968 1.530454 -3.267727
3.354968 1.447727 -3.267727
3.354968 1.365000 -3.267727
3.354968 1.282273 -3.267727
3.354968 1.199545 -3.267727
3.354968 1.116818 -3.267727
3.354968 1.034091 -3.267727
3.354968 0.951364 -3.267727
3.354968 0.868636 -3.267727
3.354968 0.785909 -3.267727
3.354968 0.703182 -3.267727
3.354968 0.620455 -3.267727
3.354968 0.537727 -3.267727
3.354968 0.455000 -3.267727
3.354968 0.372273 -3.267727
3.354968 0.289546 -3.267727
3.354968 0.206818 -3.267727
3.354968 0.124091 -3.267727
3.354968 0.041364 -3.267727
3.345942 -0.286650 -3.266223
3.273960 -0.855284 -3.254226
3.131164 -1.410007 -3.230427
2.919880 -1.941789 -3.195213
2.643546 -2.441977 -3.149157
2.306654 -2.902439 -3.093008
1.914688 -3.315681 -3.027681
1.474027 -3.674976 -2.954237
0.991834 -3.974485 -2.873872
0.475958 -4.209331 -2.787892
-0.065206 -4.375694 -2.697698
-0.622860 -4.470868 -2.604756
-0.988374 -4.493873 -2.543837
-1.069943 -4.496182 -2.530242
-1.151513 -4.498492 -2.516647
-1.233083 -4.500802 -2.503052
-1.314653 -4.503112 -2.489457
-1.396223 -4.505422 -2.475862
-1.477793 -4.507732 -2.462267
-1.559363 -4.510042 -2.448672
-1.640932 -4.512352 -2.435077
-1.722502 -4.514662 -2.421482
-1.804072 -4.516972 -2.407887
-1.885642 -4.519281 -2.394292
-1.967212 -4.521591 -2.380697
-2.048782 -4.523901 -2.367102
-2.130352 -4.526211 -2.353507
-2.211922 -4.528521 -2.339912
-2.293491 -4.530831 -2.326317
-2.375061 -4.533141 -2.312722
-2.456631 -4.535450 -2.299128
-2.538201 -4.537761 -2.285532
-2.619771 -4.540071 -2.271937
-2.701340 -4.542380 -2.258343
-2.782910 -4.544690 -2.244748
-2.864480 -4.547000 -2.231153
-2.946050 -4.549310 -2.217558
-3.027620 -4.551620 -2.203963
-3.109190 -4.553929 -2.190367
-3.190760 -4.556239 -2.176773
-3.272330 -4.558549 -2.163178
-3.353900 -4.560859 -2.149583
-3.435469 -4.563169 -2.135988
-3.517040 -4.565479 -2.122393
-3.598609 -4.567789 -2.108798
-3.680179 -4.570099 -2.095203
-3.761749 -4.572409 -2.081608
-3.843318 -4.574718 -2.068013
-3.924888 -4.577028 -2.054418
-4.006458 -4.579338 -2.040823
3.354968 4.095000 -3.267727
3.354968 4.012272 -3.185000
3.354968 3.929545 -3.185000
3.354968 3.846818 -3.185000
3.354968 3.764091 -3.185000
3.354968 3.681364 -3.185000
3.354968 3.598636 -3.185000
3.354968 3.515909 -3.185000
3.354968 3.433182 -3.185000
3.354968 3.350454 -3.185000
3.354968 3.267727 -3.185000
3.354968 3.185000 -3.185000
3.354968 3.102273 -3.185000
3.354968 3.019545 -3.185000
3.354968 2.936818 -3.185000
3.354968 2.854091 -3.185000
3.354968 2.771363 -3.185000
3.354968 2.688636 -3.185000
3.354968 2.605909 -3.185000
3.354968 2.523182 -3.185000
3.354968 2.440454 -3.185000
3.354968 2.357727 -3.185000
3.354968 2.275000 -3.185000
3.354968 2.192273 -3.185000
3.354968 2.109545 -3.185000
3.354968 2.026818 -3.185000
3.354968 1.944091 -3.185000
3.354968 1.861364 -3.185000
3.354968 1.778636 -3.185000
3.354968 1.695909 -3.185000
3.354968 1.613182 -3.185000
3.354968 1.530454 -3.185000
3.354968 1.447727 -3.185000
3.354968 1.365000 -3.185000
3.354968 1.282273 -3.185000
3.354968 1.199545 -3.185000
3.354968 1.116818 -3.185000
3.354968 1.034091 -3.185000
3.354968 0.951364 -3.185000
3.354968 0.868636 -3.185000
3.354968 0.785909 -3.185000
3.354968 0.703182 -3.185000
3.354968 0.620455 -3.185000
3.354968 0.537727 -3.185000
3.354968 0.455000 -3.185000
3.354968 0.372273 -3.185000
3.354968 0.289546 -3.185000
3.354968 0.206818 -3.185000
3.354968 0.124091 -3.185000
3.354968 0.041364 -3.185000
3.345970 -0.285783 -3.183500
3.274205 -0.852696 -3.171540
3.131842 -1.405740 -3.147812
2.921197 -1.935913 -3.112705
2.645699 -2.434588 -3.066789
2.309826 -2.893656 -3.010810
1.919046 -3.305648 -2.945680
1.479718 -3.663856 -2.872458
0.998984 -3.962459 -2.792336
0.484669 -4.196594 -2.706617
-0.054857 -4.362453 -2.616696
-0.610823 -4.457340 -2.524035
-0.975333 -4.480278 -2.463283
-1.056903 -4.482588 -2.449688
-1.138473 -4.484898 -2.436093
-1.220043 -4.487207 -2.422498
-1.301612 -4.489517 -2.408903
-1.383182 -4.491827 -2.395308
-1.464752 -4.494137 -2.381713
-1.546322 -4.496447 -2.368119
-1.627892 -4.498757 -2.354523
-1.709462 -4.501067 -2.340929
-1.791031 -4.503377 -2.327333
-1.872601 -4.505687 -2.313739
-1.954171 -4.507997 -2.300143
-2.035741 -4.510306 -2.286549
-2.117311 -4.512616 -2.272954
-2.198881 -4.514926 -2.259359
-2.280451 -4.517236 -2.245764
-2.362021 -4.519546 -2.232169
-2.443590 -4.521855 -2.218574
-2.525160 -4.524166 -2.204979
-2.606730 -4.526475 -2.191384
-2.688300 -4.528785 -2.177789
-2.769870 -4.531096 -2.164194
-2.851440 -4.533405 -2.150599
-2.933010 -4.535715 -2.137004
-3.014579 -4.538025 -2.123409
-3.096149 -4.540335 -2.109814
-3.177719 -4.542645 -2.096219
-3.259289 -4.544954 -2.082624
-3.340859 -4.547264 -2.069029
-3.422429 -4.549574 -2.055434
-3.503999 -4.551884 -2.041839
-3.585568 -4.554194 -2.028244
-3.667138 -4.556504 -2.014649
-3.748708 -4.558814 -2.001054
-3.830277 -4.561124 -1.987459
-3.911848 -4.563434 -1.973864
-3.993418 -4.565743 -1.960269
3.354968 4.095000 -3.185000
3.354968 4.012272 -3.102273
3.354968 3.929545 -3.102273
3.354968 3.846818 -3.102273
3.354968 3.764091 -3.102273
3.354968 3.681364 -3.102273
3.354968 3.598636 -3.102273
3.354968 3.515909 -3.102273
3.354968 3.433182 -3.102273
3.354968 3.350454 -3.102273
3.354968 3.267727 -3.102273
3.354968 3.185000 -3.102273
3.354968 3.102273 -3.102273
3.354968 3.019545 -3.102273
3.354968 2.936818 -3.102273
3.354968 2.854091 -3.102273
3.354968 2.771363 -3.102273
3.354968 2.688636 -3.102273
3.354968 2.605909 -3.102273
3.354968 2.523182 -3.102273
3.354968 2.440454 -3.102273
3.354968 2.357727 -3.102273
3.354968 2.275000 -3.102273
3.354968 2.192273 -3.102273
3.354968 2.109545 -3.102273
3.354968 2.026818 -3.102273
3.354968 1.944091 -3.102273
3.354968 1.861364 -3.102273
3.354968 1.778636 -3.102273
3.354968 1.695909 -3.102273
3.354968 1.613182 -3.102273
3.354968 1.530454 -3.102273
3.354968 1.447727 -3.102273
3.354968 1.365000 -3.102273
3.354968 1.282273 -3.102273
3.354968 1.199545 -3.102273
3.354968 1.116818 -3.102273
3.354968 1.034091 -3.102273
3.354968 0.951364 -3.102273
3.354968 0.868636 -3.102273
3.354968 0.785909 -3.102273
3.354968 0.703182 -3.102273
3.354968 0.620455 -3.102273
3.354968 0.537727 -3.102273
3.354968 0.455000 -3.102273
3.354968 0.372273 -3.102273
3.354968 0.289546 -3.102273
3.354968 0.206818 -3.102273
3.354968 0.124091 -3.102273
3.354968 0.041364 -3.102273
3.345997 -0.284916 -3.100778
3.274450 -0.850108 -3.088853
3.132519 -1.401474 -3.065198
2.922513 -1.930038 -3.030197
2.647851 -2.427199 -2.984420
2.312999 -2.884874 -2.928611
1.923404 -3.295615 -2.863679
1.485409 -3.652736 -2.790679
1.006135 -3.950432 -2.710800
0.493380 -4.183857 -2.625341
-0.044509 -4.349213 -2.535693
-0.598787 -4.443812 -2.443314
-0.962292 -4.466682 -2.382729
-1.043862 -4.468993 -2.369134
-1.125432 -4.471303 -2.355539
-1.207002 -4.473612 -2.341944
-1.288572 -4.475923 -2.328349
-1.370142 -4.478232 -2.314754
-1.451712 -4.480542 -2.301159
-1.533281 -4.482852 -2.287565
-1.614851 -4.485162 -2.273969
-1.696421 -4.487472 -2.260375
-1.777991 -4.489781 -2.246779
-1.859561 -4.492091 -2.233185
-1.941131 -4.494401 -2.219589
-2.022700 -4.496711 -2.205995
-2.104270 -4.499021 -2.192400
-2.185840 -4.501331 -2.178805
-2.267410 -4.503641 -2.165210
-2.348980 -4.505951 -2.151615
-2.430549 -4.508261 -2.138020
-2.512120 -4.510571 -2.124425
-2.593689 -4.512880 -2.110830
-2.675259 -4.515190 -2.097235
-2.756829 -4.517500 -2.083640
-2.838399 -4.519810 -2.070045
-2.919969 -4.522120 -2.056450
-3.001539 -4.524429 -2.042855
-3.083109 -4.526740 -2.029260
-3.164678 -4.529049 -2.015665
-3.246248 -4.531359 -2.002070
-3.327818 -4.533669 -1.988475
-3.409388 -4.535979 -1.974880
-3.490958 -4.538289 -1.961285
-3.572528 -4.540599 -1.947690
-3.654098 -4.542909 -1.934095
-3.735668 -4.545218 -1.920500
-3.817237 -4.547528 -1.906905
-3.898807 -4.549838 -1.893310
-3.980377 -4.552148 -1.879715
3.354968 4.095000 -3.102273
3.354968 4.012272 -3.019546
3.354968 3.929545 -3.019546
3.354968 3.846818 -3.019546
3.354968 3.764091 -3.019546
3.354968 3.681364 -3.019546
3.354968 3.598636 -3.019546
3.354968 3.515909 -3.019546
3.354968 3.433182 -3.019546
3.354968 3.350454 -3.019546
3.354968 3.267727 -3.019546
3.354968 3.185000 -3.019546
3.354968 3.102273 -3.019546
3.354968 3.019545 -3.019546
3.354968 2.936818 -3.019546
3.354968 2.854091 -3.019546
3.354968 2.771363 -3.019546
3.354968 2.688636 -3.019546
3.354968 2.605909 -3.019546
3.354968 2.523182 -3.019546
3.354968 2.440454 -3.019546
3.354968 2.357727 -3.019546
3.354968 2.275000 -3.019546
3.354968 2.192273 -3.019546
3.354968 2.109545 -3.019546
3.354968 2.026818 -3.019546
3.354968 1.944091 -3.019546
3.354968 1.861364 -3.019546
3.354968 1.778636 -3.019546
3.354968 1.695909 -3.019546
3.354968 1.613182 -3.019546
3.354968 1.530454 -3.019546
3.354968 1.447727 -3.019546
3.354968 1.365000 -3.019546
3.354968 1.282273 -3.019546
3.354968 1.199545 -3.019546
3.354968 1.116818 -3.019546
3.354968 1.034091 -3.019546
3.354968 0.951364 -3.019546
3.354968 0.868636 -3.019546
3.354968 0.785909 -3.019546
3.354968 0.703182 -3.019546
3.354968 0.620455 -3.019546
3.354968 0.537727 -3.019546
3.354968 0.455000 -3.019546
3.354968 0.372273 -3.019546
3.354968 0.289546 -3.019546
3.354968 0.206818 -3.019546
3.354968 0.124091 -3.019546
3.354968 0.041364 -3.019546
3.346025 -0.284048 -3.018055
3.274695 -0.847520 -3.006167
3.133196 -1.397207 -2.982584
2.923830 -1.924162 -2.947689
2.650004 -2.419810 -2.902051
2.316170 -2.876092 -2.846413
1.927762 -3.285582 -2.781678
1.491101 -3.641616 -2.708901
1.013285 -3.938406 -2.629265
0.502092 -4.171120 -2.544066
-0.034160 -4.335973 -2.454691
-0.586751 -4.430284 -2.362592
-0.949252 -4.453088 -2.302176
-1.030821 -4.455398 -2.288581
-1.112391 -4.457707 -2.274986
-1.193961 -4.460017 -2.261391
-1.275531 -4.462327 -2.247796
-1.357101 -4.464637 -2.234201
-1.438671 -4.466947 -2.220606
-1.520241 -4.469257 -2.207011
-1.601811 -4.471567 -2.193416
-1.683380 -4.473877 -2.179821
-1.764950 -4.476187 -2.166226
-1.846520 -4.478497 -2.152631
-1.928090 -4.480806 -2.139036
-2.009660 -4.483116 -2.125441
-2.091230 -4.485426 -2.111846
-2.172800 -4.487736 -2.098251
-2.254369 -4.490046 -2.084656
-2.335939 -4.492356 -2.071061
-2.417509 -4.494666 -2.057466
-2.499079 -4.496976 -2.043871
-2.580649 -4.499286 -2.030276
-2.662219 -4.501595 -2.016681
-2.743789 -4.503905 -2.003086
-2.825358 -4.506215 -1.989491
-2.906928 -4.508525 -1.975896
-2.988498 -4.510835 -1.962301
-3.070068 -4.513144 -1.948706
-3.151638 -4.515454 -1.935111
-3.233208 -4.517764 -1.921516
-3.314778 -4.520074 -1.907921
-3.396348 -4.522384 -1.894326
-3.477918 -4.524694 -1.880731
-3.559487 -4.527004 -1.867136
-3.641057 -4.529314 -1.853541
-3.722627 -4.531624 -1.839946
-3.804196 -4.533934 -1.826351
-3.885767 -4.536243 -1.812756
-3.967337 -4.538553 -1.799161
3.354968 4.095000 -3.019546
3.354968 4.012272 -2.936818
3.354968 3.929545 -2.936818
3.354968 3.846818 -2.936818
3.354968 3.764091 -2.936818
3.354968 3.681364 -2.936818
3.354968 3.598636 -2.936818
3.354968 3.515909 -2.936818
3.354968 3.433182 -2.936818
3.354968 3.350454 -2.936818
3.354968 3.267727 -2.936818
3.354968 3.185000 -2.936818
3.354968 3.102273 -2.936818
3.354968 3.019545 -2.936818
3.354968 2.936818 -2.936818
3.354968 2.854091 -2.936818
3.354968 2.771363 -2.936818
3.354968 2.688636 -2.936818
3.354968 2.605909 -2.936818
3.354968 2.523182 -2.936818
3.354968 2.440454 -2.936818
3.354968 2.357727 -2.936818
3.354968 2.275000 -2.936818
3.354968 2.192273 -2.936818
3.354968 2.109545 -2.936818
3.354968 2.026818 -2.936818
3.354968 1.944091 -2.936818
3.354968 1.861364 -2.936818
3.354968 1.778636 -2.936818
3.354968 1.695909 -2.936818
3.354968 1.613182 -2.936818
3.354968 1.530454 -2.936818
3.354968 1.447727 -2.936818
3.354968 1.365000 -2.936818
3.354968 1.282273 -2.936818
3.354968 1.199545 -2.936818
3.354968 1.116818 -2.936818
3.354968 1.034091 -2.936818
3.354968 0.951364 -2.936818
3.354968 0.868636 -2.936818
3.354968 0.785909 -2.936818
3.354968 0.703182 -2.936818
3.354968 0.620455 -2.936818
3.354968 0.537727 -2.936818
3.354968 0.455000 -2.936818
3.354968 0.372273 -2.936818
3.354968 0.289546 -2.936818
3.354968 0.206818 -2.936818
3.354968 0.124091 -2.936818
3.354968 0.041364 -2.936818
3.346052 -0.283181 -2.935332
3.274940 -0.844932 -2.923481
3.133873 -1.392941 -2.899969
2.925146 -1.918287 -2.865181
2.652157 -2.412421 -2.819683
2.319343 -2.867309 -2.764214
1.932121 -3.275549 -2.699677
1.496793 -3.630496 -2.627122
1.020436 -3.926380 -2.547729
0.510804 -4.158383 -2.462791
-0.023810 -4.322733 -2.373688
-0.574714 -4.416756 -2.281871
-0.936211 -4.439493 -2.221622
-1.017781 -4.441803 -2.208027
-1.099351 -4.444113 -2.194432
-1.180921 -4.446423 -2.180837
-1.262490 -4.448732 -2.167242
-1.344060 -4.451042 -2.153647
-1.425630 -4.453352 -2.140052
-1.507200 -4.455662 -2.126457
-1.588770 -4.457972 -2.112862
-1.670340 -4.460282 -2.099267
-1.751909 -4.462592 -2.085672
-1.833480 -4.464902 -2.072077
-1.915049 -4.467212 -2.058482
-1.996619 -4.469522 -2.044887
-2.078189 -4.471831 -2.031292
-2.159759 -4.474141 -2.017697
-2.241329 -4.476451 -2.004102
-2.322899 -4.478761 -1.990507
-2.404468 -4.481071 -1.976912
-2.486038 -4.483381 -1.963317
-2.567608 -4.485691 -1.949722
-2.649178 -4.488000 -1.936127
-2.730748 -4.490311 -1.922532
-2.812318 -4.492620 -1.908937
-2.893888 -4.494930 -1.895342
-2.975457 -4.497240 -1.881747
-3.057028 -4.499550 -1.868152
-3.138597 -4.501860 -1.854558
-3.220167 -4.504169 -1.840962
-3.301737 -4.506479 -1.827367
-3.383307 -4.508789 -1.813773
-3.464877 -4.511099 -1.800178
-3.546447 -4.513409 -1.786582
-3.628016 -4.515719 -1.772988
-3.709586 -4.518029 -1.759392
-3.791156 -4.520339 -1.745798
-3.872726 -4.522649 -1.732203
-3.954296 -4.524959 -1.718608
3.354968 4.095000 -2.936818
3.354968 4.012272 -2.854091
3.354968 3.929545 -2.854091
3.354968 3.846818 -2.854091
3.354968 3.764091 -2.854091
3.354968 3.681364 -2.854091
3.354968 3.598636 -2.854091
3.354968 3.515909 -2.854091
3.354968 3.433182 -2.854091
3.354968 3.350454 -2.854091
3.354968 3.267727 -2.854091
3.354968 3.185000 -2.854091
3.354968 3.102273 -2.854091
3.354968 3.019545 -2.854091
3.354968 2.936818 -2.854091
3.354968 2.854091 -2.854091
3.354968 2.771363 -2.854091
3.354968 2.688636 -2.854091
3.354968 2.605909 -2.854091
3.354968 2.523182 -2.854091
3.354968 2.440454 -2.854091
3.354968 2.357727 -2.854091
3.354968 2.275000 -2.854091
3.354968 2.192273 -2.854091
3.354968 2.109545 -2.854091
3.354968 2.026818 -2.854091
3.354968 1.944091 -2.854091
3.354968 1.861364 -2.854091
3.354968 1.778636 -2.854091
3.354968 1.695909 -2.854091
3.354968 1.613182 -2.854091
3.354968 1.530454 -2.854091
3.354968 1.447727 -2.854091
3.354968 1.365000 -2.854091
3.354968 1.282273 -2.854091
3.354968 1.199545 -2.854091
3.354968 1.116818 -2.854091
3.354968 1.034091 -2.854091
3.354968 0.951364 -2.854091
3.354968 0.868636 -2.854091
3.354968 0.785909 -2.854091
3.354968 0.703182 -2.854091
3.354968 0.620455 -2.854091
3.354968 0.537727 -2.854091
3.354968 0.455000 -2.854091
3.354968 0.372273 -2.854091
3.354968 0.289546 -2.854091
3.354968 0.206818 -2.854091
3.354968 0.124091 -2.854091
3.354968 0.041364 -2.854091
3.346079 -0.282314 -2.852609
3.275186 -0.842344 -2.840794
3.134550 -1.388674 -2.817355
2.926463 -1.912411 -2.782673
2.654310 -2.405032 -2.737314
2.322515 -2.858527 -2.682015
1.936479 -3.265516 -2.617676
1.502484 -3.619376 -2.545344
1.027586 -3.914353 -2.466194
0.519515 -4.145647 -2.381516
-0.013461 -4.309493 -2.292686
-0.562678 -4.403227 -2.201150
-0.923170 -4.425898 -2.141068
-1.004740 -4.428208 -2.127473
-1.086310 -4.430518 -2.113878
-1.167880 -4.432827 -2.100283
-1.249449 -4.435138 -2.086688
-1.331020 -4.437448 -2.073093
-1.412590 -4.439757 -2.059498
-1.494159 -4.442067 -2.045903
-1.575729 -4.444377 -2.032308
-1.657299 -4.446687 -2.018713
-1.738869 -4.448997 -2.005118
-1.820439 -4.451306 -1.991523
-1.902009 -4.453616 -1.977928
-1.983578 -4.455926 -1.964333
-2.065149 -4.458236 -1.950738
-2.146718 -4.460546 -1.937143
-2.228288 -4.462856 -1.923548
-2.309858 -4.465166 -1.909953
-2.391427 -4.467476 -1.896358
-2.472997 -4.469786 -1.882763
-2.554568 -4.472095 -1.869168
-2.636137 -4.474405 -1.855573
-2.717707 -4.476715 -1.841978
-2.799277 -4.479025 -1.828383
-2.880847 -4.481335 -1.814788
-2.962417 -4.483644 -1.801193
-3.043987 -4.485955 -1.787598
-3.125556 -4.488265 -1.774004
-3.207126 -4.490574 -1.760409
-3.288696 -4.492885 -1.746814
-3.370266 -4.495194 -1.733219
-3.451836 -4.497504 -1.719624
-3.533406 -4.499814 -1.706029
-3.614975 -4.502124 -1.692434
-3.696546 -4.504434 -1.678839
-3.778115 -4.506743 -1.665244
-3.859685 -4.509053 -1.651649
-3.941255 -4.511363 -1.638054
3.354968 4.095000 -2.854091
3.354968 4.012272 -2.771364
3.354968 3.929545 -2.771364
3.354968 3.846818 -2.771364
3.354968 3.764091 -2.771364
3.354968 3.681364 -2.771364
3.354968 3.598636 -2.771364
3.354968 3.515909 -2.771364
3.354968 3.433182 -2.771364
3.354968 3.350454 -2.771364
3.354968 3.267727 -2.771364
3.354968 3.185000 -2.771364
3.354968 3.102273 -2.771364
3.354968 3.019545 -2.771364
3.354968 2.936818 -2.771364
3.354968 2.854091 -2.771364
3.354968 2.771363 -2.771364
3.354968 2.688636 -2.771364
3.354968 2.605909 -2.771364
3.354968 2.523182 -2.771364
3.354968 2.440454 -2.771364
3.354968 2.357727 -2.771364
3.354968 2.275000 -2.771364
3.354968 2.192273 -2.771364
3.354968 2.109545 -2.771364
3.354968 2.026818 -2.771364
3.354968 1.944091 -2.771364
3.354968 1.861364 -2.771364
3.354968 1.778636 -2.771364
3.354968 1.695909 -2.771364
3.354968 1.613182 -2.771364
3.354968 1.530454 -2.771364
3.354968 1.447727 -2.771364
3.354968 1.365000 -2.771364
3.354968 1.282273 -2.771364
3.354968 1.199545 -2.771364
3.354968 1.116818 -2.771364
3.354968 1.034091 -2.771364
3.354968 0.951364 -2.771364
3.354968 0.868636 -2.771364
3.354968 0.785909 -2.771364
3.354968 0.703182 -2.771364
3.354968 0.620455 -2.771364
3.354968 0.537727 -2.771364
3.354968 0.455000 -2.771364
3.354968 0.372273 -2.771364
3.354968 0.289546 -2.771364
3.354968 0.206818 -2.771364
3.354968 0.124091 -2.771364
3.354968 0.041364 -2.771364
3.346106 -0.281446 -2.769887
3.275430 -0.839756 -2.758107
3.135227 -1.384408 -2.734740
2.927779 -1.906536 -2.700166
2.656462 -2.397643 -2.654946
2.325687 -2.849745 -2.599817
1.940837 -3.255484 -2.535675
1.508175 -3.608256 -2.463565
1.034737 -3.902327 -2.384659
0.528226 -4.132910 -2.300240
-0.003113 -4.296252 -2.211684
-0.550641 -4.389699 -2.120429
-0.910130 -4.412303 -2.060514
-0.991699 -4.414613 -2.046919
-1.073269 -4.416923 -2.033324
-1.154839 -4.419232 -2.019729
-1.236409 -4.421542 -2.006134
-1.317979 -4.423852 -1.992539
-1.399549 -4.426162 -1.978944
-1.481118 -4.428472 -1.965349
-1.562689 -4.430782 -1.951754
-1.644259 -4.433092 -1.938159
-1.725828 -4.435402 -1.924564
-1.807398 -4.437712 -1.910969
-1.888968 -4.440022 -1.897374
-1.970538 -4.442331 -1.883780
-2.052108 -4.444641 -1.870184
-2.133678 -4.446951 -1.856589
-2.215247 -4.449261 -1.842994
-2.296817 -4.451571 -1.829400
-2.378387 -4.453880 -1.815805
-2.459957 -4.456191 -1.802210
-2.541527 -4.458500 -1.788615
-2.623096 -4.460810 -1.775020
-2.704667 -4.463120 -1.761425
-2.786237 -4.465430 -1.747830
-2.867806 -4.467740 -1.734235
-2.949376 -4.470050 -1.720640
-3.030946 -4.472360 -1.707045
-3.112516 -4.474669 -1.693450
-3.194086 -4.476979 -1.679855
-3.275656 -4.479289 -1.666260
-3.357225 -4.481599 -1.652665
-3.438796 -4.483909 -1.639070
-3.520365 -4.486219 -1.625475
-3.601935 -4.488529 -1.611880
-3.683505 -4.490839 -1.598285
-3.765074 -4.493149 -1.584690
-3.846644 -4.495459 -1.571095
-3.928215 -4.497768 -1.557500
3.354968 4.095000 -2.771364
3.354968 4.012272 -2.688637
3.354968 3.929545 -2.688637
3.354968 3.846818 -2.688637
3.354968 3.764091 -2.688637
3.354968 3.681364 -2.688637
3.354968 3.598636 -2.688637
3.354968 3.515909 -2.688637
3.354968 3.433182 -2.688637
3.354968 3.350454 -2.688637
3.354968 3.267727 -2.688637
3.354968 3.185000 -2.688637
3.354968 3.102273 -2.688637
3.354968 3.019545 -2.688637
3.354968 2.936818 -2.688637
3.354968 2.854091 -2.688637
3.354968 2.771363 -2.688637
3.354968 2.688636 -2.688637
3.354968 2.605909 -2.688637
3.354968 2.523182 -2.688637
3.354968 2.440454 -2.688637
3.354968 2.357727 -2.688637
3.354968 2.275000 -2.688637
3.354968 2.192273 -2.688637
3.354968 2.109545 -2.688637
3.354968 2.026818 -2.688637
3.354968 1.944091 -2.688637
3.354968 1.861364 -2.688637
3.354968 1.778636 -2.688637
3.354968 1.695909 -2.688637
3.354968 1.613182 -2.688637
3.354968 1.530454 -2.688637
3.354968 1.447727 -2.688637
3.354968 1.365000 -2.688637
3.354968 1.282273 -2.688637
3.354968 1.199545 -2.688637
3.354968 1.116818 -2.688637
3.354968 1.034091 -2.688637
3.354968 0.951364 -2.688637
3.354968 0.868636 -2.688637
3.354968 0.785909 -2.688637
3.354968 0.703182 -2.688637
3.354968 0.620455 -2.688637
3.354968 0.537727 -2.688637
3.354968 0.455000 -2.688637
3.354968 0.372273 -2.688637
3.354968 0.289546 -2.688637
3.354968 0.206818 -2.688637
3.354968 0.124091 -2.688637
3.354968 0.041364 -2.688637
3.346133 -0.280579 -2.687164
3.275676 -0.837168 -2.675421
3.135905 -1.380141 -2.652126
2.929096 -1.900660 -2.617658
2.658615 -2.390254 -2.572578
2.328859 -2.840962 -2.517618
1.945195 -3.245451 -2.453674
1.513867 -3.597136 -2.381786
1.041887 -3.890301 -2.303123
0.536938 -4.120173 -2.218965
0.007236 -4.283012 -2.130681
-0.538605 -4.376171 -2.039708
-0.897089 -4.398708 -1.979960
-0.978659 -4.401018 -1.966365
-1.060229 -4.403328 -1.952770
-1.141799 -4.405638 -1.939175
-1.223368 -4.407948 -1.925581
-1.304938 -4.410257 -1.911986
-1.386508 -4.412567 -1.898391
-1.468078 -4.414877 -1.884796
-1.549648 -4.417187 -1.871201
-1.631218 -4.419497 -1.857606
-1.712787 -4.421807 -1.844011
-1.794358 -4.424117 -1.830416
-1.875928 -4.426426 -1.816821
-1.957497 -4.428737 -1.803226
-2.039067 -4.431046 -1.789631
-2.120637 -4.433356 -1.776036
-2.202207 -4.435666 -1.762441
-2.283777 -4.437976 -1.748846
-2.365346 -4.440286 -1.735251
-2.446916 -4.442595 -1.721656
-2.528486 -4.444905 -1.708061
-2.610056 -4.447215 -1.694466
-2.691626 -4.449525 -1.680871
-2.773196 -4.451835 -1.667276
-2.854766 -4.454145 -1.653681
-2.936335 -4.456455 -1.640086
-3.017905 -4.458765 -1.626491
-3.099475 -4.461075 -1.612896
-3.181045 -4.463385 -1.599301
-3.262615 -4.465694 -1.585706
-3.344185 -4.468004 -1.572111
-3.425755 -4.470314 -1.558516
-3.507325 -4.472624 -1.544921
-3.588894 -4.474934 -1.531326
-3.670464 -4.477243 -1.517731
-3.752034 -4.479554 -1.504136
-3.833604 -4.481863 -1.490541
-3.915174 -4.484173 -1.476946
3.354968 4.095000 -2.688637
3.354968 4.012272 -2.605909
3.354968 3.929545 -2.605909
3.354968 3.846818 -2.605909
3.354968 3.764091 -2.605909
3.354968 3.681364 -2.605909
3.354968 3.598636 -2.605909
3.354968 3.515909 -2.605909
3.354968 3.433182 -2.605909
3.354968 3.350454 -2.605909
3.354968 3.267727 -2.605909
3.354968 3.185000 -2.605909
3.354968 3.102273 -2.605909
3.354968 3.019545 -2.605909
3.354968 2.936818 -2.605909
3.354968 2.854091 -2.605909
3.354968 2.771363 -2.605909
3.354968 2.688636 -2.605909
3.354968 2.605909 -2.605909
3.354968 2.523182 -2.605909
3.354968 2.440454 -2.605909
3.354968 2.357727 -2.605909
3.354968 2.275000 -2.605909
3.354968 2.192273 -2.605909
3.354968 2.109545 -2.605909
3.354968 2.026818 -2.605909
3.354968 1.944091 -2.605909
3.354968 1.861364 -2.605909
3.354968 1.778636 -2.605909
3.354968 1.695909 -2.605909
3.354968 1.613182 -2.605909
3.354968 1.530454 -2.605909
3.354968 1.447727 -2.605909
3.354968 1.365000 -2.605909
3.354968 1.282273 -2.605909
3.354968 1.199545 -2.605909
3.354968 1.116818 -2.605909
3.354968 1.034091 -2.605909
3.354968 0.951364 -2.605909
3.354968 0.868636 -2.605909
3.354968 0.785909 -2.605909
3.354968 0.703182 -2.605909
3.354968 0.620455 -2.605909
3.354968 0.537727 -2.605909
3.354968 0.455000 -2.605909
3.354968 0.372273 -2.605909
3.354968 0.289546 -2.605909
3.354968 0.206818 -2.605909
3.354968 0.124091 -2.605909
3.354968 0.041364 -2.605909
3.346161 -0.279711 -2.604441
3.275921 -0.834580 -2.592734
3.136582 -1.375875 -2.569511
2.930412 -1.894784 -2.535150
2.660768 -2.382864 -2.490209
2.332031 -2.832180 -2.435420
1.949553 -3.235418 -2.371673
1.519558 -3.586016 -2.300007
1.049038 -3.878275 -2.221587
0.545650 -4.107436 -2.137689
0.017585 -4.269772 -2.049679
-0.526569 -4.362642 -1.958986
-0.884048 -4.385113 -1.899406
-0.965618 -4.387423 -1.885811
-1.047188 -4.389733 -1.872216
-1.128758 -4.392043 -1.858621
-1.210328 -4.394353 -1.845026
-1.291898 -4.396663 -1.831431
-1.373468 -4.398973 -1.817836
-1.455037 -4.401282 -1.804241
-1.536607 -4.403592 -1.790647
-1.618177 -4.405902 -1.777051
-1.699747 -4.408212 -1.763457
-1.781317 -4.410522 -1.749861
-1.862887 -4.412831 -1.736267
-1.944456 -4.415142 -1.722672
-2.026026 -4.417451 -1.709077
-2.107596 -4.419761 -1.695482
-2.189166 -4.422071 -1.681887
-2.270736 -4.424381 -1.668292
-2.352305 -4.426691 -1.654697
-2.433876 -4.429001 -1.641102
-2.515446 -4.431311 -1.627507
-2.597015 -4.433620 -1.613912
-2.678585 -4.435930 -1.600317
-2.760155 -4.438240 -1.586722
-2.841725 -4.440550 -1.573127
-2.923295 -4.442860 -1.559532
-3.004865 -4.445170 -1.545937
-3.086434 -4.447480 -1.532342
-3.168005 -4.449790 -1.518747
-3.249575 -4.452100 -1.505152
-3.331144 -4.454410 -1.491557
-3.412714 -4.456719 -1.477962
-3.494284 -4.459029 -1.464367
-3.575854 -4.461339 -1.450772
-3.657424 -4.463649 -1.437177
-3.738993 -4.465959 -1.423582
-3.820563 -4.468268 -1.409987
-3.902133 -4.470578 -1.396392
3.354968 4.095000 -2.605909
3.354968 4.012272 -2.523182
3.354968 3.929545 -2.523182
3.354968 3.846818 -2.523182
3.354968 3.764091 -2.523182
3.354968 3.681364 -2.523182
3.354968 3.598636 -2.523182
3.354968 3.515909 -2.523182
3.354968 3.433182 -2.523182
3.354968 3.350454 -2.523182
3.354968 3.267727 -2.523182
3.354968 3.185000 -2.523182
3.354968 3.102273 -2.523182
3.354968 3.019545 -2.523182
3.354968 2.936818 -2.523182
3.354968 2.854091 -2.523182
3.354968 2.771363 -2.523182
3.354968 2.688636 -2.523182
3.354968 2.605909 -2.523182
3.354968 2.523182 -2.523182
3.354968 2.440454 -2.523182
3.354968 2.357727 -2.523182
3.354968 2.275000 -2.523182
3.354968 2.192273 -2.523182
3.354968 2.109545 -2.523182
3.354968 2.026818 -2.523182
3.354968 1.944091 -2.523182
3.354968 1.861364 -2.523182
3.354968 1.778636 -2.523182
3.354968 1.695909 -2.523182
3.354968 1.613182 -2.523182
3.354968 1.530454 -2.523182
3.354968 1.447727 -2.523182
3.354968 1.365000 -2.523182
3.354968 1.282273 -2.523182
3.354968 1.199545 -2.523182
3.354968 1.116818 -2.523182
3.354968 1.034091 -2.523182
3.354968 0.951364 -2.523182
3.354968 0.868636 -2.523182
3.354968 0.785909 -2.523182
3.354968 0.703182 -2.523182
3.354968 0.620455 -2.523182
3.354968 0.537727 -2.523182
3.354968 0.455000 -2.523182
3.354968 0.372273 -2.523182
3.354968 0.289546 -2.523182
3.354968 0.206818 -2.523182
3.354968 0.124091 -2.523182
3.354968 0.041364 -2.523182
3.346188 -0.278844 -2.521719
3.276166 -0.831992 -2.510048
3.137259 -1.371608 -2.486897
2.931729 -1.888909 -2.452642
2.662920 -2.375475 -2.407840
2.335203 -2.823397 -2.353221
1.953911 -3.225385 -2.289672
1.525250 -3.574896 -2.218229
1.056188 -3.866248 -2.140052
0.554361 -4.094699 -2.056414
0.027934 -4.256532 -1.968676
-0.514532 -4.349114 -1.878265
-0.871008 -4.371518 -1.818853
-0.952577 -4.373828 -1.805258
-1.034147 -4.376138 -1.791663
-1.115717 -4.378448 -1.778068
-1.197287 -4.380757 -1.764473
-1.278857 -4.383067 -1.750878
-1.360427 -4.385377 -1.737283
-1.441996 -4.387687 -1.723688
-1.523566 -4.389997 -1.710093
-1.605137 -4.392307 -1.696498
-1.686706 -4.394617 -1.682903
-1.768276 -4.396927 -1.669308
-1.849846 -4.399237 -1.655713
-1.931416 -4.401546 -1.642118
-2.012986 -4.403856 -1.628523
-2.094556 -4.406166 -1.614928
-2.176125 -4.408476 -1.601333
-2.257695 -4.410786 -1.587738
-2.339265 -4.413095 -1.574143
-2.420835 -4.415406 -1.560548
-2.502405 -4.417716 -1.546953
-2.583975 -4.420025 -1.533358
-2.665545 -4.422336 -1.519763
-2.747114 -4.424645 -1.506168
-2.828684 -4.426955 -1.492573
-2.910254 -4.429265 -1.478978
-2.991824 -4.431575 -1.465383
-3.073394 -4.433885 -1.451788
-3.154963 -4.436194 -1.438193
-3.236534 -4.438504 -1.424598
-3.318103 -4.440814 -1.411003
-3.399673 -4.443124 -1.397408
-3.481243 -4.445434 -1.383813
-3.562813 -4.447744 -1.370218
-3.644383 -4.450054 -1.356623
-3.725952 -4.452364 -1.343029
-3.807522 -4.454674 -1.329433
-3.889092 -4.456984 -1.315838
3.354968 4.095000 -2.523182
3.354968 4.012272 -2.440454
3.354968 3.929545 -2.440454
3.354968 3.846818 -2.440454
3.354968 3.764091 -2.440454
3.354968 3.681364 -2.440454
3.354968 3.598636 -2.440454
3.354968 3.515909 -2.440454
3.354968 3.433182 -2.440454
3.354968 3.350454 -2.440454
3.354968 3.267727 -2.440454
3.354968 3.185000 -2.440454
3.354968 3.102273 -2.440454
3.354968 3.019545 -2.440454
3.354968 2.936818 -2.440454
3.354968 2.854091 -2.440454
3.354968 2.771363 -2.440454
3.354968 2.688636 -2.440454
3.354968 2.605909 -2.440454
3.354968 2.523182 -2.440454
3.354968 2.440454 -2.440454
3.354968 2.357727 -2.440454
3.354968 2.275000 -2.440454
3.354968 2.192273 -2.440454
3.354968 2.109545 -2.440454
3.354968 2.026818 -2.440454
3.354968 1.944091 -2.440454
3.354968 1.861364 -2.440454
3.354968 1.778636 -2.440454
3.354968 1.695909 -2.440454
3.354968 1.613182 -2.440454
3.354968 1.530454 -2.440454
3.354968 1.447727 -2.440454
3.354968 1.365000 -2.440454
3.354968 1.282273 -2.440454
3.354968 1.199545 -2.440454
3.354968 1.116818 -2.440454
3.354968 1.034091 -2.440454
3.354968 0.951364 -2.440454
3.354968 0.868636 -2.440454
3.354968 0.785909 -2.440454
3.354968 0.703182 -2.440454
3.354968 0.620455 -2.440454
3.354968 0.537727 -2.440454
3.354968 0.455000 -2.440454
3.354968 0.372273 -2.440454
3.354968 0.289546 -2.440454
3.354968 0.206818 -2.440454
3.354968 0.124091 -2.440454
3.354968 0.041364 -2.440454
3.346216 -0.277977 -2.438996
3.276411 -0.829404 -2.427362
3.137936 -1.367342 -2.404283
2.933045 -1.883033 -2.370134
2.665072 -2.368086 -2.325472
2.338375 -2.814615 -2.271022
1.958269 -3.215353 -2.207671
1.530941 -3.563776 -2.136450
1.063339 -3.854222 -2.058516
0.563072 -4.081962 -1.975139
0.038283 -4.243291 -1.887674
-0.502496 -4.335586 -1.797544
-0.857967 -4.357923 -1.738299
-0.939537 -4.360233 -1.724704
-1.021107 -4.362543 -1.711109
-1.102677 -4.364852 -1.697514
-1.184246 -4.367163 -1.683919
-1.265816 -4.369473 -1.670324
-1.347386 -4.371782 -1.656729
-1.428956 -4.374092 -1.643134
-1.510526 -4.376402 -1.629539
-1.592096 -4.378712 -1.615944
-1.673665 -4.381021 -1.602349
-1.755235 -4.383331 -1.588754
-1.836806 -4.385641 -1.575159
-1.918375 -4.387951 -1.561564
-1.999945 -4.390261 -1.547969
-2.081515 -4.392571 -1.534374
-2.163085 -4.394881 -1.520779
-2.244655 -4.397191 -1.507184
-2.326224 -4.399501 -1.493589
-2.407794 -4.401811 -1.479994
-2.489364 -4.404120 -1.466399
-2.570934 -4.406430 -1.452804
-2.652504 -4.408740 -1.439209
-2.734074 -4.411050 -1.425614
-2.815644 -4.413360 -1.412019
-2.897213 -4.415669 -1.398424
-2.978784 -4.417980 -1.384829
-3.060353 -4.420290 -1.371234
-3.141923 -4.422599 -1.357639
-3.223493 -4.424910 -1.344044
-3.305063 -4.427219 -1.330449
-3.386633 -4.429529 -1.316854
-3.468203 -4.431839 -1.303259
-3.549772 -4.434149 -1.289665
-3.631342 -4.436459 -1.276069
-3.712912 -4.438768 -1.262475
-3.794482 -4.441078 -1.248880
-3.876052 -4.443388 -1.235285
3.354968 4.095000 -2.440454
3.354968 4.012272 -2.357727
3.354968 3.929545 -2.357727
3.354968 3.846818 -2.357727
3.354968 3.764091 -2.357727
3.354968 3.681364 -2.357727
3.354968 3.598636 -2.357727
3.354968 3.515909 -2.357727
3.354968 3.433182 -2.357727
3.354968 3.350454 -2.357727
3.354968 3.267727 -2.357727
3.354968 3.185000 -2.357727
3.354968 3.102273 -2.357727
3.354968 3.019545 -2.357727
3.354968 2.936818 -2.357727
3.354968 2.854091 -2.357727
3.354968 2.771363 -2.357727
3.354968 2.688636 -2.357727
3.354968 2.605909 -2.357727
3.354968 2.523182 -2.357727
3.354968 2.440454 -2.357727
3.354968 2.357727 -2.357727
3.354968 2.275000 -2.357727
3.354968 2.192273 -2.357727
3.354968 2.109545 -2.357727
3.354968 2.026818 -2.357727
3.354968 1.944091 -2.357727
3.354968 1.861364 -2.357727
3.354968 1.778636 -2.357727
3.354968 1.695909 -2.357727
3.354968 1.613182 -2.357727
3.354968 1.530454 -2.357727
3.354968 1.447727 -2.357727
3.354968 1.365000 -2.357727
3.354968 1.282273 -2.357727
3.354968 1.199545 -2.357727
3.354968 1.116818 -2.357727
3.354968 1.034091 -2.357727
3.354968 0.951364 -2.357727
3.354968 0.868636 -2.357727
3.354968 0.785909 -2.357727
3.354968 0.703182 -2.357727
3.354968 0.620455 -2.357727
3.354968 0.537727 -2.357727
3.354968 0.455000 -2.357727
3.354968 0.372273 -2.357727
3.354968 0.289546 -2.357727
3.354968 0.206818 -2.357727
3.354968 0.124091 -2.357727
3.354968 0.041364 -2.357727
3.346243 -0.277109 -2.356273
3.276656 -0.826817 -2.344675
3.138614 -1.363075 -2.321668
2.934362 -1.877158 -2.287626
2.667226 -2.360697 -2.243104
2.341547 -2.805833 -2.188824
1.962627 -3.205320 -2.125670
1.536633 -3.552656 -2.054671
1.070489 -3.842196 -1.976981
0.571784 -4.069225 -1.893863
0.048632 -4.230051 -1.806671
-0.490460 -4.322058 -1.716823
-0.844926 -4.344328 -1.657745
-0.926496 -4.346638 -1.644150
-1.008066 -4.348948 -1.630555
-1.089636 -4.351258 -1.616960
-1.171206 -4.353568 -1.603365
-1.252776 -4.355878 -1.589770
-1.334346 -4.358188 -1.576175
-1.415915 -4.360497 -1.562580
-1.497485 -4.362807 -1.548985
-1.579055 -4.365117 -1.535390
-1.660625 -4.367427 -1.521795
-1.742195 -4.369737 -1.508200
-1.823765 -4.372046 -1.494605
-1.905334 -4.374357 -1.481010
-1.986904 -4.376667 -1.467415
-2.068475 -4.378976 -1.453820
-2.150044 -4.381287 -1.440225
-2.231614 -4.383596 -1.426630
-2.313184 -4.385906 -1.413035
-2.394754 -4.388216 -1.399440
-2.476324 -4.390526 -1.385845
-2.557893 -4.392836 -1.372250
-2.639463 -4.395145 -1.358655
-2.721033 -4.397455 -1.345060
-2.802603 -4.399765 -1.331465
-2.884173 -4.402075 -1.317870
-2.965743 -4.404385 -1.304275
-3.047312 -4.406695 -1.290680
-3.128882 -4.409005 -1.277085
-3.210453 -4.411315 -1.263490
-3.292022 -4.413625 -1.249895
-3.373592 -4.415935 -1.236300
-3.455162 -4.418244 -1.222705
-3.536732 -4.420554 -1.209110
-3.618302 -4.422864 -1.195516
-3.699871 -4.425174 -1.181921
-3.781441 -4.427484 -1.168326
-3.863011 -4.429793 -1.154731
3.354968 4.095000 -2.357727
3.354968 4.012272 -2.275000
3.354968 3.929545 -2.275000
3.354968 3.846818 -2.275000
3.354968 3.764091 -2.275000
3.354968 3.681364 -2.275000
3.354968 3.598636 -2.275000
3.354968 3.515909 -2.275000
3.354968 3.433182 -2.275000
3.354968 3.350454 -2.275000
3.354968 3.267727 -2.275000
3.354968 3.185000 -2.275000
3.354968 3.102273 -2.275000
3.354968 3.019545 -2.275000
3.354968 2.936818 -2.275000
3.354968 2.854091 -2.275000
3.354968 2.771363 -2.275000
3.354968 2.688636 -2.275000
3.354968 2.605909 -2.275000
3.354968 2.523182 -2.275000
3.354968 2.440454 -2.275000
3.354968 2.357727 -2.275000
3.354968 2.275000 -2.275000
3.354968 2.192273 -2.275000
3.354968 2.109545 -2.275000
3.354968 2.026818 -2.275000
3.354968 1.944091 -2.275000
3.354968 1.861364 -2.275000
3.354968 1.778636 -2.275000
3.354968 1.695909 -2.275000
3.354968 1.613182 -2.275000
3.354968 1.530454 -2.275000
3.354968 1.447727 -2.275000
3.354968 1.365000 -2.275000
3.354968 1.282273 -2.275000
3.354968 1.199545 -2.275000
3.354968 1.116818 -2.275000
3.354968 1.034091 -2.275000
3.354968 0.951364 -2.275000
3.354968 0.868636 -2.275000
3.354968 0.785909 -2.275000
3.354968 0.703182 -2.275000
3.354968 0.620455 -2.275000
3.354968 0.537727 -2.275000
3.354968 0.455000 -2.275000
3.354968 0.372273 -2.275000
3.354968 0.289546 -2.275000
3.354968 0.206818 -2.275000
3.354968 0.124091 -2.275000
3.354968 0.041364 -2.275000
3.346270 -0.276242 -2.273550
3.276901 -0.824229 -2.261989
3.139291 -1.358809 -2.239054
2.935678 -1.871282 -2.205118
2.669378 -2.353308 -2.160735
2.344719 -2.797050 -2.106625
1.966985 -3.195287 -2.043669
1.542324 -3.541536 -1.972893
1.077640 -3.830170 -1.895445
0.580495 -4.056489 -1.812588
0.058981 -4.216811 -1.725669
-0.478423 -4.308530 -1.636101
-0.831886 -4.330733 -1.577191
-0.913455 -4.333043 -1.563596
-0.995025 -4.335353 -1.550001
-1.076595 -4.337663 -1.536406
-1.158165 -4.339972 -1.522811
-1.239735 -4.342282 -1.509216
-1.321305 -4.344592 -1.495621
-1.402875 -4.346902 -1.482026
-1.484444 -4.349212 -1.468431
-1.566015 -4.351522 -1.454836
-1.647584 -4.353832 -1.441241
-1.729154 -4.356142 -1.427646
-1.810724 -4.358452 -1.414051
-1.892294 -4.360762 -1.400456
-1.973864 -4.363071 -1.386861
-2.055434 -4.365381 -1.373266
-2.137003 -4.367691 -1.359671
-2.218573 -4.370001 -1.346076
-2.300143 -4.372311 -1.332482
-2.381713 -4.374621 -1.318887
-2.463283 -4.376931 -1.305291
-2.544852 -4.379241 -1.291697
-2.626422 -4.381551 -1.278102
-2.707992 -4.383861 -1.264507
-2.789562 -4.386170 -1.250912
-2.871132 -4.388480 -1.237317
-2.952702 -4.390790 -1.223722
-3.034272 -4.393100 -1.210127
-3.115842 -4.395410 -1.196532
-3.197412 -4.397719 -1.182937
-3.278981 -4.400029 -1.169342
-3.360552 -4.402339 -1.155747
-3.442121 -4.404649 -1.142152
-3.523691 -4.406959 -1.128557
-3.605261 -4.409269 -1.114962
-3.686831 -4.411579 -1.101367
-3.768400 -4.413889 -1.087772
-3.849971 -4.416199 -1.074177
3.354968 4.095000 -2.275000
3.354968 4.012272 -2.192273
3.354968 3.929545 -2.192273
3.354968 3.846818 -2.192273
3.354968 3.764091 -2.192273
3.354968 3.681364 -2.192273
3.354968 3.598636 -2.192273
3.354968 3.515909 -2.192273
3.354968 3.433182 -2.192273
3.354968 3.350454 -2.192273
3.354968 3.267727 -2.192273
3.354968 3.185000 -2.192273
3.354968 3.102273 -2.192273
3.354968 3.019545 -2.192273
3.354968 2.936818 -2.192273
3.354968 2.854091 -2.192273
3.354968 2.771363 -2.192273
3.354968 2.688636 -2.192273
3.354968 2.605909 -2.192273
3.354968 2.523182 -2.192273
3.354968 2.440454 -2.192273
3.354968 2.357727 -2.192273
3.354968 2.275000 -2.192273
3.354968 2.192273 -2.192273
3.354968 2.109545 -2.192273
3.354968 2.026818 -2.192273
3.354968 1.944091 -2.192273
3.354968 1.861364 -2.192273
3.354968 1.778636 -2.192273
3.354968 1.695909 -2.192273
3.354968 1.613182 -2.192273
3.354968 1.530454 -2.192273
3.354968 1.447727 -2.192273
3.354968 1.365000 -2.192273
3.354968 1.282273 -2.192273
3.354968 1.199545 -2.192273
3.354968 1.116818 -2.192273
3.354968 1.034091 -2.192273
3.354968 0.951364 -2.192273
3.354968 0.868636 -2.192273
3.354968 0.785909 -2.192273
3.354968 0.703182 -2.192273
3.354968 0.620455 -2.192273
3.354968 0.537727 -2.192273
3.354968 0.455000 -2.192273
3.354968 0.372273 -2.192273
3.354968 0.289546 -2.192273
3.354968 0.206818 -2.192273
3.354968 0.124091 -2.192273
3.354968 0.041364 -2.192273
3.346298 -0.275375 -2.190828
3.277146 -0.821640 -2.179302
3.139968 -1.354542 -2.156439
2.936995 -1.865406 -2.122611
2.671530 -2.345919 -2.078366
2.347891 -2.788268 -2.024426
1.971343 -3.185254 -1.961668
1.548016 -3.530416 -1.891114
1.084790 -3.818143 -1.813910
0.589207 -4.043752 -1.731313
0.069330 -4.203570 -1.644666
-0.466387 -4.295001 -1.555380
-0.818845 -4.317138 -1.496637
-0.900415 -4.319448 -1.483042
-0.981985 -4.321758 -1.469447
-1.063555 -4.324068 -1.455852
-1.145124 -4.326378 -1.442257
-1.226694 -4.328688 -1.428662
-1.308264 -4.330997 -1.415067
-1.389834 -4.333307 -1.401472
-1.471404 -4.335617 -1.387877
-1.552974 -4.337927 -1.374282
-1.634544 -4.340237 -1.360687
-1.716113 -4.342546 -1.347092
-1.797683 -4.344856 -1.333497
-1.879253 -4.347167 -1.319902
-1.960823 -4.349476 -1.306307
-2.042393 -4.351786 -1.292712
-2.123963 -4.354096 -1.279118
-2.205533 -4.356406 -1.265522
-2.287102 -4.358716 -1.251928
-2.368672 -4.361026 -1.238333
-2.450243 -4.363336 -1.224738
-2.531812 -4.365645 -1.211143
-2.613382 -4.367955 -1.197548
-2.694952 -4.370265 -1.183953
-2.776522 -4.372575 -1.170358
-2.858091 -4.374885 -1.156763
-2.939662 -4.377195 -1.143168
-3.021231 -4.379505 -1.129573
-3.102801 -4.381814 -1.115978
-3.184371 -4.384125 -1.102383
-3.265941 -4.386435 -1.088788
-3.347511 -4.388744 -1.075193
-3.429081 -4.391054 -1.061598
-3.510650 -4.393364 -1.048003
-3.592220 -4.395674 -1.034408
-3.673790 -4.397984 -1.020813
-3.755360 -4.400293 -1.007218
-3.836930 -4.402603 -0.993623
3.354968 4.095000 -2.192273
3.354968 4.012272 -2.109545
3.354968 3.929545 -2.109545
3.354968 3.846818 -2.109545
3.354968 3.764091 -2.109545
3.354968 3.681364 -2.109545
3.354968 3.598636 -2.109545
3.354968 3.515909 -2.109545
3.354968 3.433182 -2.109545
3.354968 3.350454 -2.109545
3.354968 3.267727 -2.109545
3.354968 3.185000 -2.109545
3.354968 3.102273 -2.109545
3.354968 3.019545 -2.109545
3.354968 2.936818 -2.109545
3.354968 2.854091 -2.109545
3.354968 2.771363 -2.109545
3.354968 2.688636 -2.109545
3.354968 2.605909 -2.109545
3.354968 2.523182 -2.109545
3.354968 2.440454 -2.109545
3.354968 2.357727 -2.109545
3.354968 2.275000 -2.109545
3.354968 2.192273 -2.109545
3.354968 2.109545 -2.109545
3.354968 2.026818 -2.109545
3.354968 1.944091 -2.109545
3.354968 1.861364 -2.109545
3.354968 1.778636 -2.109545
3.354968 1.695909 -2.109545
3.354968 1.613182 -2.109545
3.354968 1.530454 -2.109545
3.354968 1.447727 -2.109545
3.354968 1.365000 -2.109545
3.354968 1.282273 -2.109545
3.354968 1.199545 -2.109545
3.354968 1.116818 -2.109545
3.354968 1.034091 -2.109545
3.354968 0.951364 -2.109545
3.354968 0.868636 -2.109545
3.354968 0.785909 -2.109545
3.354968 0.703182 -2.109545
3.354968 0.620455 -2.109545
3.354968 0.537727 -2.109545
3.354968 0.455000 -2.109545
3.354968 0.372273 -2.109545
3.354968 0.289546 -2.109545
3.354968 0.206818 -2.109545
3.354968 0.124091 -2.109545
3.354968 0.041364 -2.109545
3.346325 -0.274507 -2.108105
3.277391 -0.819053 -2.096616
3.140645 -1.350276 -2.073825
2.938311 -1.859531 -2.040102
2.673683 -2.338530 -1.995998
2.351063 -2.779485 -1.942228
1.975701 -3.175221 -1.879667
1.553707 -3.519296 -1.809335
1.091941 -3.806117 -1.732374
0.597919 -4.031014 -1.650037
0.079679 -4.190330 -1.563664
-0.454350 -4.281473 -1.474659
-0.805804 -4.303543 -1.416083
-0.887374 -4.305853 -1.402488
-0.968944 -4.308163 -1.388893
-1.050514 -4.310472 -1.375298
-1.132084 -4.312782 -1.361703
-1.213654 -4.315092 -1.348108
-1.295224 -4.317402 -1.334513
-1.376793 -4.319712 -1.320918
-1.458363 -4.322022 -1.307323
-1.539933 -4.324332 -1.293728
-1.621503 -4.326642 -1.280133
-1.703073 -4.328952 -1.266538
-1.784643 -4.331262 -1.252943
-1.866212 -4.333571 -1.239349
-1.947782 -4.335881 -1.225754
-2.029352 -4.338191 -1.212158
-2.110922 -4.340501 -1.198564
-2.192492 -4.342811 -1.184969
-2.274061 -4.345120 -1.171374
-2.355632 -4.347431 -1.157779
-2.437201 -4.349741 -1.144184
-2.518771 -4.352050 -1.130589
-2.600341 -4.354361 -1.116994
-2.681911 -4.356670 -1.103399
-2.763481 -4.358980 -1.089804
-2.845051 -4.361290 -1.076209
-2.926621 -4.363600 -1.062614
-3.008190 -4.365910 -1.049019
-3.089760 -4.368219 -1.035424
-3.171330 -4.370529 -1.021829
-3.252900 -4.372839 -1.008234
-3.334470 -4.375149 -0.994639
-3.416040 -4.377459 -0.981044
-3.497610 -4.379769 -0.967449
-3.579180 -4.382079 -0.953854
-3.660749 -4.384389 -0.940259
-3.742319 -4.386699 -0.926664
-3.823889 -4.389009 -0.913069
3.354968 4.095000 -2.109545
3.354968 4.012272 -2.026818
3.354968 3.929545 -2.026818
3.354968 3.846818 -2.026818
3.354968 3.764091 -2.026818
3.354968 3.681364 -2.026818
3.354968 3.598636 -2.026818
3.354968 3.515909 -2.026818
3.354968 3.433182 -2.026818
3.354968 3.350454 -2.026818
3.354968 3.267727 -2.026818
3.354968 3.185000 -2.026818
3.354968 3.102273 -2.026818
3.354968 3.019545 -2.026818
3.354968 2.936818 -2.026818
3.354968 2.854091 -2.026818
3.354968 2.771363 -2.026818
3.354968 2.688636 -2.026818
3.354968 2.605909 -2.026818
3.354968 2.523182 -2.026818
3.354968 2.440454 -2.026818
3.354968 2.357727 -2.026818
3.354968 2.275000 -2.026818
3.354968 2.192273 -2.026818
3.354968 2.109545 -2.026818
3.354968 2.026818 -2.026818
3.354968 1.944091 -2.026818
3.354968 1.861364 -2.026818
3.354968 1.778636 -2.026818
3.354968 1.695909 -2.026818
3.354968 1.613182 -2.026818
3.354968 1.530454 -2.026818
3.354968 1.447727 -2.026818
3.354968 1.365000 -2.026818
3.354968 1.282273 -2.026818
3.354968 1.199545 -2.026818
3.354968 1.116818 -2.026818
3.354968 1.034091 -2.026818
3.354968 0.951364 -2.026818
3.354968 0.868636 -2.026818
3.354968 0.785909 -2.026818
3.354968 0.703182 -2.026818
3.354968 0.620455 -2.026818
3.354968 0.537727 -2.026818
3.354968 0.455000 -2.026818
3.354968 0.372273 -2.026818
3.354968 0.289546 -2.026818
3.354968 0.206818 -2.026818
3.354968 0.124091 -2.026818
3.354968 0.041364 -2.026818
3.346352 -0.273640 -2.025382
3.277637 -0.816465 -2.013929
3.141323 -1.346009 -1.991210
2.939628 -1.853655 -1.957595
2.675836 -2.331141 -1.913629
2.354235 -2.770703 -1.860029
1.980060 -3.165188 -1.797667
1.559399 -3.508176 -1.727556
1.099092 -3.794091 -1.650839
0.606630 -4.018278 -1.568762
0.090028 -4.177090 -1.482661
-0.442314 -4.267945 -1.393938
-0.792764 -4.289948 -1.335529
-0.874333 -4.292258 -1.321934
-0.955903 -4.294568 -1.308339
-1.037473 -4.296878 -1.294744
-1.119043 -4.299188 -1.281150
-1.200613 -4.301497 -1.267555
-1.282183 -4.303807 -1.253960
-1.363753 -4.306118 -1.240365
-1.445323 -4.308427 -1.226770
-1.526893 -4.310737 -1.213175
-1.608462 -4.313047 -1.199580
-1.690032 -4.315357 -1.185985
-1.771602 -4.317667 -1.172390
-1.853172 -4.319977 -1.158795
-1.934742 -4.322287 -1.145200
-2.016312 -4.324596 -1.131605
-2.097881 -4.326906 -1.118010
-2.179451 -4.329216 -1.104415
-2.261021 -4.331526 -1.090820
-2.342591 -4.333836 -1.077225
-2.424161 -4.336146 -1.063630
-2.505731 -4.338456 -1.050035
-2.587301 -4.340766 -1.036440
-2.668870 -4.343076 -1.022845
-2.750440 -4.345386 -1.009250
-2.832010 -4.347695 -0.995655
-2.913580 -4.350005 -0.982060
-2.995150 -4.352315 -0.968465
-3.076720 -4.354625 -0.954870
-3.158290 -4.356935 -0.941275
-3.239860 -4.359244 -0.927680
-3.321430 -4.361554 -0.914085
-3.402999 -4.363864 -0.900490
-3.484569 -4.366174 -0.886895
-3.566139 -4.368484 -0.873300
-3.647708 -4.370794 -0.859705
-3.729279 -4.373104 -0.846110
-3.810849 -4.375414 -0.832515
3.354968 4.095000 -2.026818
3.354968 4.012272 -1.944091
3.354968 3.929545 -1.944091
3.354968 3.846818 -1.944091
3.354968 3.764091 -1.944091
3.354968 3.681364 -1.944091
3.354968 3.598636 -1.944091
3.354968 3.515909 -1.944091
3.354968 3.433182 -1.944091
3.354968 3.350454 -1.944091
3.354968 3.267727 -1.944091
3.354968 3.185000 -1.944091
3.354968 3.102273 -1.944091
3.354968 3.019545 -1.944091
3.354968 2.936818 -1.944091
3.354968 2.854091 -1.944091
3.354968 2.771363 -1.944091
3.354968 2.688636 -1.944091
3.354968 2.605909 -1.944091
3.354968 2.523182 -1.944091
3.354968 2.440454 -1.944091
3.354968 2.357727 -1.944091
3.354968 2.275000 -1.944091
3.354968 2.192273 -1.944091
3.354968 2.109545 -1.944091
3.354968 2.026818 -1.944091
3.354968 1.944091 -1.944091
3.354968 1.861364 -1.944091
3.354968 1.778636 -1.944091
3.354968 1.695909 -1.944091
3.354968 1.613182 -1.944091
3.354968 1.530454 -1.944091
3.354968 1.447727 -1.944091
3.354968 1.365000 -1.944091
3.354968 1.282273 -1.944091
3.354968 1.199545 -1.944091
3.354968 1.116818 -1.944091
3.354968 1.034091 -1.944091
3.354968 0.951364 -1.944091
3.354968 0.868636 -1.944091
3.354968 0.785909 -1.944091
3.354968 0.703182 -1.944091
3.354968 0.620455 -1.944091
3.354968 0.537727 -1.944091
3.354968 0.455000 -1.944091
3.354968 0.372273 -1.944091
3.354968 0.289546 -1.944091
3.354968 0.206818 -1.944091
3.354968 0.124091 -1.944091
3.354968 0.041364 -1.944091
3.346379 -0.272772 -1.942659
3.277882 -0.813877 -1.931243
3.142000 -1.341743 -1.908596
2.940944 -1.847780 -1.875087
2.677989 -2.323752 -1.831261
2.357407 -2.761921 -1.777831
1.984418 -3.155156 -1.715666
1.565090 -3.497056 -1.645778
1.106242 -3.782065 -1.569303
0.615341 -4.005541 -1.487486
0.100377 -4.163850 -1.401659
-0.430278 -4.254416 -1.313216
-0.779723 -4.276353 -1.254976
-0.861293 -4.278663 -1.241381
-0.942863 -4.280973 -1.227786
-1.024433 -4.283283 -1.214191
-1.106002 -4.285593 -1.200596
-1.187572 -4.287903 -1.187001
-1.269142 -4.290213 -1.173406
-1.350712 -4.292522 -1.159811
-1.432282 -4.294832 -1.146216
-1.513852 -4.297142 -1.132621
-1.595422 -4.299452 -1.119026
-1.676992 -4.301762 -1.105431
-1.758561 -4.304071 -1.091836
-1.840131 -4.306382 -1.078241
-1.921701 -4.308692 -1.064646
-2.003271 -4.311001 -1.051051
-2.084841 -4.313312 -1.037456
-2.166411 -4.315621 -1.023861
-2.247980 -4.317931 -1.010266
-2.329550 -4.320241 -0.996671
-2.411120 -4.322551 -0.983076
-2.492690 -4.324861 -0.969481
-2.574260 -4.327170 -0.955886
-2.655830 -4.329480 -0.942291
-2.737400 -4.331790 -0.928696
-2.818969 -4.334100 -0.915101
-2.900540 -4.336410 -0.901506
-2.982109 -4.338720 -0.887911
-3.063679 -4.341030 -0.874316
-3.145249 -4.343340 -0.860721
-3.226819 -4.345650 -0.847126
-3.308389 -4.347960 -0.833531
-3.389959 -4.350269 -0.819936
-3.471528 -4.352579 -0.806341
-3.553098 -4.354889 -0.792746
-3.634668 -4.357199 -0.779151
-3.716238 -4.359509 -0.765556
-3.797808 -4.361818 -0.751961
3.354968 4.095000 -1.944091
3.354968 4.012272 -1.861364
3.354968 3.929545 -1.861364
3.354968 3.846818 -1.861364
3.354968 3.764091 -1.861364
3.354968 3.681364 -1.861364
3.354968 3.598636 -1.861364
3.354968 3.515909 -1.861364
3.354968 3.433182 -1.861364
3.354968 3.350454 -1.861364
3.354968 3.267727 -1.861364
3.354968 3.185000 -1.861364
3.354968 3.102273 -1.861364
3.354968 3.019545 -1.861364
3.354968 2.936818 -1.861364
3.354968 2.854091 -1.861364
3.354968 2.771363 -1.861364
3.354968 2.688636 -1.861364
3.354968 2.605909 -1.861364
3.354968 2.523182 -1.861364
3.354968 2.440454 -1.861364
3.354968 2.357727 -1.861364
3.354968 2.275000 -1.861364
3.354968 2.192273 -1.861364
3.354968 2.109545 -1.861364
3.354968 2.026818 -1.861364
3.354968 1.944091 -1.861364
3.354968 1.861364 -1.861364
3.354968 1.778636 -1.861364
3.354968 1.695909 -1.861364
3.354968 1.613182 -1.861364
3.354968 1.530454 -1.861364
3.354968 1.447727 -1.861364
3.354968 1.365000 -1.861364
3.354968 1.282273 -1.861364
3.354968 1.199545 -1.861364
3.354968 1.116818 -1.861364
3.354968 1.034091 -1.861364
3.354968 0.951364 -1.861364
3.354968 0.868636 -1.861364
3.354968 0.785909 -1.861364
3.354968 0.703182 -1.861364
3.354968 0.620455 -1.861364
3.354968 0.537727 -1.861364
3.354968 0.455000 -1.861364
3.354968 0.372273 -1.861364
3.354968 0.289546 -1.861364
3.354968 0.206818 -1.861364
3.354968 0.124091 -1.861364
3.354968 0.041364 -1.861364
3.346407 -0.271905 -1.859937
3.278127 -0.811289 -1.848557
3.142677 -1.337476 -1.825982
2.942261 -1.841904 -1.792579
2.680141 -2.316363 -1.748893
2.360579 -2.753138 -1.695632
1.988776 -3.145123 -1.633665
1.570782 -3.485936 -1.563999
1.113393 -3.770038 -1.487768
0.624053 -3.992804 -1.406211
0.110726 -4.150609 -1.320657
-0.418241 -4.240888 -1.232495
-0.766683 -4.262758 -1.174422
-0.848252 -4.265068 -1.160827
-0.929822 -4.267378 -1.147232
-1.011392 -4.269688 -1.133637
-1.092962 -4.271997 -1.120042
-1.174532 -4.274307 -1.106447
-1.256102 -4.276617 -1.092852
-1.337671 -4.278927 -1.079257
-1.419241 -4.281237 -1.065662
-1.500811 -4.283547 -1.052067
-1.582381 -4.285857 -1.038472
-1.663951 -4.288167 -1.024877
-1.745521 -4.290477 -1.011282
-1.827091 -4.292787 -0.997687
-1.908661 -4.295096 -0.984092
-1.990230 -4.297406 -0.970497
-2.071800 -4.299716 -0.956902
-2.153370 -4.302026 -0.943307
-2.234940 -4.304336 -0.929712
-2.316510 -4.306646 -0.916117
-2.398080 -4.308956 -0.902522
-2.479650 -4.311265 -0.888927
-2.561219 -4.313576 -0.875332
-2.642789 -4.315886 -0.861737
-2.724359 -4.318195 -0.848142
-2.805929 -4.320505 -0.834547
-2.887499 -4.322815 -0.820952
-2.969069 -4.325125 -0.807358
-3.050638 -4.327435 -0.793763
-3.132208 -4.329744 -0.780168
-3.213778 -4.332054 -0.766573
-3.295348 -4.334364 -0.752978
-3.376918 -4.336674 -0.739383
-3.458488 -4.338984 -0.725788
-3.540058 -4.341294 -0.712193
-3.621627 -4.343604 -0.698598
-3.703197 -4.345914 -0.685003
-3.784767 -4.348224 -0.671408
3.354968 4.095000 -1.861364
3.354968 4.012272 -1.778636
3.354968 3.929545 -1.778636
3.354968 3.846818 -1.778636
3.354968 3.764091 -1.778636
3.354968 3.681364 -1.778636
3.354968 3.598636 -1.778636
3.354968 3.515909 -1.778636
3.354968 3.433182 -1.778636
3.354968 3.350454 -1.778636
3.354968 3.267727 -1.778636
3.354968 3.185000 -1.778636
3.354968 3.102273 -1.778636
3.354968 3.019545 -1.778636
3.354968 2.936818 -1.778636
3.354968 2.854091 -1.778636
3.354968 2.771363 -1.778636
3.354968 2.688636 -1.778636
3.354968 2.605909 -1.778636
3.354968 2.523182 -1.778636
3.354968 2.440454 -1.778636
3.354968 2.357727 -1.778636
3.354968 2.275000 -1.778636
3.354968 2.192273 -1.778636
3.354968 2.109545 -1.778636
3.354968 2.026818 -1.778636
3.354968 1.944091 -1.778636
3.354968 1.861364 -1.778636
3.354968 1.778636 -1.778636
3.354968 1.695909 -1.778636
3.354968 1.613182 -1.778636
3.354968 1.530454 -1.778636
3.354968 1.447727 -1.778636
3.354968 1.365000 -1.778636
3.354968 1.282273 -1.778636
3.354968 1.199545 -1.778636
3.354968 1.116818 -1.778636
3.354968 1.034091 -1.778636
3.354968 0.951364 -1.778636
3.354968 0.868636 -1.778636
3.354968 0.785909 -1.778636
3.354968 0.703182 -1.778636
3.354968 0.620455 -1.778636
3.354968 0.537727 -1.778636
3.354968 0.455000 -1.778636
3.354968 0.372273 -1.778636
3.354968 0.289546 -1.778636
3.354968 0.206818 -1.778636
3.354968 0.124091 -1.778636
3.354968 0.041364 -1.778636
3.346434 -0.271038 -1.777214
3.278372 -0.808701 -1.765870
3.143354 -1.333210 -1.743367
2.943578 -1.836028 -1.710071
2.682294 -2.308974 -1.666524
2.363751 -2.744356 -1.613434
1.993134 -3.135090 -1.551664
1.576473 -3.474816 -1.482221
1.120543 -3.758012 -1.406232
0.632764 -3.980067 -1.324936
0.121075 -4.137369 -1.239654
-0.406205 -4.227360 -1.151774
-0.753642 -4.249163 -1.093868
-0.835211 -4.251473 -1.080273
-0.916781 -4.253783 -1.066678
-0.998351 -4.256093 -1.053083
-1.079921 -4.258403 -1.039488
-1.161491 -4.260713 -1.025893
-1.243061 -4.263022 -1.012298
-1.324631 -4.265332 -0.998703
-1.406201 -4.267642 -0.985108
-1.487771 -4.269952 -0.971513
-1.569340 -4.272262 -0.957918
-1.650910 -4.274572 -0.944323
-1.732480 -4.276882 -0.930728
-1.814050 -4.279192 -0.917133
-1.895620 -4.281502 -0.903538
-1.977190 -4.283812 -0.889943
-2.058759 -4.286121 -0.876348
-2.140329 -4.288431 -0.862754
-2.221899 -4.290741 -0.849159
-2.303469 -4.293051 -0.835564
-2.385039 -4.295361 -0.821969
-2.466609 -4.297670 -0.808374
-2.548179 -4.299981 -0.794779
-2.629749 -4.302290 -0.781184
-2.711318 -4.304600 -0.767589
-2.792888 -4.306910 -0.753994
-2.874458 -4.309220 -0.740399
-2.956028 -4.311530 -0.726804
-3.037598 -4.313840 -0.713209
-3.119168 -4.316150 -0.699614
-3.200737 -4.318460 -0.686019
-3.282308 -4.320769 -0.672424
-3.363877 -4.323079 -0.658829
-3.445447 -4.325389 -0.645234
-3.527017 -4.327699 -0.631639
-3.608587 -4.330009 -0.618044
-3.690156 -4.332319 -0.604449
-3.771727 -4.334629 -0.590854
3.354968 4.095000 -1.778636
3.354968 4.012272 -1.695909
3.354968 3.929545 -1.695909
3.354968 3.846818 -1.695909
3.354968 3.764091 -1.695909
3.354968 3.681364 -1.695909
3.354968 3.598636 -1.695909
3.354968 3.515909 -1.695909
3.354968 3.433182 -1.695909
3.354968 3.350454 -1.695909
3.354968 3.267727 -1.695909
3.354968 3.185000 -1.695909
3.354968 3.102273 -1.695909
3.354968 3.019545 -1.695909
3.354968 2.936818 -1.695909
3.354968 2.854091 -1.695909
3.354968 2.771363 -1.695909
3.354968 2.688636 -1.695909
3.354968 2.605909 -1.695909
3.354968 2.523182 -1.695909
3.354968 2.440454 -1.695909
3.354968 2.357727 -1.695909
3.354968 2.275000 -1.695909
3.354968 2.192273 -1.695909
3.354968 2.109545 -1.695909
3.354968 2.026818 -1.695909
3.354968 1.944091 -1.695909
3.354968 1.861364 -1.695909
3.354968 1.778636 -1.695909
3.354968 1.695909 -1.695909
3.354968 1.613182 -1.695909
3.354968 1.530454 -1.695909
3.354968 1.447727 -1.695909
3.354968 1.365000 -1.695909
3.354968 1.282273 -1.695909
3.354968 1.199545 -1.695909
3.354968 1.116818 -1.695909
3.354968 1.034091 -1.695909
3.354968 0.951364 -1.695909
3.354968 0.868636 -1.695909
3.354968 0.785909 -1.695909
3.354968 0.703182 -1.695909
3.354968 0.620455 -1.695909
3.354968 0.537727 -1.695909
3.354968 0.455000 -1.695909
3.354968 0.372273 -1.695909
3.354968 0.289546 -1.695909
3.354968 0.206818 -1.695909
3.354968 0.124091 -1.695909
3.354968 0.041364 -1.695909
3.346462 -0.270170 -1.694491
3.278617 -0.806113 -1.683184
3.144031 -1.328943 -1.660753
2.944894 -1.830153 -1.627563
2.684447 -2.301584 -1.584156
2.366924 -2.735574 -1.531235
1.997492 -3.125057 -1.469663
1.582165 -3.463696 -1.400442
1.127694 -3.745986 -1.324697
0.641476 -3.967330 -1.243660
0.131424 -4.124129 -1.158652
-0.394169 -4.213832 -1.071053
-0.740601 -4.235568 -1.013314
-0.822171 -4.237878 -0.999719
-0.903741 -4.240188 -0.986124
-0.985311 -4.242498 -0.972529
-1.066880 -4.244808 -0.958934
-1.148450 -4.247118 -0.945339
-1.230020 -4.249428 -0.931744
-1.311590 -4.251738 -0.918149
-1.393160 -4.254047 -0.904554
-1.474730 -4.256357 -0.890959
-1.556300 -4.258667 -0.877365
-1.637870 -4.260977 -0.863770
-1.719440 -4.263287 -0.850174
-1.801009 -4.265597 -0.836580
-1.882579 -4.267907 -0.822985
-1.964149 -4.270216 -0.809390
-2.045719 -4.272527 -0.795795
-2.127289 -4.274837 -0.782200
-2.208858 -4.277146 -0.768605
-2.290428 -4.279456 -0.755010
-2.371998 -4.281766 -0.741415
-2.453568 -4.284076 -0.727820
-2.535138 -4.286386 -0.714225
-2.616708 -4.288695 -0.700630
-2.698278 -4.291005 -0.687035
-2.779847 -4.293315 -0.673440
-2.861418 -4.295625 -0.659845
-2.942987 -4.297935 -0.646250
-3.024557 -4.300245 -0.632655
-3.106127 -4.302555 -0.619060
-3.187697 -4.304865 -0.605465
-3.269267 -4.307175 -0.591870
-3.350837 -4.309484 -0.578275
-3.432406 -4.311794 -0.564680
-3.513976 -4.314104 -0.551085
-3.595546 -4.316414 -0.537490
-3.677116 -4.318724 -0.523895
-3.758686 -4.321033 -0.510300
3.354968 4.095000 -1.695909
3.354968 4.012272 -1.613182
3.354968 3.929545 -1.613182
3.354968 3.846818 -1.613182
3.354968 3.764091 -1.613182
3.354968 3.681364 -1.613182
3.354968 3.598636 -1.613182
3.354968 3.515909 -1.613182
3.354968 3.433182 -1.613182
3.354968 3.350454 -1.613182
3.354968 3.267727 -1.613182
3.354968 3.185000 -1.613182
3.354968 3.102273 -1.613182
3.354968 3.019545 -1.613182
3.354968 2.936818 -1.613182
3.354968 2.854091 -1.613182
3.354968 2.771363 -1.613182
3.354968 2.688636 -1.613182
3.354968 2.605909 -1.613182
3.354968 2.523182 -1.613182
3.354968 2.440454 -1.613182
3.354968 2.357727 -1.613182
3.354968 2.275000 -1.613182
3.354968 2.192273 -1.613182
3.354968 2.109545 -1.613182
3.354968 2.026818 -1.613182
3.354968 1.944091 -1.613182
3.354968 1.861364 -1.613182
3.354968 1.778636 -1.613182
3.354968 1.695909 -1.613182
3.354968 1.613182 -1.613182
3.354968 1.530454 -1.613182
3.354968 1.447727 -1.613182
3.354968 1.365000 -1.613182
3.354968 1.282273 -1.613182
3.354968 1.199545 -1.613182
3.354968 1.116818 -1.613182
3.354968 1.034091 -1.613182
3.354968 0.951364 -1.613182
3.354968 0.868636 -1.613182
3.354968 0.785909 -1.613182
3.354968 0.703182 -1.613182
3.354968 0.620455 -1.613182
3.354968 0.537727 -1.613182
3.354968 0.455000 -1.613182
3.354968 0.372273 -1.613182
3.354968 0.289546 -1.613182
3.354968 0.206818 -1.613182
3.354968 0.124091 -1.613182
3.354968 0.041364 -1.613182
3.346489 -0.269303 -1.611769
3.278862 -0.803525 -1.600498
3.144708 -1.324677 -1.578139
2.946211 -1.824277 -1.545056
2.686599 -2.294195 -1.501787
2.370095 -2.726791 -1.449036
2.001850 -3.115025 -1.387662
1.587856 -3.452576 -1.318663
1.134844 -3.733959 -1.243161
0.650187 -3.954594 -1.162385
0.141773 -4.110888 -1.077649
-0.382132 -4.200303 -0.990332
-0.727561 -4.221973 -0.932761
-0.809130 -4.224283 -0.919166
-0.890700 -4.226593 -0.905571
-0.972270 -4.228903 -0.891976
-1.053840 -4.231213 -0.878381
-1.135410 -4.233522 -0.864786
-1.216980 -4.235832 -0.851191
-1.298549 -4.238142 -0.837596
-1.380119 -4.240452 -0.824001
-1.461689 -4.242762 -0.810406
-1.543259 -4.245072 -0.796811
-1.624829 -4.247382 -0.783216
-1.706399 -4.249692 -0.769621
-1.787969 -4.252002 -0.756026
-1.869539 -4.254312 -0.742431
-1.951108 -4.256621 -0.728836
-2.032678 -4.258931 -0.715241
-2.114248 -4.261241 -0.701646
-2.195817 -4.263551 -0.688051
-2.277388 -4.265861 -0.674456
-2.358958 -4.268171 -0.660861
-2.440527 -4.270481 -0.647266
-2.522097 -4.272791 -0.633671
-2.603667 -4.275101 -0.620076
-2.685237 -4.277411 -0.606481
-2.766807 -4.279720 -0.592886
-2.848377 -4.282030 -0.579291
-2.929947 -4.284340 -0.565696
-3.011517 -4.286650 -0.552101
-3.093087 -4.288960 -0.538506
-3.174656 -4.291269 -0.524911
-3.256226 -4.293579 -0.511316
-3.337796 -4.295889 -0.497721
-3.419366 -4.298199 -0.484126
-3.500936 -4.300509 -0.470531
-3.582505 -4.302819 -0.456936
-3.664075 -4.305129 -0.443341
-3.745646 -4.307439 -0.429746
3.354968 4.095000 -1.613182
3.354968 4.012272 -1.530454
3.354968 3.929545 -1.530454
3.354968 3.846818 -1.530454
3.354968 3.764091 -1.530454
3.354968 3.681364 -1.530454
3.354968 3.598636 -1.530454
3.354968 3.515909 -1.530454
3.354968 3.433182 -1.530454
3.354968 3.350454 -1.530454
3.354968 3.267727 -1.530454
3.354968 3.185000 -1.530454
3.354968 3.102273 -1.530454
3.354968 3.019545 -1.530454
3.354968 2.936818 -1.530454
3.354968 2.854091 -1.530454
3.354968 2.771363 -1.530454
3.354968 2.688636 -1.530454
3.354968 2.605909 -1.530454
3.354968 2.523182 -1.530454
3.354968 2.440454 -1.530454
3.354968 2.357727 -1.530454
3.354968 2.275000 -1.530454
3.354968 2.192273 -1.530454
3.354968 2.109545 -1.530454
3.354968 2.026818 -1.530454
3.354968 1.944091 -1.530454
3.354968 1.861364 -1.530454
3.354968 1.778636 -1.530454
3.354968 1.695909 -1.530454
3.354968 1.613182 -1.530454
3.354968 1.530454 -1.530454
3.354968 1.447727 -1.530454
3.354968 1.365000 -1.530454
3.354968 1.282273 -1.530454
3.354968 1.199545 -1.530454
3.354968 1.116818 -1.530454
3.354968 1.034091 -1.530454
3.354968 0.951364 -1.530454
3.354968 0.868636 -1.530454
3.354968 0.785909 -1.530454
3.354968 0.703182 -1.530454
3.354968 0.620455 -1.530454
3.354968 0.537727 -1.530454
3.354968 0.455000 -1.530454
3.354968 0.372273 -1.530454
3.354968 0.289546 -1.530454
3.354968 0.206818 -1.530454
3.354968 0.124091 -1.530454
3.354968 0.041364 -1.530454
3.346516 -0.268436 -1.529046
3.279107 -0.800937 -1.517811
3.145386 -1.320410 -1.495524
2.947527 -1.818402 -1.462548
2.688752 -2.286806 -1.419418
2.373268 -2.718009 -1.366838
2.006208 -3.104991 -1.305661
1.593548 -3.441456 -1.236884
1.141995 -3.721933 -1.161626
0.658899 -3.941857 -1.081110
0.152122 -4.097648 -0.996647
-0.370096 -4.186775 -0.909611
-0.714520 -4.208378 -0.852206
-0.796089 -4.210688 -0.838612
-0.877659 -4.212998 -0.825017
-0.959229 -4.215308 -0.811422
-1.040799 -4.217618 -0.797827
-1.122369 -4.219928 -0.784232
-1.203939 -4.222238 -0.770637
-1.285509 -4.224547 -0.757042
-1.367079 -4.226857 -0.743447
-1.448649 -4.229167 -0.729852
-1.530218 -4.231477 -0.716257
-1.611788 -4.233787 -0.702662
-1.693358 -4.236096 -0.689067
-1.774928 -4.238407 -0.675472
-1.856498 -4.240716 -0.661877
-1.938068 -4.243026 -0.648282
-2.019637 -4.245337 -0.634687
-2.101207 -4.247646 -0.621092
-2.182777 -4.249956 -0.607497
-2.264347 -4.252266 -0.593902
-2.345917 -4.254576 -0.580307
-2.427487 -4.256886 -0.566712
-2.509057 -4.259195 -0.553117
-2.590626 -4.261505 -0.539522
-2.672196 -4.263815 -0.525927
-2.753766 -4.266125 -0.512332
-2.835336 -4.268435 -0.498737
-2.916906 -4.270745 -0.485142
-2.998476 -4.273055 -0.471547
-3.080046 -4.275365 -0.457952
-3.161615 -4.277675 -0.444357
-3.243186 -4.279984 -0.430762
-3.324755 -4.282294 -0.417167
-3.406325 -4.284604 -0.403572
-3.487895 -4.286914 -0.389977
-3.569464 -4.289224 -0.376382
-3.651034 -4.291533 -0.362787
-3.732605 -4.293843 -0.349192
3.354968 4.095000 -1.530454
3.354968 4.012272 -1.447727
3.354968 3.929545 -1.447727
3.354968 3.846818 -1.447727
3.354968 3.764091 -1.447727
3.354968 3.681364 -1.447727
3.354968 3.598636 -1.447727
3.354968 3.515909 -1.447727
3.354968 3.433182 -1.447727
3.354968 3.350454 -1.447727
3.354968 3.267727 -1.447727
3.354968 3.185000 -1.447727
3.354968 3.102273 -1.447727
3.354968 3.019545 -1.447727
3.354968 2.936818 -1.447727
3.354968 2.854091 -1.447727
3.354968 2.771363 -1.447727
3.354968 2.688636 -1.447727
3.354968 2.605909 -1.447727
3.354968 2.523182 -1.447727
3.354968 2.440454 -1.447727
3.354968 2.357727 -1.447727
3.354968 2.275000 -1.447727
3.354968 2.192273 -1.447727
3.354968 2.109545 -1.447727
3.354968 2.026818 -1.447727
3.354968 1.944091 -1.447727
3.354968 1.861364 -1.447727
3.354968 1.778636 -1.447727
3.354968 1.695909 -1.447727
3.354968 1.613182 -1.447727
3.354968 1.530454 -1.447727
3.354968 1.447727 -1.447727
3.354968 1.365000 -1.447727
3.354968 1.282273 -1.447727
3.354968 1.199545 -1.447727
3.354968 1.116818 -1.447727
3.354968 1.034091 -1.447727
3.354968 0.951364 -1.447727
3.354968 0.868636 -1.447727
3.354968 0.785909 -1.447727
3.354968 0.703182 -1.447727
3.354968 0.620455 -1.447727
3.354968 0.537727 -1.447727
3.354968 0.455000 -1.447727
3.354968 0.372273 -1.447727
3.354968 0.289546 -1.447727
3.354968 0.206818 -1.447727
3.354968 0.124091 -1.447727
3.354968 0.041364 -1.447727
3.346543 -0.267568 -1.446323
3.279352 -0.798349 -1.435125
3.146063 -1.316144 -1.412910
2.948844 -1.812526 -1.380040
2.690905 -2.279417 -1.337050
2.376440 -2.709226 -1.284639
2.010566 -3.094959 -1.223660
1.599239 -3.430336 -1.155106
1.149145 -3.709907 -1.080090
0.667611 -3.929120 -0.999834
0.162471 -4.084408 -0.915644
-0.358059 -4.173247 -0.828889
-0.701479 -4.194783 -0.771653
-0.783049 -4.197093 -0.758058
-0.864619 -4.199403 -0.744463
-0.946189 -4.201713 -0.730868
-1.027758 -4.204023 -0.717273
-1.109328 -4.206333 -0.703678
-1.190898 -4.208642 -0.690083
-1.272468 -4.210953 -0.676488
-1.354038 -4.213263 -0.662893
-1.435608 -4.215572 -0.649298
-1.517177 -4.217882 -0.635703
-1.598747 -4.220192 -0.622108
-1.680318 -4.222502 -0.608513
-1.761887 -4.224812 -0.594918
-1.843457 -4.227121 -0.581323
-1.925027 -4.229431 -0.567728
-2.006597 -4.231741 -0.554133
-2.088167 -4.234051 -0.540538
-2.169736 -4.236361 -0.526943
-2.251307 -4.238671 -0.513348
-2.332876 -4.240981 -0.499753
-2.414446 -4.243291 -0.486158
-2.496016 -4.245601 -0.472563
-2.577586 -4.247910 -0.458968
-2.659156 -4.250220 -0.445373
-2.740726 -4.252530 -0.431778
-2.822296 -4.254840 -0.418183
-2.903865 -4.257150 -0.404588
-2.985435 -4.259459 -0.390993
-3.067005 -4.261770 -0.377398
-3.148575 -4.264080 -0.363803
-3.230145 -4.266389 -0.350208
-3.311715 -4.268700 -0.336613
-3.393284 -4.271009 -0.323018
-3.474854 -4.273319 -0.309424
-3.556424 -4.275629 -0.295829
-3.637994 -4.277939 -0.282234
-3.719564 -4.280249 -0.268639
3.354968 4.095000 -1.447727
3.354968 4.012272 -1.365000
3.354968 3.929545 -1.365000
3.354968 3.846818 -1.365000
3.354968 3.764091 -1.365000
3.354968 3.681364 -1.365000
3.354968 3.598636 -1.365000
3.354968 3.515909 -1.365000
3.354968 3.433182 -1.365000
3.354968 3.350454 -1.365000
3.354968 3.267727 -1.365000
3.354968 3.185000 -1.365000
3.354968 3.102273 -1.365000
3.354968 3.019545 -1.365000
3.354968 2.936818 -1.365000
3.354968 2.854091 -1.365000
3.354968 2.771363 -1.365000
3.354968 2.688636 -1.365000
3.354968 2.605909 -1.365000
3.354968 2.523182 -1.365000
3.354968 2.440454 -1.365000
3.354968 2.357727 -1.365000
3.354968 2.275000 -1.365000
3.354968 2.192273 -1.365000
3.354968 2.109545 -1.365000
3.354968 2.026818 -1.365000
3.354968 1.944091 -1.365000
3.354968 1.861364 -1.365000
3.354968 1.778636 -1.365000
3.354968 1.695909 -1.365000
3.354968 1.613182 -1.365000
3.354968 1.530454 -1.365000
3.354968 1.447727 -1.365000
3.354968 1.365000 -1.365000
3.354968 1.282273 -1.365000
3.354968 1.199545 -1.365000
3.354968 1.116818 -1.365000
3.354968 1.034091 -1.365000
3.354968 0.951364 -1.365000
3.354968 0.868636 -1.365000
3.354968 0.785909 -1.365000
3.354968 0.703182 -1.365000
3.354968 0.620455 -1.365000
3.354968 0.537727 -1.365000
3.354968 0.455000 -1.365000
3.354968 0.372273 -1.365000
3.354968 0.289546 -1.365000
3.354968 0.206818 -1.365000
3.354968 0.124091 -1.365000
3.354968 0.041364 -1.365000
3.346570 -0.266701 -1.363600
3.279598 -0.795761 -1.352438
3.146740 -1.311877 -1.330295
2.950160 -1.806650 -1.297532
2.693057 -2.272028 -1.254682
2.379612 -2.700444 -1.202441
2.014924 -3.084926 -1.141659
1.604930 -3.419216 -1.073327
1.156296 -3.697881 -0.998555
0.676322 -3.916383 -0.918559
0.172820 -4.071168 -0.834642
-0.346023 -4.159719 -0.748168
-0.688439 -4.181188 -0.691099
-0.770008 -4.183498 -0.677504
-0.851578 -4.185808 -0.663909
-0.933148 -4.188118 -0.650314
-1.014718 -4.190428 -0.636719
-1.096288 -4.192738 -0.623124
-1.177858 -4.195047 -0.609529
-1.259427 -4.197357 -0.595934
-1.340997 -4.199667 -0.582339
-1.422567 -4.201977 -0.568744
-1.504137 -4.204287 -0.555149
-1.585707 -4.206597 -0.541554
-1.667277 -4.208907 -0.527959
-1.748846 -4.211217 -0.514364
-1.830416 -4.213527 -0.500769
-1.911987 -4.215837 -0.487174
-1.993556 -4.218146 -0.473579
-2.075126 -4.220456 -0.459984
-2.156696 -4.222766 -0.446389
-2.238266 -4.225076 -0.432794
-2.319836 -4.227386 -0.419199
-2.401405 -4.229695 -0.405604
-2.482975 -4.232006 -0.392009
-2.564545 -4.234315 -0.378414
-2.646115 -4.236625 -0.364819
-2.727685 -4.238935 -0.351225
-2.809255 -4.241245 -0.337629
-2.890825 -4.243555 -0.324035
-2.972394 -4.245865 -0.310440
-3.053965 -4.248175 -0.296845
-3.135534 -4.250484 -0.283250
-3.217104 -4.252794 -0.269655
-3.298674 -4.255104 -0.256060
-3.380244 -4.257414 -0.242465
-3.461814 -4.259724 -0.228870
-3.543383 -4.262034 -0.215275
-3.624953 -4.264344 -0.201680
-3.706523 -4.266654 -0.188085
3.354968 4.095000 -1.365000
3.354968 4.012272 -1.282273
3.354968 3.929545 -1.282273
3.354968 3.846818 -1.282273
3.354968 3.764091 -1.282273
3.354968 3.681364 -1.282273
3.354968 3.598636 -1.282273
3.354968 3.515909 -1.282273
3.354968 3.433182 -1.282273
3.354968 3.350454 -1.282273
3.354968 3.267727 -1.282273
3.354968 3.185000 -1.282273
3.354968 3.102273 -1.282273
3.354968 3.019545 -1.282273
3.354968 2.936818 -1.282273
3.354968 2.854091 -1.282273
3.354968 2.771363 -1.282273
3.354968 2.688636 -1.282273
3.354968 2.605909 -1.282273
3.354968 2.523182 -1.282273
3.354968 2.440454 -1.282273
3.354968 2.357727 -1.282273
3.354968 2.275000 -1.282273
3.354968 2.192273 -1.282273
3.354968 2.109545 -1.282273
3.354968 2.026818 -1.282273
3.354968 1.944091 -1.282273
3.354968 1.861364 -1.282273
3.354968 1.778636 -1.282273
3.354968 1.695909 -1.282273
3.354968 1.613182 -1.282273
3.354968 1.530454 -1.282273
3.354968 1.447727 -1.282273
3.354968 1.365000 -1.282273
3.354968 1.282273 -1.282273
3.354968 1.199545 -1.282273
3.354968 1.116818 -1.282273
3.354968 1.034091 -1.282273
3.354968 0.951364 -1.282273
3.354968 0.868636 -1.282273
3.354968 0.785909 -1.282273
3.354968 0.703182 -1.282273
3.354968 0.620455 -1.282273
3.354968 0.537727 -1.282273
3.354968 0.455000 -1.282273
3.354968 0.372273 -1.282273
3.354968 0.289546 -1.282273
3.354968 0.206818 -1.282273
3.354968 0.124091 -1.282273
3.354968 0.041364 -1.282273
3.346598 -0.265834 -1.280878
3.279842 -0.793173 -1.269752
3.147417 -1.307611 -1.247681
2.951477 -1.800775 -1.215024
2.695210 -2.264639 -1.172313
2.382783 -2.691661 -1.120242
2.019282 -3.074893 -1.059658
1.610622 -3.408096 -0.991548
1.163446 -3.685854 -0.917019
0.685033 -3.903646 -0.837284
0.183169 -4.057928 -0.753640
-0.333987 -4.146191 -0.667447
-0.675398 -4.167593 -0.610545
-0.756967 -4.169903 -0.596950
-0.838537 -4.172213 -0.583355
-0.920107 -4.174523 -0.569760
-1.001677 -4.176833 -0.556165
-1.083247 -4.179143 -0.542570
-1.164817 -4.181453 -0.528975
-1.246387 -4.183763 -0.515380
-1.327957 -4.186072 -0.501785
-1.409527 -4.188382 -0.488190
-1.491096 -4.190692 -0.474595
-1.572666 -4.193002 -0.461000
-1.654236 -4.195312 -0.447405
-1.735806 -4.197622 -0.433810
-1.817376 -4.199932 -0.420215
-1.898946 -4.202241 -0.406620
-1.980515 -4.204552 -0.393025
-2.062086 -4.206861 -0.379430
-2.143655 -4.209171 -0.365836
-2.225225 -4.211481 -0.352241
-2.306795 -4.213791 -0.338646
-2.388365 -4.216101 -0.325051
-2.469935 -4.218410 -0.311456
-2.551505 -4.220720 -0.297861
-2.633074 -4.223030 -0.284266
-2.714644 -4.225340 -0.270671
-2.796215 -4.227650 -0.257076
-2.877784 -4.229960 -0.243481
-2.959354 -4.232270 -0.229886
-3.040924 -4.234580 -0.216291
-3.122494 -4.236890 -0.202696
-3.204064 -4.239200 -0.189101
-3.285634 -4.241509 -0.175506
-3.367203 -4.243819 -0.161911
-3.448773 -4.246129 -0.148316
-3.530343 -4.248439 -0.134721
-3.611913 -4.250749 -0.121126
-3.693483 -4.253058 -0.107531
3.354968 4.095000 -1.282273
3.354968 4.012272 -1.199545
3.354968 3.929545 -1.199545
3.354968 3.846818 -1.199545
3.354968 3.764091 -1.199545
3.354968 3.681364 -1.199545
3.354968 3.598636 -1.199545
3.354968 3.515909 -1.199545
3.354968 3.433182 -1.199545
3.354968 3.350454 -1.199545
3.354968 3.267727 -1.199545
3.354968 3.185000 -1.199545
3.354968 3.102273 -1.199545
3.354968 3.019545 -1.199545
3.354968 2.936818 -1.199545
3.354968 2.854091 -1.199545
3.354968 2.771363 -1.199545
3.354968 2.688636 -1.199545
3.354968 2.605909 -1.199545
3.354968 2.523182 -1.199545
3.354968 2.440454 -1.199545
3.354968 2.357727 -1.199545
3.354968 2.275000 -1.199545
3.354968 2.192273 -1.199545
3.354968 2.109545 -1.199545
3.354968 2.026818 -1.199545
3.354968 1.944091 -1.199545
3.354968 1.861364 -1.199545
3.354968 1.778636 -1.199545
3.354968 1.695909 -1.199545
3.354968 1.613182 -1.199545
3.354968 1.530454 -1.199545
3.354968 1.447727 -1.199545
3.354968 1.365000 -1.199545
3.354968 1.282273 -1.199545
3.354968 1.199545 -1.199545
3.354968 1.116818 -1.199545
3.354968 1.034091 -1.199545
3.354968 0.951364 -1.199545
3.354968 0.868636 -1.199545
3.354968 0.785909 -1.199545
3.354968 0.703182 -1.199545
3.354968 0.620455 -1.199545
3.354968 0.537727 -1.199545
3.354968 0.455000 -1.199545
3.354968 0.372273 -1.199545
3.354968 0.289546 -1.199545
3.354968 0.206818 -1.199545
3.354968 0.124091 -1.199545
3.354968 0.041364 -1.199545
3.346625 -0.264966 -1.198155
3.280088 -0.790585 -1.187065
3.148094 -1.303344 -1.165066
2.952793 -1.794899 -1.132516
2.697363 -2.257250 -1.089945
2.385956 -2.682879 -1.038043
2.023641 -3.064860 -0.977658
1.616313 -3.396976 -0.909770
1.170597 -3.673828 -0.835484
0.693745 -3.890909 -0.756008
0.193518 -4.044687 -0.672637
-0.321950 -4.132662 -0.586726
-0.662357 -4.153998 -0.529991
-0.743927 -4.156308 -0.516396
-0.825497 -4.158618 -0.502801
-0.907067 -4.160928 -0.489206
-0.988636 -4.163238 -0.475611
-1.070206 -4.165548 -0.462016
-1.151776 -4.167858 -0.448421
-1.233346 -4.170168 -0.434826
-1.314916 -4.172478 -0.421231
-1.396486 -4.174788 -0.407636
-1.478056 -4.177097 -0.394042
-1.559626 -4.179407 -0.380447
-1.641196 -4.181717 -0.366852
-1.722765 -4.184027 -0.353257
-1.804335 -4.186337 -0.339662
-1.885905 -4.188646 -0.326067
-1.967475 -4.190957 -0.312472
-2.049045 -4.193266 -0.298877
-2.130614 -4.195576 -0.285282
-2.212184 -4.197886 -0.271687
-2.293754 -4.200196 -0.258092
-2.375324 -4.202506 -0.244497
-2.456894 -4.204816 -0.230902
-2.538464 -4.207126 -0.217307
-2.620034 -4.209435 -0.203712
-2.701603 -4.211745 -0.190117
-2.783174 -4.214055 -0.176522
-2.864743 -4.216365 -0.162927
-2.946313 -4.218675 -0.149332
-3.027883 -4.220985 -0.135737
-3.109453 -4.223295 -0.122142
-3.191023 -4.225605 -0.108547
-3.272593 -4.227915 -0.094952
-3.354162 -4.230225 -0.081357
-3.435732 -4.232534 -0.067762
-3.517302 -4.234844 -0.054167
-3.598872 -4.237154 -0.040572
-3.680442 -4.239464 -0.026977
3.354968 4.095000 -1.199545
3.354968 4.012272 -1.116818
3.354968 3.929545 -1.116818
3.354968 3.846818 -1.116818
3.354968 3.764091 -1.116818
3.354968 3.681364 -1.116818
3.354968 3.598636 -1.116818
3.354968 3.515909 -1.116818
3.354968 3.433182 -1.116818
3.354968 3.350454 -1.116818
3.354968 3.267727 -1.116818
3.354968 3.185000 -1.116818
3.354968 3.102273 -1.116818
3.354968 3.019545 -1.116818
3.354968 2.936818 -1.116818
3.354968 2.854091 -1.116818
3.354968 2.771363 -1.116818
3.354968 2.688636 -1.116818
3.354968 2.605909 -1.116818
3.354968 2.523182 -1.116818
3.354968 2.440454 -1.116818
3.354968 2.357727 -1.116818
3.354968 2.275000 -1.116818
3.354968 2.192273 -1.116818
3.354968 2.109545 -1.116818
3.354968 2.026818 -1.116818
3.354968 1.944091 -1.116818
3.354968 1.861364 -1.116818
3.354968 1.778636 -1.116818
3.354968 1.695909 -1.116818
3.354968 1.613182 -1.116818
3.354968 1.530454 -1.116818
3.354968 1.447727 -1.116818
3.354968 1.365000 -1.116818
3.354968 1.282273 -1.116818
3.354968 1.199545 -1.116818
3.354968 1.116818 -1.116818
3.354968 1.034091 -1.116818
3.354968 0.951364 -1.116818
3.354968 0.868636 -1.116818
3.354968 0.785909 -1.116818
3.354968 0.703182 -1.116818
3.354968 0.620455 -1.116818
3.354968 0.537727 -1.116818
3.354968 0.455000 -1.116818
3.354968 0.372273 -1.116818
3.354968 0.289546 -1.116818
3.354968 0.206818 -1.116818
3.354968 0.124091 -1.116818
3.354968 0.041364 -1.116818
3.346653 -0.264099 -1.115432
3.280333 -0.787997 -1.104379
3.148772 -1.299078 -1.082452
2.954110 -1.789024 -1.050009
2.699516 -2.249861 -1.007576
2.389128 -2.674097 -0.955845
2.027999 -3.054828 -0.895657
1.622005 -3.385856 -0.827991
1.177747 -3.661802 -0.753948
0.702456 -3.878172 -0.674733
0.203867 -4.031447 -0.591635
-0.309914 -4.119134 -0.506005
-0.649317 -4.140403 -0.449438
-0.730886 -4.142714 -0.435843
-0.812456 -4.145023 -0.422248
-0.894026 -4.147333 -0.408653
-0.975596 -4.149643 -0.395058
-1.057166 -4.151953 -0.381463
-1.138736 -4.154263 -0.367868
-1.220305 -4.156572 -0.354273
-1.301875 -4.158882 -0.340678
-1.383446 -4.161192 -0.327083
-1.465015 -4.163502 -0.313488
-1.546585 -4.165812 -0.299893
-1.628155 -4.168122 -0.286298
-1.709724 -4.170432 -0.272703
-1.791294 -4.172742 -0.259108
-1.872865 -4.175052 -0.245513
-1.954434 -4.177361 -0.231918
-2.036004 -4.179671 -0.218323
-2.117573 -4.181981 -0.204728
-2.199144 -4.184291 -0.191133
-2.280714 -4.186601 -0.177538
-2.362283 -4.188910 -0.163943
-2.443853 -4.191221 -0.150348
-2.525423 -4.193531 -0.136753
-2.606993 -4.195840 -0.123158
-2.688563 -4.198150 -0.109563
-2.770133 -4.200460 -0.095968
-2.851702 -4.202770 -0.082373
-2.933272 -4.205080 -0.068778
-3.014843 -4.207390 -0.055183
-3.096412 -4.209700 -0.041588
-3.177982 -4.212009 -0.027993
-3.259552 -4.214319 -0.014398
-3.341122 -4.216629 -0.000803
-3.422692 -4.218939 0.012792
-3.504261 -4.221249 0.026387
-3.585831 -4.223559 0.039982
-3.667401 -4.225869 0.053577
3.354968 4.095000 -1.116818
3.354968 4.012272 -1.034091
3.354968 3.929545 -1.034091
3.354968 3.846818 -1.034091
3.354968 3.764091 -1.034091
3.354968 3.681364 -1.034091
3.354968 3.598636 -1.034091
3.354968 3.515909 -1.034091
3.354968 3.433182 -1.034091
3.354968 3.350454 -1.034091
3.354968 3.267727 -1.034091
3.354968 3.185000 -1.034091
3.354968 3.102273 -1.034091
3.354968 3.019545 -1.034091
3.354968 2.936818 -1.034091
3.354968 2.854091 -1.034091
3.354968 2.771363 -1.034091
3.354968 2.688636 -1.034091
3.354968 2.605909 -1.034091
3.354968 2.523182 -1.034091
3.354968 2.440454 -1.034091
3.354968 2.357727 -1.034091
3.354968 2.275000 -1.034091
3.354968 2.192273 -1.034091
3.354968 2.109545 -1.034091
3.354968 2.026818 -1.034091
3.354968 1.944091 -1.034091
3.354968 1.861364 -1.034091
3.354968 1.778636 -1.034091
3.354968 1.695909 -1.034091
3.354968 1.613182 -1.034091
3.354968 1.530454 -1.034091
3.354968 1.447727 -1.034091
3.354968 1.365000 -1.034091
3.354968 1.282273 -1.034091
3.354968 1.199545 -1.034091
3.354968 1.116818 -1.034091
3.354968 1.034091 -1.034091
3.354968 0.951364 -1.034091
3.354968 0.868636 -1.034091
3.354968 0.785909 -1.034091
3.354968 0.703182 -1.034091
3.354968 0.620455 -1.034091
3.354968 0.537727 -1.034091
3.354968 0.455000 -1.034091
3.354968 0.372273 -1.034091
3.354968 0.289546 -1.034091
3.354968 0.206818 -1.034091
3.354968 0.124091 -1.034091
3.354968 0.041364 -1.034091
3.346680 -0.263231 -1.032709
3.280578 -0.785409 -1.021693
3.149449 -1.294811 -0.999838
2.955426 -1.783148 -0.967500
2.701668 -2.242472 -0.925207
2.392300 -2.665314 -0.873646
2.032357 -3.044795 -0.813656
1.627696 -3.374736 -0.746212
1.184898 -3.649776 -0.672412
0.711168 -3.865435 -0.593457
0.214216 -4.018207 -0.510632
-0.297878 -4.105606 -0.425283
-0.636276 -4.126808 -0.368883
-0.717845 -4.129118 -0.355289
-0.799415 -4.131428 -0.341694
-0.880985 -4.133738 -0.328099
-0.962555 -4.136048 -0.314504
-1.044125 -4.138358 -0.300909
-1.125695 -4.140667 -0.287314
-1.207265 -4.142978 -0.273719
-1.288835 -4.145288 -0.260124
-1.370405 -4.147597 -0.246529
-1.451974 -4.149907 -0.232934
-1.533544 -4.152217 -0.219339
-1.615114 -4.154527 -0.205744
-1.696684 -4.156837 -0.192149
-1.778254 -4.159146 -0.178554
-1.859824 -4.161456 -0.164959
-1.941394 -4.163766 -0.151364
-2.022964 -4.166076 -0.137769
-2.104533 -4.168386 -0.124174
-2.186103 -4.170696 -0.110579
-2.267673 -4.173006 -0.096984
-2.349243 -4.175316 -0.083389
-2.430813 -4.177626 -0.069794
-2.512383 -4.179935 -0.056199
-2.593952 -4.182245 -0.042604
-2.675522 -4.184555 -0.029009
-2.757092 -4.186865 -0.015414
-2.838662 -4.189175 -0.001819
-2.920232 -4.191484 0.011776
-3.001802 -4.193795 0.025371
-3.083372 -4.196105 0.038966
-3.164942 -4.198414 0.052561
-3.246511 -4.200725 0.066156
-3.328081 -4.203034 0.079751
-3.409651 -4.205344 0.093346
-3.491221 -4.207654 0.106941
-3.572791 -4.209964 0.120536
-3.654361 -4.212274 0.134131
3.354968 4.095000 -1.034091
3.354968 4.012272 -0.951364
3.354968 3.929545 -0.951364
3.354968 3.846818 -0.951364
3.354968 3.764091 -0.951364
3.354968 3.681364 -0.951364
3.354968 3.598636 -0.951364
3.354968 3.515909 -0.951364
3.354968 3.433182 -0.951364
3.354968 3.350454 -0.951364
3.354968 3.267727 -0.951364
3.354968 3.185000 -0.951364
3.354968 3.102273 -0.951364
3.354968 3.019545 -0.951364
3.354968 2.936818 -0.951364
3.354968 2.854091 -0.951364
3.354968 2.771363 -0.951364
3.354968 2.688636 -0.951364
3.354968 2.605909 -0.951364
3.354968 2.523182 -0.951364
3.354968 2.440454 -0.951364
3.354968 2.357727 -0.951364
3.354968 2.275000 -0.951364
3.354968 2.192273 -0.951364
3.354968 2.109545 -0.951364
3.354968 2.026818 -0.951364
3.354968 1.944091 -0.951364
3.354968 1.861364 -0.951364
3.354968 1.778636 -0.951364
3.354968 1.695909 -0.951364
3.354968 1.613182 -0.951364
3.354968 1.530454 -0.951364
3.354968 1.447727 -0.951364
3.354968 1.365000 -0.951364
3.354968 1.282273 -0.951364
3.354968 1.199545 -0.951364
3.354968 1.116818 -0.951364
3.354968 1.034091 -0.951364
3.354968 0.951364 -0.951364
3.354968 0.868636 -0.951364
3.354968 0.785909 -0.951364
3.354968 0.703182 -0.951364
3.354968 0.620455 -0.951364
3.354968 0.537727 -0.951364
3.354968 0.455000 -0.951364
3.354968 0.372273 -0.951364
3.354968 0.289546 -0.951364
3.354968 0.206818 -0.951364
3.354968 0.124091 -0.951364
3.354968 0.041364 -0.951364
3.346707 -0.262364 -0.949987
3.280823 -0.782821 -0.939006
3.150126 -1.290545 -0.917223
2.956743 -1.777272 -0.884993
2.703821 -2.235083 -0.842839
2.395472 -2.656532 -0.791448
2.036715 -3.034762 -0.731655
1.633388 -3.363616 -0.664434
1.192048 -3.637750 -0.590877
0.719880 -3.852699 -0.512182
0.224565 -4.004967 -0.429630
-0.285841 -4.092077 -0.344562
-0.623235 -4.113214 -0.288330
-0.704805 -4.115523 -0.274735
-0.786375 -4.117833 -0.261140
-0.867945 -4.120143 -0.247545
-0.949514 -4.122453 -0.233950
-1.031084 -4.124763 -0.220355
-1.112654 -4.127073 -0.206760
-1.194224 -4.129383 -0.193165
-1.275794 -4.131693 -0.179570
-1.357364 -4.134003 -0.165975
-1.438934 -4.136312 -0.152380
-1.520504 -4.138622 -0.138785
-1.602074 -4.140932 -0.125190
-1.683643 -4.143242 -0.111595
-1.765213 -4.145552 -0.098000
-1.846783 -4.147861 -0.084405
-1.928353 -4.150172 -0.070810
-2.009923 -4.152482 -0.057215
-2.091492 -4.154791 -0.043620
-2.173062 -4.157102 -0.030025
-2.254632 -4.159411 -0.016430
-2.336202 -4.161721 -0.002835
-2.417772 -4.164031 0.010760
-2.499342 -4.166341 0.024355
-2.580912 -4.168651 0.037950
-2.662482 -4.170960 0.051545
-2.744052 -4.173270 0.065140
-2.825621 -4.175580 0.078735
-2.907191 -4.177890 0.092330
-2.988761 -4.180200 0.105925
-3.070331 -4.182510 0.119520
-3.151901 -4.184820 0.133115
-3.233471 -4.187130 0.146710
-3.315040 -4.189440 0.160304
-3.396610 -4.191750 0.173900
-3.478180 -4.194059 0.187494
-3.559750 -4.196369 0.201089
-3.641320 -4.198679 0.214684
3.354968 4.095000 -0.951364
3.354968 4.012272 -0.868636
3.354968 3.929545 -0.868636
3.354968 3.846818 -0.868636
3.354968 3.764091 -0.868636
3.354968 3.681364 -0.868636
3.354968 3.598636 -0.868636
3.354968 3.515909 -0.868636
3.354968 3.433182 -0.868636
3.354968 3.350454 -0.868636
3.354968 3.267727 -0.868636
3.354968 3.185000 -0.868636
3.354968 3.102273 -0.868636
3.354968 3.019545 -0.868636
3.354968 2.936818 -0.868636
3.354968 2.854091 -0.868636
3.354968 2.771363 -0.868636
3.354968 2.688636 -0.868636
3.354968 2.605909 -0.868636
3.354968 2.523182 -0.868636
3.354968 2.440454 -0.868636
3.354968 2.357727 -0.868636
3.354968 2.275000 -0.868636
3.354968 2.192273 -0.868636
3.354968 2.109545 -0.868636
3.354968 2.026818 -0.868636
3.354968 1.944091 -0.868636
3.354968 1.861364 -0.868636
3.354968 1.778636 -0.868636
3.354968 1.695909 -0.868636
3.354968 1.613182 -0.868636
3.354968 1.530454 -0.868636
3.354968 1.447727 -0.868636
3.354968 1.365000 -0.868636
3.354968 1.282273 -0.868636
3.354968 1.199545 -0.868636
3.354968 1.116818 -0.868636
3.354968 1.034091 -0.868636
3.354968 0.951364 -0.868636
3.354968 0.868636 -0.868636
3.354968 0.785909 -0.868636
3.354968 0.703182 -0.868636
3.354968 0.620455 -0.868636
3.354968 0.537727 -0.868636
3.354968 0.455000 -0.868636
3.354968 0.372273 -0.868636
3.354968 0.289546 -0.868636
3.354968 0.206818 -0.868636
3.354968 0.124091 -0.868636
3.354968 0.041364 -0.868636
3.346735 -0.261497 -0.867264
3.281068 -0.780233 -0.856320
3.150803 -1.286278 -0.834609
2.958059 -1.771397 -0.802485
2.705973 -2.227694 -0.760471
2.398644 -2.647750 -0.709249
2.041073 -3.024729 -0.649654
1.639079 -3.352496 -0.582655
1.199199 -3.625723 -0.509342
0.728591 -3.839962 -0.430907
0.234914 -3.991726 -0.348627
-0.273805 -4.078549 -0.263841
-0.610195 -4.099618 -0.207776
-0.691764 -4.101929 -0.194181
-0.773334 -4.104239 -0.180586
-0.854904 -4.106548 -0.166991
-0.936474 -4.108858 -0.153396
-1.018044 -4.111168 -0.139801
-1.099614 -4.113478 -0.126206
-1.181183 -4.115788 -0.112611
-1.262753 -4.118097 -0.099016
-1.344324 -4.120407 -0.085421
-1.425893 -4.122717 -0.071826
-1.507463 -4.125027 -0.058231
-1.589033 -4.127337 -0.044636
-1.670603 -4.129647 -0.031041
-1.752173 -4.131957 -0.017446
-1.833743 -4.134267 -0.003851
-1.915312 -4.136577 0.009744
-1.996882 -4.138886 0.023339
-2.078452 -4.141196 0.036934
-2.160022 -4.143506 0.050529
-2.241592 -4.145816 0.064124
-2.323162 -4.148126 0.077718
-2.404731 -4.150436 0.091313
-2.486301 -4.152746 0.104908
-2.567871 -4.155056 0.118503
-2.649441 -4.157365 0.132098
-2.731011 -4.159676 0.145693
-2.812581 -4.161985 0.159288
-2.894150 -4.164295 0.172883
-2.975721 -4.166605 0.186478
-3.057290 -4.168915 0.200073
-3.138860 -4.171225 0.213668
-3.220430 -4.173534 0.227263
-3.302000 -4.175844 0.240858
-3.383570 -4.178154 0.254453
-3.465139 -4.180464 0.268048
-3.546709 -4.182774 0.281643
-3.628279 -4.185084 0.295238
3.354968 4.095000 -0.868636
3.354968 4.012272 -0.785909
3.354968 3.929545 -0.785909
3.354968 3.846818 -0.785909
3.354968 3.764091 -0.785909
3.354968 3.681364 -0.785909
3.354968 3.598636 -0.785909
3.354968 3.515909 -0.785909
3.354968 3.433182 -0.785909
3.354968 3.350454 -0.785909
3.354968 3.267727 -0.785909
3.354968 3.185000 -0.785909
3.354968 3.102273 -0.785909
3.354968 3.019545 -0.785909
3.354968 2.936818 -0.785909
3.354968 2.854091 -0.785909
3.354968 2.771363 -0.785909
3.354968 2.688636 -0.785909
3.354968 2.605909 -0.785909
3.354968 2.523182 -0.785909
3.354968 2.440454 -0.785909
3.354968 2.357727 -0.785909
3.354968 2.275000 -0.785909
3.354968 2.192273 -0.785909
3.354968 2.109545 -0.785909
3.354968 2.026818 -0.785909
3.354968 1.944091 -0.785909
3.354968 1.861364 -0.785909
3.354968 1.778636 -0.785909
3.354968 1.695909 -0.785909
3.354968 1.613182 -0.785909
3.354968 1.530454 -0.785909
3.354968 1.447727 -0.785909
3.354968 1.365000 -0.785909
3.354968 1.282273 -0.785909
3.354968 1.199545 -0.785909
3.354968 1.116818 -0.785909
3.354968 1.034091 -0.785909
3.354968 0.951364 -0.785909
3.354968 0.868636 -0.785909
3.354968 0.785909 -0.785909
3.354968 0.703182 -0.785909
3.354968 0.620455 -0.785909
3.354968 0.537727 -0.785909
3.354968 0.455000 -0.785909
3.354968 0.372273 -0.785909
3.354968 0.289546 -0.785909
3.354968 0.206818 -0.785909
3.354968 0.124091 -0.785909
3.354968 0.041364 -0.785909
3.346762 -0.260629 -0.784541
3.281313 -0.777645 -0.773633
3.151480 -1.282012 -0.751995
2.959376 -1.765521 -0.719977
2.708126 -2.220304 -0.678102
2.401816 -2.638967 -0.627051
2.045431 -3.014696 -0.567653
1.644771 -3.341376 -0.500876
1.206349 -3.613697 -0.427806
0.737302 -3.827225 -0.349632
0.245263 -3.978486 -0.267625
-0.261769 -4.065021 -0.183120
-0.597154 -4.086023 -0.127222
-0.678724 -4.088333 -0.113627
-0.760294 -4.090643 -0.100032
-0.841864 -4.092953 -0.086437
-0.923433 -4.095263 -0.072842
-1.005003 -4.097573 -0.059247
-1.086573 -4.099883 -0.045652
-1.168143 -4.102193 -0.032057
-1.249713 -4.104503 -0.018462
-1.331283 -4.106812 -0.004867
-1.412852 -4.109122 0.008728
-1.494422 -4.111432 0.022323
-1.575992 -4.113742 0.035918
-1.657562 -4.116052 0.049512
-1.739132 -4.118361 0.063107
-1.820702 -4.120671 0.076702
-1.902272 -4.122982 0.090297
-1.983841 -4.125291 0.103892
-2.065411 -4.127601 0.117487
-2.146981 -4.129911 0.131082
-2.228551 -4.132221 0.144677
-2.310121 -4.134531 0.158272
-2.391691 -4.136841 0.171867
-2.473261 -4.139151 0.185462
-2.554830 -4.141460 0.199057
-2.636400 -4.143770 0.212652
-2.717970 -4.146080 0.226247
-2.799540 -4.148390 0.239842
-2.881110 -4.150700 0.253437
-2.962680 -4.153010 0.267032
-3.044250 -4.155320 0.280627
-3.125819 -4.157629 0.294222
-3.207389 -4.159940 0.307817
-3.288959 -4.162250 0.321412
-3.370529 -4.164559 0.335007
-3.452099 -4.166869 0.348602
-3.533669 -4.169179 0.362197
-3.615239 -4.171489 0.375792
3.354968 4.095000 -0.785909
3.354968 4.012272 -0.703182
3.354968 3.929545 -0.703182
3.354968 3.846818 -0.703182
3.354968 3.764091 -0.703182
3.354968 3.681364 -0.703182
3.354968 3.598636 -0.703182
3.354968 3.515909 -0.703182
3.354968 3.433182 -0.703182
3.354968 3.350454 -0.703182
3.354968 3.267727 -0.703182
3.354968 3.185000 -0.703182
3.354968 3.102273 -0.703182
3.354968 3.019545 -0.703182
3.354968 2.936818 -0.703182
3.354968 2.854091 -0.703182
3.354968 2.771363 -0.703182
3.354968 2.688636 -0.703182
3.354968 2.605909 -0.703182
3.354968 2.523182 -0.703182
3.354968 2.440454 -0.703182
3.354968 2.357727 -0.703182
3.354968 2.275000 -0.703182
3.354968 2.192273 -0.703182
3.354968 2.109545 -0.703182
3.354968 2.026818 -0.703182
3.354968 1.944091 -0.703182
3.354968 1.861364 -0.703182
3.354968 1.778636 -0.703182
3.354968 1.695909 -0.703182
3.354968 1.613182 -0.703182
3.354968 1.530454 -0.703182
3.354968 1.447727 -0.703182
3.354968 1.365000 -0.703182
3.354968 1.282273 -0.703182
3.354968 1.199545 -0.703182
3.354968 1.116818 -0.703182
3.354968 1.034091 -0.703182
3.354968 0.951364 -0.703182
3.354968 0.868636 -0.703182
3.354968 0.785909 -0.703182
3.354968 0.703182 -0.703182
3.354968 0.620455 -0.703182
3.354968 0.537727 -0.703182
3.354968 0.455000 -0.703182
3.354968 0.372273 -0.703182
3.354968 0.289546 -0.703182
3.354968 0.206818 -0.703182
3.354968 0.124091 -0.703182
3.354968 0.041364 -0.703182
3.346789 -0.259762 -0.701819
3.281558 -0.775057 -0.690947
3.152157 -1.277745 -0.669380
2.960692 -1.759646 -0.637469
2.710279 -2.212915 -0.595734
2.404988 -2.630185 -0.544852
2.049789 -3.004663 -0.485652
1.650462 -3.330256 -0.419097
1.213500 -3.601671 -0.346270
0.746014 -3.814488 -0.268356
0.255612 -3.965246 -0.186622
-0.249732 -4.051493 -0.102398
-0.584113 -4.072428 -0.046668
-0.665683 -4.074739 -0.033073
-0.747253 -4.077048 -0.019478
-0.828823 -4.079358 -0.005883
-0.910392 -4.081668 0.007712
-0.991962 -4.083978 0.021307
-1.073532 -4.086287 0.034902
-1.155102 -4.088597 0.048497
-1.236672 -4.090907 0.062092
-1.318242 -4.093217 0.075687
-1.399812 -4.095527 0.089281
-1.481382 -4.097837 0.102877
-1.562952 -4.100147 0.116472
-1.644521 -4.102457 0.130066
-1.726091 -4.104767 0.143661
-1.807661 -4.107077 0.157256
-1.889231 -4.109386 0.170851
-1.970801 -4.111696 0.184446
-2.052371 -4.114006 0.198041
-2.133941 -4.116316 0.211636
-2.215510 -4.118626 0.225231
-2.297080 -4.120935 0.238826
-2.378650 -4.123246 0.252421
-2.460220 -4.125556 0.266016
-2.541790 -4.127865 0.279611
-2.623360 -4.130175 0.293206
-2.704930 -4.132485 0.306801
-2.786500 -4.134795 0.320396
-2.868069 -4.137105 0.333991
-2.949639 -4.139415 0.347586
-3.031209 -4.141725 0.361181
-3.112779 -4.144034 0.374776
-3.194349 -4.146344 0.388371
-3.275918 -4.148654 0.401966
-3.357489 -4.150964 0.415561
-3.439058 -4.153274 0.429156
-3.520628 -4.155584 0.442751
-3.602198 -4.157894 0.456346
3.354968 4.095000 -0.703182
3.354968 4.012272 -0.620455
3.354968 3.929545 -0.620455
3.354968 3.846818 -0.620455
3.354968 3.764091 -0.620455
3.354968 3.681364 -0.620455
3.354968 3.598636 -0.620455
3.354968 3.515909 -0.620455
3.354968 3.433182 -0.620455
3.354968 3.350454 -0.620455
3.354968 3.267727 -0.620455
3.354968 3.185000 -0.620455
3.354968 3.102273 -0.620455
3.354968 3.019545 -0.620455
3.354968 2.936818 -0.620455
3.354968 2.854091 -0.620455
3.354968 2.771363 -0.620455
3.354968 2.688636 -0.620455
3.354968 2.605909 -0.620455
3.354968 2.523182 -0.620455
3.354968 2.440454 -0.620455
3.354968 2.357727 -0.620455
3.354968 2.275000 -0.620455
3.354968 2.192273 -0.620455
3.354968 2.109545 -0.620455
3.354968 2.026818 -0.620455
3.354968 1.944091 -0.620455
3.354968 1.861364 -0.620455
3.354968 1.778636 -0.620455
3.354968 1.695909 -0.620455
3.354968 1.613182 -0.620455
3.354968 1.530454 -0.620455
3.354968 1.447727 -0.620455
3.354968 1.365000 -0.620455
3.354968 1.282273 -0.620455
3.354968 1.199545 -0.620455
3.354968 1.116818 -0.620455
3.354968 1.034091 -0.620455
3.354968 0.951364 -0.620455
3.354968 0.868636 -0.620455
3.354968 0.785909 -0.620455
3.354968 0.703182 -0.620455
3.354968 0.620455 -0.620455
3.354968 0.537727 -0.620455
3.354968 0.455000 -0.620455
3.354968 0.372273 -0.620455
3.354968 0.289546 -0.620455
3.354968 0.206818 -0.620455
3.354968 0.124091 -0.620455
3.354968 0.041364 -0.620455
3.346816 -0.258895 -0.619096
3.281804 -0.772469 -0.608261
3.152835 -1.273479 -0.586766
2.962009 -1.753770 -0.554961
2.712431 -2.205526 -0.513365
2.408160 -2.621403 -0.462653
2.054147 -2.994631 -0.403651
1.656154 -3.319137 -0.337319
1.220651 -3.589644 -0.264735
0.754726 -3.801751 -0.187081
0.265961 -3.952006 -0.105620
-0.237696 -4.037965 -0.021677
-0.571073 -4.058834 0.033885
-0.652642 -4.061144 0.047480
-0.734212 -4.063454 0.061075
-0.815782 -4.065763 0.074670
-0.897352 -4.068073 0.088265
-0.978922 -4.070383 0.101860
-1.060492 -4.072693 0.115455
-1.142061 -4.075003 0.129050
-1.223631 -4.077312 0.142645
-1.305201 -4.079622 0.156240
-1.386771 -4.081933 0.169835
-1.468341 -4.084242 0.183430
-1.549911 -4.086552 0.197025
-1.631481 -4.088862 0.210620
-1.713051 -4.091172 0.224215
-1.794621 -4.093482 0.237810
-1.876190 -4.095792 0.251405
-1.957760 -4.098102 0.265000
-2.039330 -4.100411 0.278595
-2.120900 -4.102721 0.292190
-2.202470 -4.105031 0.305785
-2.284039 -4.107341 0.319380
-2.365609 -4.109651 0.332975
-2.447179 -4.111961 0.346570
-2.528749 -4.114271 0.360165
-2.610319 -4.116580 0.373760
-2.691889 -4.118891 0.387355
-2.773459 -4.121201 0.400950
-2.855029 -4.123510 0.414545
-2.936599 -4.125820 0.428140
-3.018168 -4.128130 0.441735
-3.099738 -4.130440 0.455330
-3.181308 -4.132750 0.468925
-3.262878 -4.135059 0.482520
-3.344448 -4.137369 0.496115
-3.426017 -4.139679 0.509710
-3.507587 -4.141989 0.523305
-3.589158 -4.144299 0.536900
3.354968 4.095000 -0.620455
3.354968 4.012272 -0.537727
3.354968 3.929545 -0.537727
3.354968 3.846818 -0.537727
3.354968 3.764091 -0.537727
3.354968 3.681364 -0.537727
3.354968 3.598636 -0.537727
3.354968 3.515909 -0.537727
3.354968 3.433182 -0.537727
3.354968 3.350454 -0.537727
3.354968 3.267727 -0.537727
3.354968 3.185000 -0.537727
3.354968 3.102273 -0.537727
3.354968 3.019545 -0.537727
3.354968 2.936818 -0.537727
3.354968 2.854091 -0.537727
3.354968 2.771363 -0.537727
3.354968 2.688636 -0.537727
3.354968 2.605909 -0.537727
3.354968 2.523182 -0.537727
3.354968 2.440454 -0.537727
3.354968 2.357727 -0.537727
3.354968 2.275000 -0.537727
3.354968 2.192273 -0.537727
3.354968 2.109545 -0.537727
3.354968 2.026818 -0.537727
3.354968 1.944091 -0.537727
3.354968 1.861364 -0.537727
3.354968 1.778636 -0.537727
3.354968 1.695909 -0.537727
3.354968 1.613182 -0.537727
3.354968 1.530454 -0.537727
3.354968 1.447727 -0.537727
3.354968 1.365000 -0.537727
3.354968 1.282273 -0.537727
3.354968 1.199545 -0.537727
3.354968 1.116818 -0.537727
3.354968 1.034091 -0.537727
3.354968 0.951364 -0.537727
3.354968 0.868636 -0.537727
3.354968 0.785909 -0.537727
3.354968 0.703182 -0.537727
3.354968 0.620455 -0.537727
3.354968 0.537727 -0.537727
3.354968 0.455000 -0.537727
3.354968 0.372273 -0.537727
3.354968 0.289546 -0.537727
3.354968 0.206818 -0.537727
3.354968 0.124091 -0.537727
3.354968 0.041364 -0.537727
3.346844 -0.258027 -0.536373
3.282049 -0.769881 -0.525574
3.153512 -1.269212 -0.504151
2.963325 -1.747894 -0.472454
2.714584 -2.198137 -0.430997
2.411332 -2.612620 -0.380455
2.058505 -2.984598 -0.321650
1.661845 -3.308016 -0.255540
1.227801 -3.577618 -0.183200
0.763437 -3.789014 -0.105806
0.276310 -3.938765 -0.024618
-0.225659 -4.024436 0.059044
-0.558032 -4.045238 0.114439
-0.639602 -4.047548 0.128034
-0.721172 -4.049858 0.141629
-0.802742 -4.052168 0.155224
-0.884311 -4.054478 0.168819
-0.965881 -4.056788 0.182414
-1.047451 -4.059098 0.196009
-1.129021 -4.061408 0.209604
-1.210591 -4.063718 0.223199
-1.292161 -4.066028 0.236794
-1.373730 -4.068337 0.250389
-1.455300 -4.070647 0.263984
-1.536870 -4.072957 0.277579
-1.618440 -4.075267 0.291174
-1.700010 -4.077577 0.304769
-1.781580 -4.079886 0.318364
-1.863150 -4.082197 0.331959
-1.944720 -4.084507 0.345554
-2.026289 -4.086816 0.359149
-2.107859 -4.089127 0.372744
-2.189429 -4.091436 0.386339
-2.270999 -4.093746 0.399934
-2.352569 -4.096056 0.413529
-2.434139 -4.098366 0.427124
-2.515708 -4.100676 0.440719
-2.597278 -4.102985 0.454314
-2.678849 -4.105295 0.467909
-2.760418 -4.107605 0.481504
-2.841988 -4.109915 0.495099
-2.923558 -4.112225 0.508694
-3.005128 -4.114535 0.522289
-3.086698 -4.116845 0.535884
-3.168267 -4.119155 0.549479
-3.249837 -4.121465 0.563073
-3.331407 -4.123775 0.576668
-3.412977 -4.126084 0.590263
-3.494547 -4.128394 0.603858
-3.576117 -4.130704 0.617453
3.354968 4.095000 -0.537727
3.354968 4.012272 -0.455000
3.354968 3.929545 -0.455000
3.354968 3.846818 -0.455000
3.354968 3.764091 -0.455000
3.354968 3.681364 -0.455000
3.354968 3.598636 -0.455000
3.354968 3.515909 -0.455000
3.354968 3.433182 -0.455000
3.354968 3.350454 -0.455000
3.354968 3.267727 -0.455000
3.354968 3.185000 -0.455000
3.354968 3.102273 -0.455000
3.354968 3.019545 -0.455000
3.354968 2.936818 -0.455000
3.354968 2.854091 -0.455000
3.354968 2.771363 -0.455000
3.354968 2.688636 -0.455000
3.354968 2.605909 -0.455000
3.354968 2.523182 -0.455000
3.354968 2.440454 -0.455000
3.354968 2.357727 -0.455000
3.354968 2.275000 -0.455000
3.354968 2.192273 -0.455000
3.354968 2.109545 -0.455000
3.354968 2.026818 -0.455000
3.354968 1.944091 -0.455000
3.354968 1.861364 -0.455000
3.354968 1.778636 -0.455000
3.354968 1.695909 -0.455000
3.354968 1.613182 -0.455000
3.354968 1.530454 -0.455000
3.354968 1.447727 -0.455000
3.354968 1.365000 -0.455000
3.354968 1.282273 -0.455000
3.354968 1.199545 -0.455000
3.354968 1.116818 -0.455000
3.354968 1.034091 -0.455000
3.354968 0.951364 -0.455000
3.354968 0.868636 -0.455000
3.354968 0.785909 -0.455000
3.354968 0.703182 -0.455000
3.354968 0.620455 -0.455000
3.354968 0.537727 -0.455000
3.354968 0.455000 -0.455000
3.354968 0.372273 -0.455000
3.354968 0.289546 -0.455000
3.354968 0.206818 -0.455000
3.354968 0.124091 -0.455000
3.354968 0.041364 -0.455000
3.346871 -0.257160 -0.453650
3.282294 -0.767293 -0.442888
3.154189 -1.264946 -0.421537
2.964642 -1.742019 -0.389946
2.716737 -2.190748 -0.348628
2.414504 -2.603837 -0.298256
2.062863 -2.974565 -0.239649
1.667537 -3.296896 -0.173761
1.234951 -3.565592 -0.101664
0.772148 -3.776277 -0.024530
0.286659 -3.925525 0.056385
-0.213623 -4.010908 0.139765
-0.544991 -4.031643 0.194993
-0.626561 -4.033954 0.208588
-0.708131 -4.036263 0.222183
-0.789701 -4.038573 0.235778
-0.871270 -4.040883 0.249373
-0.952841 -4.043193 0.262968
-1.034411 -4.045503 0.276563
-1.115980 -4.047812 0.290158
-1.197550 -4.050122 0.303753
-1.279120 -4.052432 0.317348
-1.360690 -4.054742 0.330943
-1.442260 -4.057052 0.344538
-1.523830 -4.059362 0.358133
-1.605399 -4.061672 0.371728
-1.686969 -4.063982 0.385323
-1.768539 -4.066292 0.398918
-1.850109 -4.068602 0.412513
-1.931679 -4.070911 0.426108
-2.013248 -4.073221 0.439703
-2.094819 -4.075531 0.453298
-2.176388 -4.077841 0.466893
-2.257958 -4.080151 0.480488
-2.339528 -4.082461 0.494083
-2.421098 -4.084771 0.507678
-2.502668 -4.087080 0.521273
-2.584238 -4.089390 0.534868
-2.665808 -4.091701 0.548463
-2.747377 -4.094010 0.562058
-2.828947 -4.096320 0.575653
-2.910517 -4.098630 0.589248
-2.992087 -4.100940 0.602843
-3.073657 -4.103250 0.616437
-3.155227 -4.105559 0.630032
-3.236796 -4.107869 0.643627
-3.318367 -4.110179 0.657222
-3.399936 -4.112489 0.670817
-3.481506 -4.114799 0.684412
-3.563076 -4.117109 0.698007
3.354968 4.095000 -0.455000
3.354968 4.012272 -0.372273
3.354968 3.929545 -0.372273
3.354968 3.846818 -0.372273
3.354968 3.764091 -0.372273
3.354968 3.681364 -0.372273
3.354968 3.598636 -0.372273
3.354968 3.515909 -0.372273
3.354968 3.433182 -0.372273
3.354968 3.350454 -0.372273
3.354968 3.267727 -0.372273
3.354968 3.185000 -0.372273
3.354968 3.102273 -0.372273
3.354968 3.019545 -0.372273
3.354968 2.936818 -0.372273
3.354968 2.854091 -0.372273
3.354968 2.771363 -0.372273
3.354968 2.688636 -0.372273
3.354968 2.605909 -0.372273
3.354968 2.523182 -0.372273
3.354968 2.440454 -0.372273
3.354968 2.357727 -0.372273
3.354968 2.275000 -0.372273
3.354968 2.192273 -0.372273
3.354968 2.109545 -0.372273
3.354968 2.026818 -0.372273
3.354968 1.944091 -0.372273
3.354968 1.861364 -0.372273
3.354968 1.778636 -0.372273
3.354968 1.695909 -0.372273
3.354968 1.613182 -0.372273
3.354968 1.530454 -0.372273
3.354968 1.447727 -0.372273
3.354968 1.365000 -0.372273
3.354968 1.282273 -0.372273
3.354968 1.199545 -0.372273
3.354968 1.116818 -0.372273
3.354968 1.034091 -0.372273
3.354968 0.951364 -0.372273
3.354968 0.868636 -0.372273
3.354968 0.785909 -0.372273
3.354968 0.703182 -0.372273
3.354968 0.620455 -0.372273
3.354968 0.537727 -0.372273
3.354968 0.455000 -0.372273
3.354968 0.372273 -0.372273
3.354968 0.289546 -0.372273
3.354968 0.206818 -0.372273
3.354968 0.124091 -0.372273
3.354968 0.041364 -0.372273
3.346899 -0.256293 -0.370928
3.282539 -0.764705 -0.360201
3.154866 -1.260679 -0.338922
2.965958 -1.736143 -0.307438
2.718890 -2.183359 -0.266260
2.417676 -2.595055 -0.216057
2.067222 -2.964532 -0.157648
1.673228 -3.285777 -0.091983
1.242102 -3.553566 -0.020128
0.780860 -3.763541 0.056745
0.297008 -3.912285 0.137387
-0.201587 -3.997380 0.220486
-0.531951 -4.018048 0.275547
-0.613520 -4.020359 0.289142
-0.695090 -4.022668 0.302737
-0.776660 -4.024978 0.316332
-0.858230 -4.027288 0.329927
-0.939800 -4.029598 0.343522
-1.021370 -4.031908 0.357117
-1.102939 -4.034218 0.370712
-1.184510 -4.036528 0.384307
-1.266079 -4.038837 0.397902
-1.347649 -4.041147 0.411497
-1.429219 -4.043457 0.425092
-1.510789 -4.045767 0.438687
-1.592359 -4.048077 0.452282
-1.673929 -4.050387 0.465877
-1.755499 -4.052697 0.479472
-1.837068 -4.055007 0.493067
-1.918638 -4.057317 0.506662
-2.000208 -4.059627 0.520257
-2.081778 -4.061936 0.533852
-2.163348 -4.064246 0.547446
-2.244917 -4.066556 0.561041
-2.326487 -4.068866 0.574636
-2.408057 -4.071176 0.588231
-2.489627 -4.073485 0.601826
-2.571197 -4.075795 0.615421
-2.652767 -4.078105 0.629016
-2.734337 -4.080415 0.642611
-2.815907 -4.082725 0.656206
-2.897477 -4.085035 0.669801
-2.979046 -4.087345 0.683396
-3.060616 -4.089655 0.696991
-3.142186 -4.091965 0.710586
-3.223756 -4.094275 0.724181
-3.305326 -4.096584 0.737776
-3.386895 -4.098894 0.751371
-3.468465 -4.101204 0.764966
-3.550035 -4.103514 0.778561
3.354968 4.095000 -0.372273
3.354968 4.012272 -0.289546
3.354968 3.929545 -0.289546
3.354968 3.846818 -0.289546
3.354968 3.764091 -0.289546
3.354968 3.681364 -0.289546
3.354968 3.598636 -0.289546
3.354968 3.515909 -0.289546
3.354968 3.433182 -0.289546
3.354968 3.350454 -0.289546
3.354968 3.267727 -0.289546
3.354968 3.185000 -0.289546
3.354968 3.102273 -0.289546
3.354968 3.019545 -0.289546
3.354968 2.936818 -0.289546
3.354968 2.854091 -0.289546
3.354968 2.771363 -0.289546
3.354968 2.688636 -0.289546
3.354968 2.605909 -0.289546
3.354968 2.523182 -0.289546
3.354968 2.440454 -0.289546
3.354968 2.357727 -0.289546
3.354968 2.275000 -0.289546
3.354968 2.192273 -0.289546
3.354968 2.109545 -0.289546
3.354968 2.026818 -0.289546
3.354968 1.944091 -0.289546
3.354968 1.861364 -0.289546
3.354968 1.778636 -0.289546
3.354968 1.695909 -0.289546
3.354968 1.613182 -0.289546
3.354968 1.530454 -0.289546
3.354968 1.447727 -0.289546
3.354968 1.365000 -0.289546
3.354968 1.282273 -0.289546
3.354968 1.199545 -0.289546
3.354968 1.116818 -0.289546
3.354968 1.034091 -0.289546
3.354968 0.951364 -0.289546
3.354968 0.868636 -0.289546
3.354968 0.785909 -0.289546
3.354968 0.703182 -0.289546
3.354968 0.620455 -0.289546
3.354968 0.537727 -0.289546
3.354968 0.455000 -0.289546
3.354968 0.372273 -0.289546
3.354968 0.289546 -0.289546
3.354968 0.206818 -0.289546
3.354968 0.124091 -0.289546
3.354968 0.041364 -0.289546
3.346926 -0.255425 -0.288205
3.282784 -0.762117 -0.277515
3.155544 -1.256413 -0.256308
2.967275 -1.730268 -0.224930
2.721042 -2.175970 -0.183891
2.420848 -2.586273 -0.133859
2.071579 -2.954500 -0.075648
1.678920 -3.274656 -0.010204
1.249253 -3.541539 0.061407
0.789571 -3.750804 0.138021
0.307357 -3.899045 0.218390
-0.189550 -3.983851 0.301207
-0.518910 -4.004454 0.356101
-0.600480 -4.006763 0.369696
-0.682050 -4.009073 0.383291
-0.763620 -4.011383 0.396886
-0.845189 -4.013693 0.410481
-0.926759 -4.016003 0.424076
-1.008329 -4.018313 0.437671
-1.089899 -4.020623 0.451266
-1.171469 -4.022933 0.464860
-1.253039 -4.025243 0.478456
-1.334608 -4.027553 0.492050
-1.416178 -4.029862 0.505646
-1.497748 -4.032172 0.519240
-1.579318 -4.034482 0.532835
-1.660888 -4.036792 0.546430
-1.742458 -4.039102 0.560025
-1.824028 -4.041412 0.573620
-1.905598 -4.043722 0.587215
-1.987167 -4.046031 0.600810
-2.068737 -4.048342 0.614405
-2.150307 -4.050652 0.628000
-2.231877 -4.052961 0.641595
-2.313447 -4.055271 0.655190
-2.395017 -4.057581 0.668785
-2.476586 -4.059891 0.682380
-2.558156 -4.062201 0.695975
-2.639727 -4.064510 0.709570
-2.721296 -4.066820 0.723165
-2.802866 -4.069130 0.736760
-2.884436 -4.071440 0.750355
-2.966006 -4.073750 0.763950
-3.047576 -4.076060 0.777545
-3.129146 -4.078370 0.791140
-3.210715 -4.080680 0.804735
-3.292285 -4.082990 0.818330
-3.373855 -4.085299 0.831925
-3.455425 -4.087609 0.845520
-3.536995 -4.089919 0.859115
3.354968 4.095000 -0.289546
3.354968 4.012272 -0.206818
3.354968 3.929545 -0.206818
3.354968 3.846818 -0.206818
3.354968 3.764091 -0.206818
3.354968 3.681364 -0.206818
3.354968 3.598636 -0.206818
3.354968 3.515909 -0.206818
3.354968 3.433182 -0.206818
3.354968 3.350454 -0.206818
3.354968 3.267727 -0.206818
3.354968 3.185000 -0.206818
3.354968 3.102273 -0.206818
3.354968 3.019545 -0.206818
3.354968 2.936818 -0.206818
3.354968 2.854091 -0.206818
3.354968 2.771363 -0.206818
3.354968 2.688636 -0.206818
3.354968 2.605909 -0.206818
3.354968 2.523182 -0.206818
3.354968 2.440454 -0.206818
3.354968 2.357727 -0.206818
3.354968 2.275000 -0.206818
3.354968 2.192273 -0.206818
3.354968 2.109545 -0.206818
3.354968 2.026818 -0.206818
3.354968 1.944091 -0.206818
3.354968 1.861364 -0.206818
3.354968 1.778636 -0.206818
3.354968 1.695909 -0.206818
3.354968 1.613182 -0.206818
3.354968 1.530454 -0.206818
3.354968 1.447727 -0.206818
3.354968 1.365000 -0.206818
3.354968 1.282273 -0.206818
3.354968 1.199545 -0.206818
3.354968 1.116818 -0.206818
3.354968 1.034091 -0.206818
3.354968 0.951364 -0.206818
3.354968 0.868636 -0.206818
3.354968 0.785909 -0.206818
3.354968 0.703182 -0.206818
3.354968 0.620455 -0.206818
3.354968 0.537727 -0.206818
3.354968 0.455000 -0.206818
3.354968 0.372273 -0.206818
3.354968 0.289546 -0.206818
3.354968 0.206818 -0.206818
3.354968 0.124091 -0.206818
3.354968 0.041364 -0.206818
3.346953 -0.254558 -0.205482
3.283029 -0.759529 -0.194828
3.156221 -1.252146 -0.173694
2.968591 -1.724392 -0.142422
2.723195 -2.168581 -0.101523
2.424021 -2.577490 -0.051660
2.075938 -2.944467 0.006354
1.684611 -3.263536 0.071575
1.256403 -3.529513 0.142943
0.798283 -3.738067 0.219296
0.317706 -3.885804 0.299392
-0.177514 -3.970323 0.381929
-0.505869 -3.990859 0.436655
-0.587439 -3.993169 0.450250
-0.669009 -3.995478 0.463845
-0.750579 -3.997788 0.477440
-0.832148 -4.000098 0.491035
-0.913719 -4.002408 0.504630
-0.995288 -4.004718 0.518225
-1.076858 -4.007028 0.531820
-1.158428 -4.009337 0.545415
-1.239998 -4.011647 0.559010
-1.321568 -4.013958 0.572604
-1.403138 -4.016267 0.586199
-1.484708 -4.018577 0.599795
-1.566277 -4.020887 0.613389
-1.647847 -4.023197 0.626984
-1.729417 -4.025507 0.640579
-1.810987 -4.027817 0.654174
-1.892557 -4.030127 0.667769
-1.974126 -4.032436 0.681364
-2.055696 -4.034746 0.694959
-2.137266 -4.037056 0.708554
-2.218836 -4.039366 0.722149
-2.300406 -4.041676 0.735744
-2.381976 -4.043986 0.749339
-2.463546 -4.046296 0.762934
-2.545115 -4.048605 0.776529
-2.626686 -4.050916 0.790124
-2.708255 -4.053226 0.803719
-2.789825 -4.055535 0.817314
-2.871395 -4.057845 0.830909
-2.952965 -4.060155 0.844504
-3.034535 -4.062465 0.858099
-3.116105 -4.064775 0.871694
-3.197674 -4.067084 0.885289
-3.279244 -4.069394 0.898884
-3.360814 -4.071704 0.912479
-3.442384 -4.074014 0.926074
-3.523954 -4.076324 0.939669
3.354968 4.095000 -0.206818
3.354968 4.012272 -0.124091
3.354968 3.929545 -0.124091
3.354968 3.846818 -0.124091
3.354968 3.764091 -0.124091
3.354968 3.681364 -0.124091
3.354968 3.598636 -0.124091
3.354968 3.515909 -0.124091
3.354968 3.433182 -0.124091
3.354968 3.350454 -0.124091
3.354968 3.267727 -0.124091
3.354968 3.185000 -0.124091
3.354968 3.102273 -0.124091
3.354968 3.019545 -0.124091
3.354968 2.936818 -0.124091
3.354968 2.854091 -0.124091
3.354968 2.771363 -0.124091
3.354968 2.688636 -0.124091
3.354968 2.605909 -0.124091
3.354968 2.523182 -0.124091
3.354968 2.440454 -0.124091
3.354968 2.357727 -0.124091
3.354968 2.275000 -0.124091
3.354968 2.192273 -0.124091
3.354968 2.109545 -0.124091
3.354968 2.026818 -0.124091
3.354968 1.944091 -0.124091
3.354968 1.861364 -0.124091
3.354968 1.778636 -0.124091
3.354968 1.695909 -0.124091
3.354968 1.613182 -0.124091
3.354968 1.530454 -0.124091
3.354968 1.447727 -0.124091
3.354968 1.365000 -0.124091
3.354968 1.282273 -0.124091
3.354968 1.199545 -0.124091
3.354968 1.116818 -0.124091
3.354968 1.034091 -0.124091
3.354968 0.951364 -0.124091
3.354968 0.868636 -0.124091
3.354968 0.785909 -0.124091
3.354968 0.703182 -0.124091
3.354968 0.620455 -0.124091
3.354968 0.537727 -0.124091
3.354968 0.455000 -0.124091
3.354968 0.372273 -0.124091
3.354968 0.289546 -0.124091
3.354968 0.206818 -0.124091
3.354968 0.124091 -0.124091
3.354968 0.041364 -0.124091
3.346980 -0.253690 -0.122760
3.283274 -0.756941 -0.112142
3.156898 -1.247880 -0.091079
2.969908 -1.718517 -0.059914
2.725348 -2.161192 -0.019154
2.427192 -2.568708 0.030538
2.080296 -2.934434 0.088354
1.690303 -3.252417 0.153353
1.263554 -3.517487 0.224478
0.806995 -3.725330 0.300571
0.328055 -3.872564 0.380395
-0.165477 -3.956795 0.462650
-0.492829 -3.977264 0.517209
-0.574398 -3.979574 0.530803
-0.655968 -3.981884 0.544398
-0.737538 -3.984193 0.557993
-0.819108 -3.986503 0.571588
-0.900678 -3.988813 0.585183
-0.982248 -3.991123 0.598778
-1.063817 -3.993433 0.612373
-1.145387 -3.995743 0.625968
-1.226958 -3.998053 0.639563
-1.308527 -4.000362 0.653158
-1.390097 -4.002672 0.666753
-1.471667 -4.004982 0.680348
-1.553236 -4.007292 0.693943
-1.634807 -4.009602 0.707538
-1.716377 -4.011912 0.721133
-1.797946 -4.014222 0.734728
-1.879516 -4.016532 0.748323
-1.961086 -4.018842 0.761918
-2.042656 -4.021152 0.775513
-2.124226 -4.023461 0.789108
-2.205796 -4.025771 0.802703
-2.287365 -4.028081 0.816298
-2.368936 -4.030391 0.829893
-2.450505 -4.032701 0.843488
-2.532075 -4.035010 0.857083
-2.613645 -4.037321 0.870678
-2.695215 -4.039630 0.884273
-2.776785 -4.041940 0.897868
-2.858355 -4.044250 0.911463
-2.939924 -4.046560 0.925058
-3.021494 -4.048870 0.938653
-3.103064 -4.051180 0.952248
-3.184634 -4.053490 0.965843
-3.266204 -4.055799 0.979438
-3.347773 -4.058109 0.993033
-3.429343 -4.060419 1.006628
-3.510914 -4.062729 1.020223
3.354968 4.095000 -0.124091
3.354968 4.012272 -0.041364
3.354968 3.929545 -0.041364
3.354968 3.846818 -0.041364
3.354968 3.764091 -0.041364
3.354968 3.681364 -0.041364
3.354968 3.598636 -0.041364
3.354968 3.515909 -0.041364
3.354968 3.433182 -0.041364
3.354968 3.350454 -0.041364
3.354968 3.267727 -0.041364
3.354968 3.185000 -0.041364
3.354968 3.102273 -0.041364
3.354968 3.019545 -0.041364
3.354968 2.936818 -0.041364
3.354968 2.854091 -0.041364
3.354968 2.771363 -0.041364
3.354968 2.688636 -0.041364
3.354968 2.605909 -0.041364
3.354968 2.523182 -0.041364
3.354968 2.440454 -0.041364
3.354968 2.357727 -0.041364
3.354968 2.275000 -0.041364
3.354968 2.192273 -0.041364
3.354968 2.109545 -0.041364
3.354968 2.026818 -0.041364
3.354968 1.944091 -0.041364
3.354968 1.861364 -0.041364
3.354968 1.778636 -0.041364
3.354968 1.695909 -0.041364
3.354968 1.613182 -0.041364
3.354968 1.530454 -0.041364
3.354968 1.447727 -0.041364
3.354968 1.365000 -0.041364
3.354968 1.282273 -0.041364
3.354968 1.199545 -0.041364
3.354968 1.116818 -0.041364
3.354968 1.034091 -0.041364
3.354968 0.951364 -0.041364
3.354968 0.868636 -0.041364
3.354968 0.785909 -0.041364
3.354968 0.703182 -0.041364
3.354968 0.620455 -0.041364
3.354968 0.537727 -0.041364
3.354968 0.455000 -0.041364
3.354968 0.372273 -0.041364
3.354968 0.289546 -0.041364
3.354968 0.206818 -0.041364
3.354968 0.124091 -0.041364
3.354968 0.041364 -0.041364
3.347008 -0.252823 -0.040037
3.283520 -0.754353 -0.029456
3.157575 -1.243613 -0.008465
2.971224 -1.712641 0.022594
2.727500 -2.153803 0.063214
2.430365 -2.559926 0.112737
2.084654 -2.924401 0.170355
1.695994 -3.241297 0.235132
1.270704 -3.505461 0.306014
0.815706 -3.712593 0.381847
0.338404 -3.859324 0.461397
-0.153441 -3.943267 0.543371
-0.479788 -3.963669 0.597762
-0.561358 -3.965979 0.611357
-0.642928 -3.968288 0.624952
-0.724498 -3.970598 0.638547
-0.806067 -3.972908 0.652142
-0.887637 -3.975218 0.665737
-0.969207 -3.977528 0.679332
-1.050777 -3.979838 0.692927
-1.132347 -3.982148 0.706522
-1.213917 -3.984457 0.720117
-1.295486 -3.986768 0.733712
-1.377056 -3.989077 0.747307
-1.458627 -3.991387 0.760902
-1.540196 -3.993697 0.774497
-1.621766 -3.996007 0.788092
-1.703336 -3.998317 0.801687
-1.784906 -4.000627 0.815282
-1.866476 -4.002936 0.828877
-1.948045 -4.005246 0.842472
-2.029615 -4.007556 0.856067
-2.111185 -4.009866 0.869662
-2.192755 -4.012176 0.883257
-2.274325 -4.014486 0.896852
-2.355895 -4.016796 0.910447
-2.437464 -4.019106 0.924042
-2.519034 -4.021416 0.937637
-2.600605 -4.023726 0.951232
-2.682174 -4.026035 0.964827
-2.763744 -4.028345 0.978422
-2.845314 -4.030655 0.992017
-2.926884 -4.032965 1.005612
-3.008454 -4.035275 1.019207
-3.090024 -4.037585 1.032802
-3.171593 -4.039895 1.046396
-3.253163 -4.042204 1.059991
-3.334733 -4.044515 1.073586
-3.416303 -4.046824 1.087181
-3.497873 -4.049134 1.100776
3.354968 4.095000 -0.041364
3.354968 4.012272 0.041364
3.354968 3.929545 0.041364
3.354968 3.846818 0.041364
3.354968 3.764091 0.041364
3.354968 3.681364 0.041364
3.354968 3.598636 0.041364
3.354968 3.515909 0.041364
3.354968 3.433182 0.041364
3.354968 3.350454 0.041364
3.354968 3.267727 0.041364
3.354968 3.185000 0.041364
3.354968 3.102273 0.041364
3.354968 3.019545 0.041364
3.354968 2.936818 0.041364
3.354968 2.854091 0.041364
3.354968 2.771363 0.041364
3.354968 2.688636 0.041364
3.354968 2.605909 0.041364
3.354968 2.523182 0.041364
3.354968 2.440454 0.041364
3.354968 2.357727 0.041364
3.354968 2.275000 0.041364
3.354968 2.192273 0.041364
3.354968 2.109545 0.041364
3.354968 2.026818 0.041364
3.354968 1.944091 0.041364
3.354968 1.861364 0.041364
3.354968 1.778636 0.041364
3.354968 1.695909 0.041364
3.354968 1.613182 0.041364
3.354968 1.530454 0.041364
3.354968 1.447727 0.041364
3.354968 1.365000 0.041364
3.354968 1.282273 0.041364
3.354968 1.199545 0.041364
3.354968 1.116818 0.041364
3.354968 1.034091 0.041364
3.354968 0.951364 0.041364
3.354968 0.868636 0.041364
3.354968 0.785909 0.041364
3.354968 0.703182 0.041364
3.354968 0.620455 0.041364
3.354968 0.537727 0.041364
3.354968 0.455000 0.041364
3.354968 0.372273 0.041364
3.354968 0.289546 0.041364
3.354968 0.206818 0.041364
3.354968 0.124091 0.041364
3.354968 0.041364 0.041364
3.347035 -0.251956 0.042686
3.283765 -0.751765 0.053231
3.158252 -1.239347 0.074150
2.972541 -1.706765 0.105102
2.729653 -2.146414 0.145583
2.433537 -2.551143 0.194936
2.089012 -2.914368 0.252356
1.701686 -3.230176 0.316911
1.277855 -3.493434 0.387549
0.824417 -3.699856 0.463122
0.348753 -3.846083 0.542400
-0.141405 -3.929739 0.624092
-0.466747 -3.950074 0.678316
-0.548317 -3.952384 0.691911
-0.629887 -3.954694 0.705506
-0.711457 -3.957003 0.719101
-0.793027 -3.959313 0.732696
-0.874597 -3.961623 0.746291
-0.956167 -3.963933 0.759886
-1.037736 -3.966243 0.773481
-1.119306 -3.968553 0.787076
-1.200876 -3.970863 0.800671
-1.282446 -3.973173 0.814266
-1.364016 -3.975482 0.827861
-1.445586 -3.977792 0.841456
-1.527155 -3.980102 0.855051
-1.608725 -3.982412 0.868646
-1.690295 -3.984722 0.882241
-1.771865 -3.987032 0.895836
-1.853435 -3.989342 0.909431
-1.935004 -3.991652 0.923026
-2.016574 -3.993962 0.936621
-2.098144 -3.996271 0.950216
-2.179714 -3.998581 0.963811
-2.261284 -4.000891 0.977406
-2.342854 -4.003201 0.991001
-2.424423 -4.005511 1.004596
-2.505994 -4.007821 1.018191
-2.587564 -4.010131 1.031786
-2.669133 -4.012441 1.045381
-2.750703 -4.014750 1.058976
-2.832273 -4.017060 1.072571
-2.913843 -4.019370 1.086165
-2.995413 -4.021680 1.099761
-3.076983 -4.023990 1.113356
-3.158552 -4.026299 1.126951
-3.240123 -4.028609 1.140545
-3.321692 -4.030920 1.154140
-3.403262 -4.033229 1.167735
-3.484832 -4.035539 1.181330
3.354968 4.095000 0.041364
3.354968 4.012272 0.124091
3.354968 3.929545 0.124091
3.354968 3.846818 0.124091
3.354968 3.764091 0.124091
3.354968 3.681364 0.124091
3.354968 3.598636 0.124091
3.354968 3.515909 0.124091
3.354968 3.433182 0.124091
3.354968 3.350454 0.124091
3.354968 3.267727 0.124091
3.354968 3.185000 0.124091
3.354968 3.102273 0.124091
3.354968 3.019545 0.124091
3.354968 2.936818 0.124091
3.354968 2.854091 0.124091
3.354968 2.771363 0.124091
3.354968 2.688636 0.124091
3.354968 2.605909 0.124091
3.354968 2.523182 0.124091
3.354968 2.440454 0.124091
3.354968 2.357727 0.124091
3.354968 2.275000 0.124091
3.354968 2.192273 0.124091
3.354968 2.109545 0.124091
3.354968 2.026818 0.124091
3.354968 1.944091 0.124091
3.354968 1.861364 0.124091
3.354968 1.778636 0.124091
3.354968 1.695909 0.124091
3.354968 1.613182 0.124091
3.354968 1.530454 0.124091
3.354968 1.447727 0.124091
3.354968 1.365000 0.124091
3.354968 1.282273 0.124091
3.354968 1.199545 0.124091
3.354968 1.116818 0.124091
3.354968 1.034091 0.124091
3.354968 0.951364 0.124091
3.354968 0.868636 0.124091
3.354968 0.785909 0.124091
3.354968 0.703182 0.124091
3.354968 0.620455 0.124091
3.354968 0.537727 0.124091
3.354968 0.455000 0.124091
3.354968 0.372273 0.124091
3.354968 0.289546 0.124091
3.354968 0.206818 0.124091
3.354968 0.124091 0.124091
3.354968 0.041364 0.124091
3.347062 -0.251088 0.125408
3.284010 -0.749177 0.135917
3.158930 -1.235080 0.156764
2.973857 -1.700890 0.187609
2.731805 -2.139024 0.227951
2.436709 -2.542361 0.277134
2.093370 -2.904335 0.334357
1.707377 -3.219057 0.398689
1.285005 -3.481408 0.469084
0.833129 -3.687119 0.544397
0.359102 -3.832843 0.623402
-0.129368 -3.916210 0.704813
-0.453707 -3.936479 0.758870
-0.535276 -3.938789 0.772465
-0.616846 -3.941099 0.786060
-0.698416 -3.943408 0.799655
-0.779986 -3.945719 0.813250
-0.861556 -3.948028 0.826845
-0.943126 -3.950338 0.840440
-1.024695 -3.952648 0.854035
-1.106265 -3.954958 0.867630
-1.187836 -3.957268 0.881225
-1.269405 -3.959578 0.894820
-1.350975 -3.961888 0.908414
-1.432545 -3.964197 0.922010
-1.514115 -3.966507 0.935604
-1.595685 -3.968817 0.949199
-1.677255 -3.971127 0.962794
-1.758824 -3.973437 0.976389
-1.840394 -3.975747 0.989984
-1.921964 -3.978057 1.003579
-2.003534 -3.980367 1.017174
-2.085104 -3.982677 1.030769
-2.166673 -3.984986 1.044364
-2.248243 -3.987296 1.057959
-2.329813 -3.989606 1.071554
-2.411383 -3.991916 1.085149
-2.492953 -3.994226 1.098744
-2.574523 -3.996536 1.112339
-2.656093 -3.998846 1.125934
-2.737663 -4.001155 1.139529
-2.819233 -4.003466 1.153124
-2.900802 -4.005775 1.166719
-2.982372 -4.008085 1.180314
-3.063942 -4.010395 1.193909
-3.145512 -4.012705 1.207504
-3.227082 -4.015015 1.221099
-3.308651 -4.017324 1.234694
-3.390221 -4.019634 1.248289
-3.471792 -4.021944 1.261884
3.354968 4.095000 0.124091
3.354968 4.012272 0.206818
3.354968 3.929545 0.206818
3.354968 3.846818 0.206818
3.354968 3.764091 0.206818
3.354968 3.681364 0.206818
3.354968 3.598636 0.206818
3.354968 3.515909 0.206818
3.354968 3.433182 0.206818
3.354968 3.350454 0.206818
3.354968 3.267727 0.206818
3.354968 3.185000 0.206818
3.354968 3.102273 0.206818
3.354968 3.019545 0.206818
3.354968 2.936818 0.206818
3.354968 2.854091 0.206818
3.354968 2.771363 0.206818
3.354968 2.688636 0.206818
3.354968 2.605909 0.206818
3.354968 2.523182 0.206818
3.354968 2.440454 0.206818
3.354968 2.357727 0.206818
3.354968 2.275000 0.206818
3.354968 2.192273 0.206818
3.354968 2.109545 0.206818
3.354968 2.026818 0.206818
3.354968 1.944091 0.206818
3.354968 1.861364 0.206818
3.354968 1.778636 0.206818
3.354968 1.695909 0.206818
3.354968 1.613182 0.206818
3.354968 1.530454 0.206818
3.354968 1.447727 0.206818
3.354968 1.365000 0.206818
3.354968 1.282273 0.206818
3.354968 1.199545 0.206818
3.354968 1.116818 0.206818
3.354968 1.034091 0.206818
3.354968 0.951364 0.206818
3.354968 0.868636 0.206818
3.354968 0.785909 0.206818
3.354968 0.703182 0.206818
3.354968 0.620455 0.206818
3.354968 0.537727 0.206818
3.354968 0.455000 0.206818
3.354968 0.372273 0.206818
3.354968 0.289546 0.206818
3.354968 0.206818 0.206818
3.354968 0.124091 0.206818
3.354968 0.041364 0.206818
3.347090 -0.250221 0.208131
3.284255 -0.746589 0.218604
3.159607 -1.230814 0.239378
2.975174 -1.695014 0.270117
2.733958 -2.131635 0.310320
2.439881 -2.533578 0.359333
2.097728 -2.894303 0.416358
1.713069 -3.207937 0.480468
1.292156 -3.469382 0.550620
0.841840 -3.674382 0.625673
0.369451 -3.819603 0.704404
-0.117332 -3.902682 0.785535
-0.440666 -3.922884 0.839424
-0.522236 -3.925194 0.853019
-0.603806 -3.927504 0.866614
-0.685376 -3.929813 0.880209
-0.766945 -3.932123 0.893804
-0.848515 -3.934433 0.907399
-0.930085 -3.936743 0.920994
-1.011655 -3.939053 0.934588
-1.093225 -3.941363 0.948184
-1.174795 -3.943673 0.961779
-1.256364 -3.945983 0.975373
-1.337934 -3.948292 0.988968
-1.419505 -3.950602 1.002563
-1.501074 -3.952912 1.016158
-1.582644 -3.955222 1.029753
-1.664214 -3.957532 1.043348
-1.745784 -3.959842 1.056943
-1.827354 -3.962152 1.070538
-1.908923 -3.964462 1.084133
-1.990493 -3.966772 1.097728
-2.072063 -3.969081 1.111323
-2.153633 -3.971391 1.124918
-2.235203 -3.973701 1.138513
-2.316773 -3.976011 1.152108
-2.398342 -3.978321 1.165703
-2.479912 -3.980631 1.179298
-2.561482 -3.982941 1.192893
-2.643052 -3.985250 1.206488
-2.724622 -3.987560 1.220083
-2.806192 -3.989870 1.233678
-2.887762 -3.992180 1.247273
-2.969332 -3.994490 1.260868
-3.050901 -3.996800 1.274463
-3.132471 -3.999110 1.288058
-3.214041 -4.001420 1.301653
-3.295610 -4.003730 1.315248
-3.377181 -4.006040 1.328843
-3.458751 -4.008349 1.342438
3.354968 4.095000 0.206818
3.354968 4.012272 0.289546
3.354968 3.929545 0.289546
3.354968 3.846818 0.289546
3.354968 3.764091 0.289546
3.354968 3.681364 0.289546
3.354968 3.598636 0.289546
3.354968 3.515909 0.289546
3.354968 3.433182 0.289546
3.354968 3.350454 0.289546
3.354968 3.267727 0.289546
3.354968 3.185000 0.289546
3.354968 3.102273 0.289546
3.354968 3.019545 0.289546
3.354968 2.936818 0.289546
3.354968 2.854091 0.289546
3.354968 2.771363 0.289546
3.354968 2.688636 0.289546
3.354968 2.605909 0.289546
3.354968 2.523182 0.289546
3.354968 2.440454 0.289546
3.354968 2.357727 0.289546
3.354968 2.275000 0.289546
3.354968 2.192273 0.289546
3.354968 2.109545 0.289546
3.354968 2.026818 0.289546
3.354968 1.944091 0.289546
3.354968 1.861364 0.289546
3.354968 1.778636 0.289546
3.354968 1.695909 0.289546
3.354968 1.613182 0.289546
3.354968 1.530454 0.289546
3.354968 1.447727 0.289546
3.354968 1.365000 0.289546
3.354968 1.282273 0.289546
3.354968 1.199545 0.289546
3.354968 1.116818 0.289546
3.354968 1.034091 0.289546
3.354968 0.951364 0.289546
3.354968 0.868636 0.289546
3.354968 0.785909 0.289546
3.354968 0.703182 0.289546
3.354968 0.620455 0.289546
3.354968 0.537727 0.289546
3.354968 0.455000 0.289546
3.354968 0.372273 0.289546
3.354968 0.289546 0.289546
3.354968 0.206818 0.289546
3.354968 0.124091 0.289546
3.354968 0.041364 0.289546
3.347117 -0.249354 0.290854
3.284500 -0.744001 0.301290
3.160284 -1.226547 0.321993
2.976490 -1.689139 0.352625
2.736111 -2.124246 0.392688
2.443053 -2.524796 0.441531
2.102086 -2.884270 0.498359
1.718760 -3.196816 0.562247
1.299306 -3.457355 0.632156
0.850552 -3.661646 0.706948
0.379800 -3.806363 0.785407
-0.105296 -3.889154 0.866256
-0.427625 -3.909289 0.919978
-0.509195 -3.911599 0.933573
-0.590765 -3.913908 0.947168
-0.672335 -3.916218 0.960763
-0.753905 -3.918528 0.974358
-0.835475 -3.920838 0.987953
-0.917044 -3.923148 1.001548
-0.998614 -3.925458 1.015143
-1.080184 -3.927768 1.028738
-1.161754 -3.930078 1.042333
-1.243324 -3.932388 1.055928
-1.324894 -3.934697 1.069523
-1.406464 -3.937007 1.083117
-1.488033 -3.939317 1.096712
-1.569603 -3.941627 1.110307
-1.651173 -3.943937 1.123902
-1.732743 -3.946247 1.137497
-1.814313 -3.948557 1.151092
-1.895883 -3.950866 1.164687
-1.977453 -3.953176 1.178282
-2.059022 -3.955486 1.191877
-2.140592 -3.957796 1.205472
-2.222162 -3.960106 1.219067
-2.303732 -3.962416 1.232662
-2.385302 -3.964726 1.246257
-2.466872 -3.967036 1.259852
-2.548442 -3.969346 1.273447
-2.630012 -3.971655 1.287042
-2.711581 -3.973965 1.300637
-2.793151 -3.976275 1.314232
-2.874721 -3.978585 1.327827
-2.956291 -3.980895 1.341422
-3.037861 -3.983205 1.355017
-3.119431 -3.985515 1.368612
-3.201001 -3.987824 1.382207
-3.282570 -3.990134 1.395802
-3.364140 -3.992444 1.409397
-3.445710 -3.994754 1.422992
3.354968 4.095000 0.289546
3.354968 4.012272 0.372273
3.354968 3.929545 0.372273
3.354968 3.846818 0.372273
3.354968 3.764091 0.372273
3.354968 3.681364 0.372273
3.354968 3.598636 0.372273
3.354968 3.515909 0.372273
3.354968 3.433182 0.372273
3.354968 3.350454 0.372273
3.354968 3.267727 0.372273
3.354968 3.185000 0.372273
3.354968 3.102273 0.372273
3.354968 3.019545 0.372273
3.354968 2.936818 0.372273
3.354968 2.854091 0.372273
3.354968 2.771363 0.372273
3.354968 2.688636 0.372273
3.354968 2.605909 0.372273
3.354968 2.523182 0.372273
3.354968 2.440454 0.372273
3.354968 2.357727 0.372273
3.354968 2.275000 0.372273
3.354968 2.192273 0.372273
3.354968 2.109545 0.372273
3.354968 2.026818 0.372273
3.354968 1.944091 0.372273
3.354968 1.861364 0.372273
3.354968 1.778636 0.372273
3.354968 1.695909 0.372273
3.354968 1.613182 0.372273
3.354968 1.530454 0.372273
3.354968 1.447727 0.372273
3.354968 1.365000 0.372273
3.354968 1.282273 0.372273
3.354968 1.199545 0.372273
3.354968 1.116818 0.372273
3.354968 1.034091 0.372273
3.354968 0.951364 0.372273
3.354968 0.868636 0.372273
3.354968 0.785909 0.372273
3.354968 0.703182 0.372273
3.354968 0.620455 0.372273
3.354968 0.537727 0.372273
3.354968 0.455000 0.372273
3.354968 0.372273 0.372273
3.354968 0.289546 0.372273
3.354968 0.206818 0.372273
3.354968 0.124091 0.372273
3.354968 0.041364 0.372273
3.347144 -0.248486 0.373577
3.284745 -0.741413 0.383976
3.160961 -1.222281 0.404607
2.977807 -1.683263 0.435133
2.738264 -2.116857 0.475057
2.446225 -2.516014 0.523730
2.106444 -2.874237 0.580360
1.724451 -3.185697 0.644025
1.306457 -3.445329 0.713691
0.859263 -3.648909 0.788223
0.390149 -3.793122 0.866409
-0.093259 -3.875625 0.946977
-0.414585 -3.895694 1.000531
-0.496154 -3.898004 1.014126
-0.577724 -3.900314 1.027721
-0.659294 -3.902623 1.041316
-0.740864 -3.904933 1.054911
-0.822434 -3.907243 1.068506
-0.904004 -3.909553 1.082101
-0.985574 -3.911863 1.095696
-1.067144 -3.914173 1.109291
-1.148714 -3.916483 1.122886
-1.230283 -3.918793 1.136481
-1.311853 -3.921103 1.150076
-1.393423 -3.923412 1.163671
-1.474993 -3.925722 1.177266
-1.556563 -3.928032 1.190861
-1.638133 -3.930342 1.204456
-1.719702 -3.932652 1.218051
-1.801272 -3.934962 1.231646
-1.882842 -3.937272 1.245241
-1.964412 -3.939582 1.258836
-2.045982 -3.941891 1.272431
-2.127551 -3.944201 1.286026
-2.209121 -3.946511 1.299621
-2.290691 -3.948821 1.313216
-2.372261 -3.951131 1.326811
-2.453831 -3.953441 1.340406
-2.535401 -3.955751 1.354001
-2.616971 -3.958061 1.367596
-2.698541 -3.960370 1.381191
-2.780111 -3.962680 1.394786
-2.861680 -3.964990 1.408381
-2.943250 -3.967300 1.421976
-3.024820 -3.969610 1.435570
-3.106390 -3.971920 1.449165
-3.187960 -3.974230 1.462760
-3.269529 -3.976540 1.476355
-3.351099 -3.978849 1.489950
-3.432670 -3.981159 1.503545
3.354968 4.095000 0.372273
3.354968 4.012272 0.455000
3.354968 3.929545 0.455000
3.354968 3.846818 0.455000
3.354968 3.764091 0.455000
3.354968 3.681364 0.455000
3.354968 3.598636 0.455000
3.354968 3.515909 0.455000
3.354968 3.433182 0.455000
3.354968 3.350454 0.455000
3.354968 3.267727 0.455000
3.354968 3.185000 0.455000
3.354968 3.102273 0.455000
3.354968 3.019545 0.455000
3.354968 2.936818 0.455000
3.354968 2.854091 0.455000
3.354968 2.771363 0.455000
3.354968 2.688636 0.455000
3.354968 2.605909 0.455000
3.354968 2.523182 0.455000
3.354968 2.440454 0.455000
3.354968 2.357727 0.455000
3.354968 2.275000 0.455000
3.354968 2.192273 0.455000
3.354968 2.109545 0.455000
3.354968 2.026818 0.455000
3.354968 1.944091 0.455000
3.354968 1.861364 0.455000
3.354968 1.778636 0.455000
3.354968 1.695909 0.455000
3.354968 1.613182 0.455000
3.354968 1.530454 0.455000
3.354968 1.447727 0.455000
3.354968 1.365000 0.455000
3.354968 1.282273 0.455000
3.354968 1.199545 0.455000
3.354968 1.116818 0.455000
3.354968 1.034091 0.455000
3.354968 0.951364 0.455000
3.354968 0.868636 0.455000
3.354968 0.785909 0.455000
3.354968 0.703182 0.455000
3.354968 0.620455 0.455000
3.354968 0.537727 0.455000
3.354968 0.455000 0.455000
3.354968 0.372273 0.455000
3.354968 0.289546 0.455000
3.354968 0.206818 0.455000
3.354968 0.124091 0.455000
3.354968 0.041364 0.455000
3.347172 -0.247619 0.456299
3.284990 -0.738825 0.466663
3.161638 -1.218014 0.487222
2.979124 -1.677387 0.517641
2.740416 -2.109468 0.557425
2.449397 -2.507231 0.605928
2.110802 -2.864204 0.662361
1.730143 -3.174577 0.725804
1.313607 -3.433303 0.795227
0.867975 -3.636172 0.869499
0.400498 -3.779882 0.947412
-0.081223 -3.862097 1.027698
-0.401544 -3.882099 1.081085
-0.483114 -3.884409 1.094680
-0.564684 -3.886719 1.108275
-0.646254 -3.889029 1.121870
-0.727823 -3.891339 1.135465
-0.809393 -3.893648 1.149060
-0.890963 -3.895958 1.162655
-0.972533 -3.898268 1.176250
-1.054103 -3.900578 1.189845
-1.135673 -3.902888 1.203440
-1.217242 -3.905198 1.217035
-1.298812 -3.907508 1.230630
-1.380383 -3.909817 1.244225
-1.461952 -3.912127 1.257820
-1.543522 -3.914437 1.271415
-1.625092 -3.916747 1.285010
-1.706662 -3.919057 1.298605
-1.788232 -3.921367 1.312200
-1.869801 -3.923677 1.325795
-1.951371 -3.925987 1.339390
-2.032941 -3.928297 1.352985
-2.114511 -3.930606 1.366580
-2.196081 -3.932916 1.380175
-2.277651 -3.935226 1.393770
-2.359221 -3.937536 1.407365
-2.440790 -3.939846 1.420960
-2.522361 -3.942156 1.434555
-2.603930 -3.944466 1.448150
-2.685500 -3.946775 1.461745
-2.767070 -3.949085 1.475340
-2.848640 -3.951395 1.488935
-2.930210 -3.953705 1.502530
-3.011780 -3.956015 1.516124
-3.093349 -3.958325 1.529719
-3.174919 -3.960635 1.543314
-3.256489 -3.962945 1.556909
-3.338059 -3.965255 1.570504
-3.419629 -3.967564 1.584099
3.354968 4.095000 0.455000
3.354968 4.012272 0.537727
3.354968 3.929545 0.537727
3.354968 3.846818 0.537727
3.354968 3.764091 0.537727
3.354968 3.681364 0.537727
3.354968 3.598636 0.537727
3.354968 3.515909 0.537727
3.354968 3.433182 0.537727
3.354968 3.350454 0.537727
3.354968 3.267727 0.537727
3.354968 3.185000 0.537727
3.354968 3.102273 0.537727
3.354968 3.019545 0.537727
3.354968 2.936818 0.537727
3.354968 2.854091 0.537727
3.354968 2.771363 0.537727
3.354968 2.688636 0.537727
3.354968 2.605909 0.537727
3.354968 2.523182 0.537727
3.354968 2.440454 0.537727
3.354968 2.357727 0.537727
3.354968 2.275000 0.537727
3.354968 2.192273 0.537727
3.354968 2.109545 0.537727
3.354968 2.026818 0.537727
3.354968 1.944091 0.537727
3.354968 1.861364 0.537727
3.354968 1.778636 0.537727
3.354968 1.695909 0.537727
3.354968 1.613182 0.537727
3.354968 1.530454 0.537727
3.354968 1.447727 0.537727
3.354968 1.365000 0.537727
3.354968 1.282273 0.537727
3.354968 1.199545 0.537727
3.354968 1.116818 0.537727
3.354968 1.034091 0.537727
3.354968 0.951364 0.537727
3.354968 0.868636 0.537727
3.354968 0.785909 0.537727
3.354968 0.703182 0.537727
3.354968 0.620455 0.537727
3.354968 0.537727 0.537727
3.354968 0.455000 0.537727
3.354968 0.372273 0.537727
3.354968 0.289546 0.537727
3.354968 0.206818 0.537727
3.354968 0.124091 0.537727
3.354968 0.041364 0.537727
3.347199 -0.246752 0.539022
3.285235 -0.736237 0.549349
3.162316 -1.213748 0.569836
2.980440 -1.671512 0.600149
2.742569 -2.102079 0.639794
2.452569 -2.498449 0.688127
2.115160 -2.854171 0.744362
1.735835 -3.163456 0.807583
1.320758 -3.421277 0.876762
0.876686 -3.623435 0.950774
0.410847 -3.766642 1.028414
-0.069186 -3.848569 1.108420
-0.388503 -3.868504 1.161639
-0.470073 -3.870814 1.175234
-0.551643 -3.873124 1.188829
-0.633213 -3.875433 1.202424
-0.714783 -3.877743 1.216019
-0.796353 -3.880053 1.229614
-0.877923 -3.882363 1.243209
-0.959492 -3.884673 1.256804
-1.041062 -3.886983 1.270399
-1.122632 -3.889293 1.283994
-1.204202 -3.891603 1.297589
-1.285772 -3.893913 1.311184
-1.367342 -3.896222 1.324779
-1.448911 -3.898532 1.338374
-1.530481 -3.900842 1.351969
-1.612051 -3.903152 1.365564
-1.693621 -3.905462 1.379159
-1.775191 -3.907772 1.392754
-1.856761 -3.910082 1.406349
-1.938331 -3.912392 1.419944
-2.019900 -3.914701 1.433539
-2.101470 -3.917011 1.447134
-2.183040 -3.919321 1.460729
-2.264610 -3.921631 1.474324
-2.346180 -3.923941 1.487919
-2.427750 -3.926251 1.501513
-2.509320 -3.928561 1.515109
-2.590889 -3.930871 1.528703
-2.672459 -3.933180 1.542298
-2.754029 -3.935490 1.555893
-2.835599 -3.937800 1.569488
-2.917169 -3.940110 1.583083
-2.998739 -3.942420 1.596678
-3.080308 -3.944730 1.610273
-3.161879 -3.947040 1.623868
-3.243448 -3.949350 1.637463
-3.325018 -3.951659 1.651058
-3.406588 -3.953969 1.664653
3.354968 4.095000 0.537727
3.354968 4.012272 0.620454
3.354968 3.929545 0.620454
3.354968 3.846818 0.620454
3.354968 3.764091 0.620454
3.354968 3.681364 0.620454
3.354968 3.598636 0.620454
3.354968 3.515909 0.620454
3.354968 3.433182 0.620454
3.354968 3.350454 0.620454
3.354968 3.267727 0.620454
3.354968 3.185000 0.620454
3.354968 3.102273 0.620454
3.354968 3.019545 0.620454
3.354968 2.936818 0.620454
3.354968 2.854091 0.620454
3.354968 2.771363 0.620454
3.354968 2.688636 0.620454
3.354968 2.605909 0.620454
3.354968 2.523182 0.620454
3.354968 2.440454 0.620454
3.354968 2.357727 0.620454
3.354968 2.275000 0.620454
3.354968 2.192273 0.620454
3.354968 2.109545 0.620454
3.354968 2.026818 0.620454
3.354968 1.944091 0.620454
3.354968 1.861364 0.620454
3.354968 1.778636 0.620454
3.354968 1.695909 0.620454
3.354968 1.613182 0.620454
3.354968 1.530454 0.620454
3.354968 1.447727 0.620454
3.354968 1.365000 0.620454
3.354968 1.282273 0.620454
3.354968 1.199545 0.620454
3.354968 1.116818 0.620454
3.354968 1.034091 0.620454
3.354968 0.951364 0.620454
3.354968 0.868636 0.620454
3.354968 0.785909 0.620454
3.354968 0.703182 0.620454
3.354968 0.620455 0.620454
3.354968 0.537727 0.620454
3.354968 0.455000 0.620454
3.354968 0.372273 0.620454
3.354968 0.289546 0.620454
3.354968 0.206818 0.620454
3.354968 0.124091 0.620454
3.354968 0.041364 0.620454
3.347226 -0.245884 0.621745
3.285480 -0.733649 0.632035
3.162993 -1.209481 0.652450
2.981756 -1.665636 0.682656
2.744721 -2.094690 0.722162
2.455741 -2.489666 0.770325
2.119519 -2.844139 0.826362
1.741526 -3.152337 0.889361
1.327908 -3.409250 0.958297
0.885398 -3.610698 1.032049
0.421196 -3.753402 1.109416
-0.057150 -3.835041 1.189141
-0.375463 -3.854909 1.242193
-0.457032 -3.857219 1.255788
-0.538602 -3.859529 1.269383
-0.620172 -3.861838 1.282978
-0.701742 -3.864148 1.296573
-0.783312 -3.866458 1.310168
-0.864882 -3.868768 1.323763
-0.946452 -3.871078 1.337358
-1.028022 -3.873388 1.350953
-1.109592 -3.875698 1.364547
-1.191161 -3.878008 1.378142
-1.272731 -3.880317 1.391737
-1.354301 -3.882627 1.405332
-1.435871 -3.884937 1.418927
-1.517441 -3.887247 1.432522
-1.599011 -3.889557 1.446117
-1.680580 -3.891867 1.459712
-1.762150 -3.894177 1.473307
-1.843720 -3.896487 1.486902
-1.925290 -3.898797 1.500497
-2.006860 -3.901106 1.514092
-2.088429 -3.903416 1.527687
-2.170000 -3.905726 1.541282
-2.251570 -3.908036 1.554877
-2.333139 -3.910346 1.568472
-2.414709 -3.912656 1.582067
-2.496279 -3.914966 1.595662
-2.577849 -3.917275 1.609257
-2.659419 -3.919585 1.622852
-2.740989 -3.921895 1.636447
-2.822558 -3.924205 1.650042
-2.904129 -3.926515 1.663637
-2.985698 -3.928825 1.677232
-3.067268 -3.931135 1.690827
-3.148838 -3.933444 1.704422
-3.230407 -3.935755 1.718017
-3.311978 -3.938064 1.731612
-3.393548 -3.940374 1.745207
3.354968 4.095000 0.620454
3.354968 4.012272 0.703182
3.354968 3.929545 0.703182
3.354968 3.846818 0.703182
3.354968 3.764091 0.703182
3.354968 3.681364 0.703182
3.354968 3.598636 0.703182
3.354968 3.515909 0.703182
3.354968 3.433182 0.703182
3.354968 3.350454 0.703182
3.354968 3.267727 0.703182
3.354968 3.185000 0.703182
3.354968 3.102273 0.703182
3.354968 3.019545 0.703182
3.354968 2.936818 0.703182
3.354968 2.854091 0.703182
3.354968 2.771363 0.703182
3.354968 2.688636 0.703182
3.354968 2.605909 0.703182
3.354968 2.523182 0.703182
3.354968 2.440454 0.703182
3.354968 2.357727 0.703182
3.354968 2.275000 0.703182
3.354968 2.192273 0.703182
3.354968 2.109545 0.703182
3.354968 2.026818 0.703182
3.354968 1.944091 0.703182
3.354968 1.861364 0.703182
3.354968 1.778636 0.703182
3.354968 1.695909 0.703182
3.354968 1.613182 0.703182
3.354968 1.530454 0.703182
3.354968 1.447727 0.703182
3.354968 1.365000 0.703182
3.354968 1.282273 0.703182
3.354968 1.199545 0.703182
3.354968 1.116818 0.703182
3.354968 1.034091 0.703182
3.354968 0.951364 0.703182
3.354968 0.868636 0.703182
3.354968 0.785909 0.703182
3.354968 0.703182 0.703182
3.354968 0.620455 0.703182
3.354968 0.537727 0.703182
3.354968 0.455000 0.703182
3.354968 0.372273 0.703182
3.354968 0.289546 0.703182
3.354968 0.206818 0.703182
3.354968 0.124091 0.703182
3.354968 0.041364 0.703182
3.347253 -0.245017 0.704468
3.285726 -0.731061 0.714722
3.163670 -1.205215 0.735065
2.983073 -1.659761 0.765164
2.746874 -2.087301 0.804531
2.458913 -2.480884 0.852524
2.123877 -2.834106 0.908364
1.747218 -3.141217 0.971140
1.335059 -3.397224 1.039833
0.894109 -3.597961 1.113325
0.431545 -3.740161 1.190419
-0.045114 -3.821513 1.269862
-0.362422 -3.841314 1.322747
-0.443992 -3.843624 1.336342
-0.525562 -3.845934 1.349937
-0.607132 -3.848243 1.363532
-0.688701 -3.850554 1.377127
-0.770271 -3.852863 1.390722
-0.851841 -3.855173 1.404317
-0.933411 -3.857483 1.417912
-1.014981 -3.859793 1.431507
-1.096551 -3.862103 1.445101
-1.178120 -3.864413 1.458696
-1.259691 -3.866723 1.472291
-1.341260 -3.869032 1.485886
-1.422830 -3.871342 1.499481
-1.504400 -3.873652 1.513076
-1.585970 -3.875962 1.526671
-1.667540 -3.878272 1.540266
-1.749110 -3.880582 1.553861
-1.830679 -3.882892 1.567456
-1.912249 -3.885202 1.581051
-1.993819 -3.887511 1.594646
-2.075389 -3.889821 1.608241
-2.156959 -3.892131 1.621836
-2.238529 -3.894441 1.635431
-2.320098 -3.896751 1.649026
-2.401669 -3.899061 1.662621
-2.483239 -3.901371 1.676216
-2.564808 -3.903681 1.689811
-2.646378 -3.905990 1.703406
-2.727948 -3.908300 1.717001
-2.809518 -3.910610 1.730596
-2.891088 -3.912920 1.744191
-2.972658 -3.915230 1.757786
-3.054227 -3.917540 1.771381
-3.135798 -3.919850 1.784976
-3.217367 -3.922160 1.798571
-3.298937 -3.924469 1.812166
-3.380507 -3.926779 1.825761
3.354968 4.095000 0.703182
3.354968 4.012272 0.785909
3.354968 3.929545 0.785909
3.354968 3.846818 0.785909
3.354968 3.764091 0.785909
3.354968 3.681364 0.785909
3.354968 3.598636 0.785909
3.354968 3.515909 0.785909
3.354968 3.433182 0.785909
3.354968 3.350454 0.785909
3.354968 3.267727 0.785909
3.354968 3.185000 0.785909
3.354968 3.102273 0.785909
3.354968 3.019545 0.785909
3.354968 2.936818 0.785909
3.354968 2.854091 0.785909
3.354968 2.771363 0.785909
3.354968 2.688636 0.785909
3.354968 2.605909 0.785909
3.354968 2.523182 0.785909
3.354968 2.440454 0.785909
3.354968 2.357727 0.785909
3.354968 2.275000 0.785909
3.354968 2.192273 0.785909
3.354968 2.109545 0.785909
3.354968 2.026818 0.785909
3.354968 1.944091 0.785909
3.354968 1.861364 0.785909
3.354968 1.778636 0.785909
3.354968 1.695909 0.785909
3.354968 1.613182 0.785909
3.354968 1.530454 0.785909
3.354968 1.447727 0.785909
3.354968 1.365000 0.785909
3.354968 1.282273 0.785909
3.354968 1.199545 0.785909
3.354968 1.116818 0.785909
3.354968 1.034091 0.785909
3.354968 0.951364 0.785909
3.354968 0.868636 0.785909
3.354968 0.785909 0.785909
3.354968 0.703182 0.785909
3.354968 0.620455 0.785909
3.354968 0.537727 0.785909
3.354968 0.455000 0.785909
3.354968 0.372273 0.785909
3.354968 0.289546 0.785909
3.354968 0.206818 0.785909
3.354968 0.124091 0.785909
3.354968 0.041364 0.785909
3.347281 -0.244149 0.787190
3.285971 -0.728473 0.797409
3.164347 -1.200948 0.817679
2.984390 -1.653885 0.847672
2.749027 -2.079912 0.886899
2.462085 -2.472102 0.934723
2.128235 -2.824073 0.990365
1.752909 -3.130097 1.052919
1.342209 -3.385198 1.121369
0.902821 -3.585224 1.194600
0.441894 -3.726921 1.271422
-0.033077 -3.807984 1.350583
-0.349381 -3.827719 1.403301
-0.430951 -3.830029 1.416896
-0.512521 -3.832339 1.430491
-0.594091 -3.834649 1.444086
-0.675661 -3.836959 1.457681
-0.757231 -3.839268 1.471276
-0.838801 -3.841578 1.484871
-0.920370 -3.843888 1.498466
-1.001940 -3.846198 1.512061
-1.083510 -3.848508 1.525656
-1.165080 -3.850818 1.539250
-1.246650 -3.853128 1.552845
-1.328220 -3.855438 1.566440
-1.409789 -3.857748 1.580035
-1.491360 -3.860057 1.593630
-1.572929 -3.862367 1.607225
-1.654499 -3.864677 1.620820
-1.736069 -3.866987 1.634415
-1.817639 -3.869297 1.648010
-1.899209 -3.871607 1.661605
-1.980779 -3.873917 1.675200
-2.062348 -3.876226 1.688795
-2.143918 -3.878536 1.702390
-2.225488 -3.880846 1.715985
-2.307058 -3.883156 1.729580
-2.388628 -3.885466 1.743175
-2.470198 -3.887776 1.756770
-2.551767 -3.890086 1.770365
-2.633337 -3.892395 1.783960
-2.714907 -3.894706 1.797555
-2.796477 -3.897015 1.811150
-2.878047 -3.899325 1.824745
-2.959617 -3.901635 1.838340
-3.041186 -3.903945 1.851935
-3.122756 -3.906255 1.865530
-3.204326 -3.908565 1.879125
-3.285896 -3.910875 1.892720
-3.367466 -3.913184 1.906315
3.354968 4.095000 0.785909
3.354968 4.012272 0.868636
3.354968 3.929545 0.868636
3.354968 3.846818 0.868636
3.354968 3.764091 0.868636
3.354968 3.681364 0.868636
3.354968 3.598636 0.868636
3.354968 3.515909 0.868636
3.354968 3.433182 0.868636
3.354968 3.350454 0.868636
3.354968 3.267727 0.868636
3.354968 3.185000 0.868636
3.354968 3.102273 0.868636
3.354968 3.019545 0.868636
3.354968 2.936818 0.868636
3.354968 2.854091 0.868636
3.354968 2.771363 0.868636
3.354968 2.688636 0.868636
3.354968 2.605909 0.868636
3.354968 2.523182 0.868636
3.354968 2.440454 0.868636
3.354968 2.357727 0.868636
3.354968 2.275000 0.868636
3.354968 2.192273 0.868636
3.354968 2.109545 0.868636
3.354968 2.026818 0.868636
3.354968 1.944091 0.868636
3.354968 1.861364 0.868636
3.354968 1.778636 0.868636
3.354968 1.695909 0.868636
3.354968 1.613182 0.868636
3.354968 1.530454 0.868636
3.354968 1.447727 0.868636
3.354968 1.365000 0.868636
3.354968 1.282273 0.868636
3.354968 1.199545 0.868636
3.354968 1.116818 0.868636
3.354968 1.034091 0.868636
3.354968 0.951364 0.868636
3.354968 0.868636 0.868636
3.354968 0.785909 0.868636
3.354968 0.703182 0.868636
3.354968 0.620455 0.868636
3.354968 0.537727 0.868636
3.354968 0.455000 0.868636
3.354968 0.372273 0.868636
3.354968 0.289546 0.868636
3.354968 0.206818 0.868636
3.354968 0.124091 0.868636
3.354968 0.041364 0.868636
3.347308 -0.243282 0.869913
3.286216 -0.725885 0.880095
3.165024 -1.196682 0.900293
2.985706 -1.648009 0.930180
2.751179 -2.072523 0.969268
2.465257 -2.463319 1.016921
2.132593 -2.814040 1.072365
1.758600 -3.118977 1.134697
1.349360 -3.373172 1.202904
0.911532 -3.572487 1.275875
0.452243 -3.713681 1.352424
-0.021041 -3.794456 1.431304
-0.336341 -3.814124 1.483854
-0.417910 -3.816434 1.497449
-0.499480 -3.818744 1.511044
-0.581050 -3.821054 1.524639
-0.662620 -3.823364 1.538234
-0.744190 -3.825673 1.551829
-0.825760 -3.827983 1.565424
-0.907330 -3.830293 1.579019
-0.988900 -3.832603 1.592614
-1.070470 -3.834913 1.606209
-1.152039 -3.837223 1.619804
-1.233609 -3.839533 1.633399
-1.315179 -3.841842 1.646994
-1.396749 -3.844152 1.660589
-1.478319 -3.846462 1.674184
-1.559889 -3.848772 1.687779
-1.641458 -3.851082 1.701374
-1.723028 -3.853392 1.714969
-1.804598 -3.855702 1.728564
-1.886168 -3.858012 1.742159
-1.967738 -3.860322 1.755754
-2.049307 -3.862631 1.769349
-2.130877 -3.864941 1.782944
-2.212448 -3.867251 1.796539
-2.294017 -3.869561 1.810134
-2.375587 -3.871871 1.823729
-2.457157 -3.874181 1.837324
-2.538727 -3.876491 1.850919
-2.620297 -3.878800 1.864514
-2.701867 -3.881110 1.878109
-2.783436 -3.883420 1.891703
-2.865006 -3.885730 1.905298
-2.946576 -3.888040 1.918893
-3.028146 -3.890350 1.932488
-3.109716 -3.892660 1.946083
-3.191285 -3.894970 1.959678
-3.272856 -3.897280 1.973273
-3.354426 -3.899589 1.986868
3.354968 4.095000 0.868636
3.354968 4.012272 0.951364
3.354968 3.929545 0.951364
3.354968 3.846818 0.951364
3.354968 3.764091 0.951364
3.354968 3.681364 0.951364
3.354968 3.598636 0.951364
3.354968 3.515909 0.951364
3.354968 3.433182 0.951364
3.354968 3.350454 0.951364
3.354968 3.267727 0.951364
3.354968 3.185000 0.951364
3.354968 3.102273 0.951364
3.354968 3.019545 0.951364
3.354968 2.936818 0.951364
3.354968 2.854091 0.951364
3.354968 2.771363 0.951364
3.354968 2.688636 0.951364
3.354968 2.605909 0.951364
3.354968 2.523182 0.951364
3.354968 2.440454 0.951364
3.354968 2.357727 0.951364
3.354968 2.275000 0.951364
3.354968 2.192273 0.951364
3.354968 2.109545 0.951364
3.354968 2.026818 0.951364
3.354968 1.944091 0.951364
3.354968 1.861364 0.951364
3.354968 1.778636 0.951364
3.354968 1.695909 0.951364
3.354968 1.613182 0.951364
3.354968 1.530454 0.951364
3.354968 1.447727 0.951364
3.354968 1.365000 0.951364
3.354968 1.282273 0.951364
3.354968 1.199545 0.951364
3.354968 1.116818 0.951364
3.354968 1.034091 0.951364
3.354968 0.951364 0.951364
3.354968 0.868636 0.951364
3.354968 0.785909 0.951364
3.354968 0.703182 0.951364
3.354968 0.620455 0.951364
3.354968 0.537727 0.951364
3.354968 0.455000 0.951364
3.354968 0.372273 0.951364
3.354968 0.289546 0.951364
3.354968 0.206818 0.951364
3.354968 0.124091 0.951364
3.354968 0.041364 0.951364
3.347335 -0.242415 0.952636
3.286461 -0.723297 0.962781
3.165701 -1.192415 0.982908
2.987023 -1.642134 1.012688
2.753332 -2.065133 1.051636
2.468429 -2.454537 1.099120
2.136951 -2.804008 1.154366
1.764292 -3.107857 1.216476
1.356511 -3.361145 1.284440
0.920244 -3.559751 1.357151
0.462592 -3.700440 1.433426
-0.009005 -3.780928 1.512026
-0.323300 -3.800529 1.564408
-0.404870 -3.802839 1.578003
-0.486440 -3.805149 1.591598
-0.568010 -3.807458 1.605193
-0.649579 -3.809768 1.618788
-0.731149 -3.812078 1.632383
-0.812719 -3.814388 1.645978
-0.894289 -3.816698 1.659573
-0.975859 -3.819008 1.673168
-1.057429 -3.821318 1.686763
-1.138999 -3.823628 1.700358
-1.220569 -3.825938 1.713953
-1.302139 -3.828247 1.727548
-1.383708 -3.830557 1.741143
-1.465278 -3.832867 1.754738
-1.546848 -3.835177 1.768333
-1.628418 -3.837487 1.781928
-1.709988 -3.839797 1.795523
-1.791557 -3.842107 1.809118
-1.873127 -3.844417 1.822713
-1.954697 -3.846726 1.836308
-2.036267 -3.849036 1.849903
-2.117837 -3.851346 1.863498
-2.199407 -3.853656 1.877093
-2.280977 -3.855966 1.890688
-2.362546 -3.858276 1.904283
-2.444117 -3.860586 1.917878
-2.525686 -3.862895 1.931473
-2.607256 -3.865205 1.945068
-2.688826 -3.867515 1.958663
-2.770396 -3.869825 1.972257
-2.851966 -3.872135 1.985852
-2.933536 -3.874445 1.999447
-3.015105 -3.876755 2.013042
-3.096675 -3.879065 2.026637
-3.178245 -3.881375 2.040232
-3.259815 -3.883684 2.053827
-3.341385 -3.885994 2.067422
3.354968 4.095000 0.951364
3.354968 4.012272 1.034091
3.354968 3.929545 1.034091
3.354968 3.846818 1.034091
3.354968 3.764091 1.034091
3.354968 3.681364 1.034091
3.354968 3.598636 1.034091
3.354968 3.515909 1.034091
3.354968 3.433182 1.034091
3.354968 3.350454 1.034091
3.354968 3.267727 1.034091
3.354968 3.185000 1.034091
3.354968 3.102273 1.034091
3.354968 3.019545 1.034091
3.354968 2.936818 1.034091
3.354968 2.854091 1.034091
3.354968 2.771363 1.034091
3.354968 2.688636 1.034091
3.354968 2.605909 1.034091
3.354968 2.523182 1.034091
3.354968 2.440454 1.034091
3.354968 2.357727 1.034091
3.354968 2.275000 1.034091
3.354968 2.192273 1.034091
3.354968 2.109545 1.034091
3.354968 2.026818 1.034091
3.354968 1.944091 1.034091
3.354968 1.861364 1.034091
3.354968 1.778636 1.034091
3.354968 1.695909 1.034091
3.354968 1.613182 1.034091
3.354968 1.530454 1.034091
3.354968 1.447727 1.034091
3.354968 1.365000 1.034091
3.354968 1.282273 1.034091
3.354968 1.199545 1.034091
3.354968 1.116818 1.034091
3.354968 1.034091 1.034091
3.354968 0.951364 1.034091
3.354968 0.868636 1.034091
3.354968 0.785909 1.034091
3.354968 0.703182 1.034091
3.354968 0.620455 1.034091
3.354968 0.537727 1.034091
3.354968 0.455000 1.034091
3.354968 0.372273 1.034091
3.354968 0.289546 1.034091
3.354968 0.206818 1.034091
3.354968 0.124091 1.034091
3.354968 0.041364 1.034091
3.347363 -0.241547 1.035359
3.286706 -0.720710 1.045468
3.166379 -1.188149 1.065523
2.988339 -1.636258 1.095196
2.755485 -2.057745 1.134005
2.471601 -2.445755 1.181319
2.141309 -2.793975 1.236368
1.769983 -3.096737 1.298255
1.363661 -3.349119 1.365975
0.928956 -3.547014 1.438426
0.472941 -3.687200 1.514429
0.003032 -3.767400 1.592747
-0.310259 -3.786934 1.644962
-0.391829 -3.789244 1.658557
-0.473399 -3.791554 1.672152
-0.554969 -3.793864 1.685747
-0.636539 -3.796174 1.699342
-0.718109 -3.798483 1.712937
-0.799679 -3.800793 1.726532
-0.881248 -3.803103 1.740127
-0.962818 -3.805413 1.753722
-1.044388 -3.807723 1.767317
-1.125958 -3.810033 1.780912
-1.207528 -3.812343 1.794507
-1.289098 -3.814652 1.808102
-1.370667 -3.816962 1.821697
-1.452237 -3.819272 1.835292
-1.533807 -3.821582 1.848887
-1.615377 -3.823892 1.862482
-1.696947 -3.826202 1.876077
-1.778516 -3.828512 1.889672
-1.860087 -3.830822 1.903267
-1.941656 -3.833132 1.916862
-2.023226 -3.835441 1.930457
-2.104796 -3.837751 1.944052
-2.186366 -3.840061 1.957647
-2.267936 -3.842371 1.971242
-2.349506 -3.844681 1.984837
-2.431076 -3.846991 1.998432
-2.512646 -3.849301 2.012027
-2.594215 -3.851610 2.025622
-2.675786 -3.853920 2.039217
-2.757355 -3.856230 2.052812
-2.838925 -3.858540 2.066407
-2.920495 -3.860850 2.080002
-3.002065 -3.863160 2.093596
-3.083635 -3.865470 2.107192
-3.165204 -3.867780 2.120786
-3.246774 -3.870090 2.134381
-3.328344 -3.872399 2.147976
3.354968 4.095000 1.034091
3.354968 4.012272 1.116818
3.354968 3.929545 1.116818
3.354968 3.846818 1.116818
3.354968 3.764091 1.116818
3.354968 3.681364 1.116818
3.354968 3.598636 1.116818
3.354968 3.515909 1.116818
3.354968 3.433182 1.116818
3.354968 3.350454 1.116818
3.354968 3.267727 1.116818
3.354968 3.185000 1.116818
3.354968 3.102273 1.116818
3.354968 3.019545 1.116818
3.354968 2.936818 1.116818
3.354968 2.854091 1.116818
3.354968 2.771363 1.116818
3.354968 2.688636 1.116818
3.354968 2.605909 1.116818
3.354968 2.523182 1.116818
3.354968 2.440454 1.116818
3.354968 2.357727 1.116818
3.354968 2.275000 1.116818
3.354968 2.192273 1.116818
3.354968 2.109545 1.116818
3.354968 2.026818 1.116818
3.354968 1.944091 1.116818
3.354968 1.861364 1.116818
3.354968 1.778636 1.116818
3.354968 1.695909 1.116818
3.354968 1.613182 1.116818
3.354968 1.530454 1.116818
3.354968 1.447727 1.116818
3.354968 1.365000 1.116818
3.354968 1.282273 1.116818
3.354968 1.199545 1.116818
3.354968 1.116818 1.116818
3.354968 1.034091 1.116818
3.354968 0.951364 1.116818
3.354968 0.868636 1.116818
3.354968 0.785909 1.116818
3.354968 0.703182 1.116818
3.354968 0.620455 1.116818
3.354968 0.537727 1.116818
3.354968 0.455000 1.116818
3.354968 0.372273 1.116818
3.354968 0.289546 1.116818
3.354968 0.206818 1.116818
3.354968 0.124091 1.116818
3.354968 0.041364 1.116818
3.347390 -0.240680 1.118081
3.286951 -0.718122 1.128154
3.167056 -1.183882 1.148137
2.989656 -1.630383 1.177703
2.757638 -2.050355 1.216373
2.474773 -2.436972 1.263517
2.145667 -2.783942 1.318368
1.775675 -3.085617 1.380033
1.370812 -3.337093 1.447511
0.937667 -3.534277 1.519701
0.483290 -3.673960 1.595431
0.015068 -3.753871 1.673468
-0.297219 -3.773339 1.725516
-0.378788 -3.775649 1.739111
-0.460358 -3.777959 1.752706
-0.541928 -3.780269 1.766301
-0.623498 -3.782579 1.779896
-0.705068 -3.784889 1.793491
-0.786638 -3.787198 1.807086
-0.868208 -3.789508 1.820681
-0.949778 -3.791818 1.834276
-1.031348 -3.794128 1.847871
-1.112917 -3.796438 1.861466
-1.194487 -3.798748 1.875061
-1.276057 -3.801058 1.888656
-1.357627 -3.803368 1.902251
-1.439197 -3.805677 1.915846
-1.520767 -3.807987 1.929440
-1.602336 -3.810297 1.943035
-1.683907 -3.812607 1.956630
-1.765476 -3.814917 1.970225
-1.847046 -3.817227 1.983820
-1.928616 -3.819537 1.997415
-2.010185 -3.821846 2.011010
-2.091755 -3.824157 2.024605
-2.173326 -3.826466 2.038200
-2.254895 -3.828776 2.051795
-2.336465 -3.831086 2.065390
-2.418035 -3.833396 2.078985
-2.499605 -3.835706 2.092580
-2.581175 -3.838016 2.106175
-2.662745 -3.840326 2.119770
-2.744314 -3.842635 2.133365
-2.825884 -3.844945 2.146960
-2.907454 -3.847255 2.160555
-2.989024 -3.849565 2.174150
-3.070594 -3.851875 2.187745
-3.152163 -3.854185 2.201340
-3.233733 -3.856495 2.214935
-3.315304 -3.858804 2.228530
3.354968 4.095000 1.116818
3.354968 4.012272 1.199545
3.354968 3.929545 1.199545
3.354968 3.846818 1.199545
3.354968 3.764091 1.199545
3.354968 3.681364 1.199545
3.354968 3.598636 1.199545
3.354968 3.515909 1.199545
3.354968 3.433182 1.199545
3.354968 3.350454 1.199545
3.354968 3.267727 1.199545
3.354968 3.185000 1.199545
3.354968 3.102273 1.199545
3.354968 3.019545 1.199545
3.354968 2.936818 1.199545
3.354968 2.854091 1.199545
3.354968 2.771363 1.199545
3.354968 2.688636 1.199545
3.354968 2.605909 1.199545
3.354968 2.523182 1.199545
3.354968 2.440454 1.199545
3.354968 2.357727 1.199545
3.354968 2.275000 1.199545
3.354968 2.192273 1.199545
3.354968 2.109545 1.199545
3.354968 2.026818 1.199545
3.354968 1.944091 1.199545
3.354968 1.861364 1.199545
3.354968 1.778636 1.199545
3.354968 1.695909 1.199545
3.354968 1.613182 1.199545
3.354968 1.530454 1.199545
3.354968 1.447727 1.199545
3.354968 1.365000 1.199545
3.354968 1.282273 1.199545
3.354968 1.199545 1.199545
3.354968 1.116818 1.199545
3.354968 1.034091 1.199545
3.354968 0.951364 1.199545
3.354968 0.868636 1.199545
3.354968 0.785909 1.199545
3.354968 0.703182 1.199545
3.354968 0.620455 1.199545
3.354968 0.537727 1.199545
3.354968 0.455000 1.199545
3.354968 0.372273 1.199545
3.354968 0.289546 1.199545
3.354968 0.206818 1.199545
3.354968 0.124091 1.199545
3.354968 0.041364 1.199545
3.347417 -0.239813 1.200804
3.287196 -0.715533 1.210841
3.167733 -1.179616 1.230751
2.990972 -1.624507 1.260211
2.759790 -2.042966 1.298742
2.477945 -2.428190 1.345716
2.150025 -2.773909 1.400369
1.781366 -3.074497 1.461812
1.377962 -3.325067 1.529046
0.946378 -3.521540 1.600977
0.493639 -3.660720 1.676434
0.027104 -3.740343 1.754189
-0.284178 -3.759744 1.806070
-0.365748 -3.762054 1.819665
-0.447318 -3.764364 1.833260
-0.528888 -3.766674 1.846855
-0.610457 -3.768984 1.860450
-0.692027 -3.771293 1.874045
-0.773597 -3.773603 1.887640
-0.855167 -3.775913 1.901235
-0.936737 -3.778223 1.914830
-1.018307 -3.780533 1.928425
-1.099877 -3.782843 1.942019
-1.181446 -3.785153 1.955614
-1.263017 -3.787462 1.969209
-1.344586 -3.789773 1.982804
-1.426156 -3.792082 1.996399
-1.507726 -3.794392 2.009995
-1.589296 -3.796702 2.023589
-1.670866 -3.799012 2.037184
-1.752435 -3.801322 2.050779
-1.834005 -3.803632 2.064374
-1.915575 -3.805942 2.077969
-1.997145 -3.808251 2.091564
-2.078715 -3.810561 2.105159
-2.160285 -3.812871 2.118754
-2.241855 -3.815181 2.132349
-2.323425 -3.817491 2.145944
-2.404995 -3.819801 2.159539
-2.486564 -3.822111 2.173134
-2.568134 -3.824420 2.186729
-2.649704 -3.826730 2.200324
-2.731274 -3.829040 2.213919
-2.812844 -3.831350 2.227514
-2.894414 -3.833660 2.241109
-2.975983 -3.835970 2.254704
-3.057554 -3.838280 2.268299
-3.139123 -3.840590 2.281894
-3.220693 -3.842900 2.295489
-3.302263 -3.845209 2.309084
3.354968 4.095000 1.199545
3.354968 4.012272 1.282273
3.354968 3.929545 1.282273
3.354968 3.846818 1.282273
3.354968 3.764091 1.282273
3.354968 3.681364 1.282273
3.354968 3.598636 1.282273
3.354968 3.515909 1.282273
3.354968 3.433182 1.282273
3.354968 3.350454 1.282273
3.354968 3.267727 1.282273
3.354968 3.185000 1.282273
3.354968 3.102273 1.282273
3.354968 3.019545 1.282273
3.354968 2.936818 1.282273
3.354968 2.854091 1.282273
3.354968 2.771363 1.282273
3.354968 2.688636 1.282273
3.354968 2.605909 1.282273
3.354968 2.523182 1.282273
3.354968 2.440454 1.282273
3.354968 2.357727 1.282273
3.354968 2.275000 1.282273
3.354968 2.192273 1.282273
3.354968 2.109545 1.282273
3.354968 2.026818 1.282273
3.354968 1.944091 1.282273
3.354968 1.861364 1.282273
3.354968 1.778636 1.282273
3.354968 1.695909 1.282273
3.354968 1.613182 1.282273
3.354968 1.530454 1.282273
3.354968 1.447727 1.282273
3.354968 1.365000 1.282273
3.354968 1.282273 1.282273
3.354968 1.199545 1.282273
3.354968 1.116818 1.282273
3.354968 1.034091 1.282273
3.354968 0.951364 1.282273
3.354968 0.868636 1.282273
3.354968 0.785909 1.282273
3.354968 0.703182 1.282273
3.354968 0.620455 1.282273
3.354968 0.537727 1.282273
3.354968 0.455000 1.282273
3.354968 0.372273 1.282273
3.354968 0.289546 1.282273
3.354968 0.206818 1.282273
3.354968 0.124091 1.282273
3.354968 0.041364 1.282273
3.347444 -0.238945 1.283527
3.287441 -0.712946 1.293527
3.168410 -1.175349 1.313366
2.992289 -1.618631 1.342720
2.761943 -2.035577 1.381111
2.481117 -2.419407 1.427915
2.154383 -2.763876 1.482370
1.787058 -3.063376 1.543591
1.385113 -3.313040 1.610582
0.955090 -3.508803 1.682253
0.503988 -3.647479 1.757436
0.039141 -3.726815 1.834911
-0.271137 -3.746149 1.886624
-0.352707 -3.748459 1.900219
-0.434277 -3.750769 1.913814
-0.515847 -3.753078 1.927409
-0.597417 -3.755388 1.941004
-0.678987 -3.757698 1.954599
-0.760557 -3.760008 1.968194
-0.842126 -3.762318 1.981789
-0.923696 -3.764628 1.995384
-1.005266 -3.766938 2.008979
-1.086836 -3.769248 2.022573
-1.168406 -3.771558 2.036169
-1.249976 -3.773867 2.049764
-1.331545 -3.776177 2.063359
-1.413116 -3.778487 2.076953
-1.494686 -3.780797 2.090549
-1.576255 -3.783107 2.104143
-1.657825 -3.785417 2.117738
-1.739395 -3.787727 2.131333
-1.820965 -3.790037 2.144928
-1.902534 -3.792346 2.158523
-1.984104 -3.794656 2.172118
-2.065674 -3.796966 2.185713
-2.147244 -3.799276 2.199308
-2.228814 -3.801586 2.212903
-2.310384 -3.803896 2.226498
-2.391954 -3.806206 2.240093
-2.473524 -3.808516 2.253688
-2.555093 -3.810825 2.267283
-2.636663 -3.813135 2.280878
-2.718233 -3.815445 2.294473
-2.799803 -3.817755 2.308068
-2.881373 -3.820065 2.321663
-2.962943 -3.822375 2.335258
-3.044513 -3.824685 2.348853
-3.126082 -3.826995 2.362448
-3.207652 -3.829304 2.376043
-3.289222 -3.831614 2.389638
3.354968 4.095000 1.282273
3.354968 4.012272 1.365000
3.354968 3.929545 1.365000
3.354968 3.846818 1.365000
3.354968 3.764091 1.365000
3.354968 3.681364 1.365000
3.354968 3.598636 1.365000
3.354968 3.515909 1.365000
3.354968 3.433182 1.365000
3.354968 3.350454 1.365000
3.354968 3.267727 1.365000
3.354968 3.185000 1.365000
3.354968 3.102273 1.365000
3.354968 3.019545 1.365000
3.354968 2.936818 1.365000
3.354968 2.854091 1.365000
3.354968 2.771363 1.365000
3.354968 2.688636 1.365000
3.354968 2.605909 1.365000
3.354968 2.523182 1.365000
3.354968 2.440454 1.365000
3.354968 2.357727 1.365000
3.354968 2.275000 1.365000
3.354968 2.192273 1.365000
3.354968 2.109545 1.365000
3.354968 2.026818 1.365000
3.354968 1.944091 1.365000
3.354968 1.861364 1.365000
3.354968 1.778636 1.365000
3.354968 1.695909 1.365000
3.354968 1.613182 1.365000
3.354968 1.530454 1.365000
3.354968 1.447727 1.365000
3.354968 1.365000 1.365000
3.354968 1.282273 1.365000
3.354968 1.199545 1.365000
3.354968 1.116818 1.365000
3.354968 1.034091 1.365000
3.354968 0.951364 1.365000
3.354968 0.868636 1.365000
3.354968 0.785909 1.365000
3.354968 0.703182 1.365000
3.354968 0.620455 1.365000
3.354968 0.537727 1.365000
3.354968 0.455000 1.365000
3.354968 0.372273 1.365000
3.354968 0.289546 1.365000
3.354968 0.206818 1.365000
3.354968 0.124091 1.365000
3.354968 0.041364 1.365000
3.347472 -0.238078 1.366249
3.287687 -0.710358 1.376213
3.169087 -1.171083 1.395980
2.993605 -1.612756 1.425227
2.764095 -2.028188 1.463478
2.484289 -2.410625 1.510113
2.158741 -2.753843 1.564371
1.792749 -3.052257 1.625369
1.392263 -3.301014 1.692117
0.963802 -3.496066 1.763527
0.514337 -3.634239 1.838438
0.051177 -3.713287 1.915631
-0.258097 -3.732554 1.967177
-0.339666 -3.734864 1.980772
-0.421236 -3.737174 1.994367
-0.502806 -3.739484 2.007962
-0.584376 -3.741794 2.021557
-0.665946 -3.744103 2.035152
-0.747516 -3.746413 2.048747
-0.829086 -3.748723 2.062342
-0.910656 -3.751033 2.075937
-0.992226 -3.753343 2.089532
-1.073795 -3.755653 2.103127
-1.155365 -3.757963 2.116722
-1.236935 -3.760273 2.130317
-1.318505 -3.762583 2.143912
-1.400075 -3.764892 2.157507
-1.481645 -3.767202 2.171102
-1.563214 -3.769512 2.184697
-1.644784 -3.771822 2.198292
-1.726354 -3.774132 2.211887
-1.807924 -3.776442 2.225482
-1.889494 -3.778752 2.239077
-1.971064 -3.781061 2.252671
-2.052634 -3.783371 2.266267
-2.134204 -3.785681 2.279861
-2.215773 -3.787991 2.293457
-2.297343 -3.790301 2.307051
-2.378913 -3.792611 2.320647
-2.460483 -3.794921 2.334241
-2.542053 -3.797230 2.347836
-2.623623 -3.799541 2.361431
-2.705193 -3.801850 2.375026
-2.786763 -3.804160 2.388621
-2.868333 -3.806470 2.402216
-2.949902 -3.808780 2.415811
-3.031472 -3.811090 2.429406
-3.113042 -3.813400 2.443001
-3.194612 -3.815710 2.456596
-3.276182 -3.818019 2.470191
3.354968 4.095000 1.365000
3.354968 4.012272 1.447727
3.354968 3.929545 1.447727
3.354968 3.846818 1.447727
3.354968 3.764091 1.447727
3.354968 3.681364 1.447727
3.354968 3.598636 1.447727
3.354968 3.515909 1.447727
3.354968 3.433182 1.447727
3.354968 3.350454 1.447727
3.354968 3.267727 1.447727
3.354968 3.185000 1.447727
3.354968 3.102273 1.447727
3.354968 3.019545 1.447727
3.354968 2.936818 1.447727
3.354968 2.854091 1.447727
3.354968 2.771363 1.447727
3.354968 2.688636 1.447727
3.354968 2.605909 1.447727
3.354968 2.523182 1.447727
3.354968 2.440454 1.447727
3.354968 2.357727 1.447727
3.354968 2.275000 1.447727
3.354968 2.192273 1.447727
3.354968 2.109545 1.447727
3.354968 2.026818 1.447727
3.354968 1.944091 1.447727
3.354968 1.861364 1.447727
3.354968 1.778636 1.447727
3.354968 1.695909 1.447727
3.354968 1.613182 1.447727
3.354968 1.530454 1.447727
3.354968 1.447727 1.447727
3.354968 1.365000 1.447727
3.354968 1.282273 1.447727
3.354968 1.199545 1.447727
3.354968 1.116818 1.447727
3.354968 1.034091 1.447727
3.354968 0.951364 1.447727
3.354968 0.868636 1.447727
3.354968 0.785909 1.447727
3.354968 0.703182 1.447727
3.354968 0.620455 1.447727
3.354968 0.537727 1.447727
3.354968 0.455000 1.447727
3.354968 0.372273 1.447727
3.354968 0.289546 1.447727
3.354968 0.206818 1.447727
3.354968 0.124091 1.447727
3.354968 0.041364 1.447727
3.347499 -0.237211 1.448972
3.287932 -0.707770 1.458900
3.169765 -1.166817 1.478594
2.994922 -1.606880 1.507735
2.766248 -2.020799 1.545847
2.487462 -2.401843 1.592312
2.163100 -2.743811 1.646372
1.798441 -3.041137 1.707148
1.399414 -3.288988 1.773653
0.972513 -3.483329 1.844803
0.524686 -3.620999 1.919441
0.063214 -3.699758 1.996353
-0.245056 -3.718959 2.047731
-0.326626 -3.721269 2.061326
-0.408196 -3.723579 2.074921
-0.489766 -3.725889 2.088516
-0.571335 -3.728199 2.102111
-0.652905 -3.730509 2.115706
-0.734475 -3.732818 2.129301
-0.816045 -3.735128 2.142896
-0.897615 -3.737438 2.156491
-0.979185 -3.739748 2.170086
-1.060755 -3.742058 2.183681
-1.142325 -3.744368 2.197276
-1.223895 -3.746678 2.210871
-1.305464 -3.748988 2.224466
-1.387034 -3.751297 2.238061
-1.468604 -3.753607 2.251656
-1.550174 -3.755917 2.265251
-1.631744 -3.758227 2.278846
-1.713313 -3.760537 2.292441
-1.794883 -3.762847 2.306036
-1.876453 -3.765157 2.319631
-1.958023 -3.767467 2.333225
-2.039593 -3.769777 2.346821
-2.121163 -3.772086 2.360415
-2.202733 -3.774396 2.374011
-2.284302 -3.776706 2.387605
-2.365873 -3.779016 2.401201
-2.447442 -3.781326 2.414795
-2.529012 -3.783636 2.428391
-2.610582 -3.785946 2.441985
-2.692152 -3.788255 2.455580
-2.773722 -3.790565 2.469175
-2.855292 -3.792875 2.482770
-2.936861 -3.795185 2.496365
-3.018431 -3.797495 2.509960
-3.100001 -3.799805 2.523555
-3.181571 -3.802115 2.537150
-3.263141 -3.804425 2.550745
3.354968 4.095000 1.447727
3.354968 4.012272 1.530455
3.354968 3.929545 1.530455
3.354968 3.846818 1.530455
3.354968 3.764091 1.530455
3.354968 3.681364 1.530455
3.354968 3.598636 1.530455
3.354968 3.515909 1.530455
3.354968 3.433182 1.530455
3.354968 3.350454 1.530455
3.354968 3.267727 1.530455
3.354968 3.185000 1.530455
3.354968 3.102273 1.530455
3.354968 3.019545 1.530455
3.354968 2.936818 1.530455
3.354968 2.854091 1.530455
3.354968 2.771363 1.530455
3.354968 2.688636 1.530455
3.354968 2.605909 1.530455
3.354968 2.523182 1.530455
3.354968 2.440454 1.530455
3.354968 2.357727 1.530455
3.354968 2.275000 1.530455
3.354968 2.192273 1.530455
3.354968 2.109545 1.530455
3.354968 2.026818 1.530455
3.354968 1.944091 1.530455
3.354968 1.861364 1.530455
3.354968 1.778636 1.530455
3.354968 1.695909 1.530455
3.354968 1.613182 1.530455
3.354968 1.530454 1.530455
3.354968 1.447727 1.530455
3.354968 1.365000 1.530455
3.354968 1.282273 1.530455
3.354968 1.199545 1.530455
3.354968 1.116818 1.530455
3.354968 1.034091 1.530455
3.354968 0.951364 1.530455
3.354968 0.868636 1.530455
3.354968 0.785909 1.530455
3.354968 0.703182 1.530455
3.354968 0.620455 1.530455
3.354968 0.537727 1.530455
3.354968 0.455000 1.530455
3.354968 0.372273 1.530455
3.354968 0.289546 1.530455
3.354968 0.206818 1.530455
3.354968 0.124091 1.530455
3.354968 0.041364 1.530455
3.347527 -0.236343 1.531695
3.288177 -0.705182 1.541586
3.170442 -1.162550 1.561209
2.996238 -1.601005 1.590243
2.768401 -2.013410 1.628216
2.490634 -2.393060 1.674510
2.167458 -2.733778 1.728373
1.804132 -3.030017 1.788927
1.406564 -3.276962 1.855188
0.981224 -3.470592 1.926078
0.535035 -3.607759 2.000443
0.075250 -3.686230 2.077074
-0.232016 -3.705364 2.128285
-0.313585 -3.707674 2.141880
-0.395155 -3.709984 2.155475
-0.476725 -3.712294 2.169070
-0.558295 -3.714604 2.182665
-0.639865 -3.716913 2.196260
-0.721435 -3.719223 2.209855
-0.803004 -3.721533 2.223450
-0.884574 -3.723843 2.237045
-0.966144 -3.726153 2.250640
-1.047714 -3.728463 2.264235
-1.129284 -3.730773 2.277830
-1.210854 -3.733083 2.291425
-1.292423 -3.735393 2.305020
-1.373993 -3.737702 2.318615
-1.455564 -3.740012 2.332210
-1.537133 -3.742322 2.345805
-1.618703 -3.744632 2.359400
-1.700273 -3.746942 2.372995
-1.781843 -3.749252 2.386590
-1.863412 -3.751562 2.400185
-1.944982 -3.753871 2.413779
-2.026552 -3.756181 2.427375
-2.108122 -3.758491 2.440969
-2.189692 -3.760801 2.454565
-2.271262 -3.763111 2.468159
-2.352832 -3.765421 2.481755
-2.434402 -3.767731 2.495349
-2.515971 -3.770041 2.508944
-2.597541 -3.772351 2.522539
-2.679111 -3.774660 2.536134
-2.760681 -3.776970 2.549729
-2.842251 -3.779280 2.563324
-2.923820 -3.781590 2.576919
-3.005391 -3.783900 2.590514
-3.086960 -3.786210 2.604109
-3.168530 -3.788520 2.617704
-3.250100 -3.790829 2.631299
3.354968 4.095000 1.530455
3.354968 4.012272 1.613182
3.354968 3.929545 1.613182
3.354968 3.846818 1.613182
3.354968 3.764091 1.613182
3.354968 3.681364 1.613182
3.354968 3.598636 1.613182
3.354968 3.515909 1.613182
3.354968 3.433182 1.613182
3.354968 3.350454 1.613182
3.354968 3.267727 1.613182
3.354968 3.185000 1.613182
3.354968 3.102273 1.613182
3.354968 3.019545 1.613182
3.354968 2.936818 1.613182
3.354968 2.854091 1.613182
3.354968 2.771363 1.613182
3.354968 2.688636 1.613182
3.354968 2.605909 1.613182
3.354968 2.523182 1.613182
3.354968 2.440454 1.613182
3.354968 2.357727 1.613182
3.354968 2.275000 1.613182
3.354968 2.192273 1.613182
3.354968 2.109545 1.613182
3.354968 2.026818 1.613182
3.354968 1.944091 1.613182
3.354968 1.861364 1.613182
3.354968 1.778636 1.613182
3.354968 1.695909 1.613182
3.354968 1.613182 1.613182
3.354968 1.530454 1.613182
3.354968 1.447727 1.613182
3.354968 1.365000 1.613182
3.354968 1.282273 1.613182
3.354968 1.199545 1.613182
3.354968 1.116818 1.613182
3.354968 1.034091 1.613182
3.354968 0.951364 1.613182
3.354968 0.868636 1.613182
3.354968 0.785909 1.613182
3.354968 0.703182 1.613182
3.354968 0.620455 1.613182
3.354968 0.537727 1.613182
3.354968 0.455000 1.613182
3.354968 0.372273 1.613182
3.354968 0.289546 1.613182
3.354968 0.206818 1.613182
3.354968 0.124091 1.613182
3.354968 0.041364 1.613182
3.347554 -0.235476 1.614417
3.288422 -0.702594 1.624273
3.171119 -1.158284 1.643823
2.997555 -1.595129 1.672750
2.770553 -2.006021 1.710584
2.493806 -2.384278 1.756709
2.171816 -2.723745 1.810374
1.809824 -3.018897 1.870706
1.413715 -3.264935 1.936724
0.989936 -3.457856 2.007354
0.545384 -3.594518 2.081446
0.087286 -3.672702 2.157795
-0.218975 -3.691769 2.208839
-0.300544 -3.694079 2.222434
-0.382114 -3.696389 2.236029
-0.463684 -3.698699 2.249624
-0.545254 -3.701009 2.263219
-0.626824 -3.703319 2.276814
-0.708394 -3.705628 2.290409
-0.789964 -3.707938 2.304003
-0.871534 -3.710248 2.317599
-0.953104 -3.712558 2.331193
-1.034673 -3.714868 2.344789
-1.116243 -3.717178 2.358383
-1.197813 -3.719488 2.371979
-1.279383 -3.721798 2.385573
-1.360953 -3.724108 2.399168
-1.442523 -3.726417 2.412763
-1.524093 -3.728727 2.426358
-1.605662 -3.731037 2.439953
-1.687232 -3.733347 2.453548
-1.768802 -3.735657 2.467143
-1.850372 -3.737967 2.480738
-1.931942 -3.740277 2.494333
-2.013512 -3.742587 2.507928
-2.095082 -3.744896 2.521523
-2.176651 -3.747206 2.535118
-2.258221 -3.749516 2.548713
-2.339791 -3.751826 2.562308
-2.421361 -3.754136 2.575903
-2.502931 -3.756446 2.589498
-2.584501 -3.758756 2.603093
-2.666070 -3.761065 2.616688
-2.747641 -3.763375 2.630283
-2.829211 -3.765685 2.643878
-2.910780 -3.767995 2.657473
-2.992350 -3.770305 2.671068
-3.073920 -3.772615 2.684663
-3.155490 -3.774925 2.698258
-3.237060 -3.777235 2.711853
3.354968 4.095000 1.613182
3.354968 4.012272 1.695909
3.354968 3.929545 1.695909
3.354968 3.846818 1.695909
3.354968 3.764091 1.695909
3.354968 3.681364 1.695909
3.354968 3.598636 1.695909
3.354968 3.515909 1.695909
3.354968 3.433182 1.695909
3.354968 3.350454 1.695909
3.354968 3.267727 1.695909
3.354968 3.185000 1.695909
3.354968 3.102273 1.695909
3.354968 3.019545 1.695909
3.354968 2.936818 1.695909
3.354968 2.854091 1.695909
3.354968 2.771363 1.695909
3.354968 2.688636 1.695909
3.354968 2.605909 1.695909
3.354968 2.523182 1.695909
3.354968 2.440454 1.695909
3.354968 2.357727 1.695909
3.354968 2.275000 1.695909
3.354968 2.192273 1.695909
3.354968 2.109545 1.695909
3.354968 2.026818 1.695909
3.354968 1.944091 1.695909
3.354968 1.861364 1.695909
3.354968 1.778636 1.695909
3.354968 1.695909 1.695909
3.354968 1.613182 1.695909
3.354968 1.530454 1.695909
3.354968 1.447727 1.695909
3.354968 1.365000 1.695909
3.354968 1.282273 1.695909
3.354968 1.199545 1.695909
3.354968 1.116818 1.695909
3.354968 1.034091 1.695909
3.354968 0.951364 1.695909
3.354968 0.868636 1.695909
3.354968 0.785909 1.695909
3.354968 0.703182 1.695909
3.354968 0.620455 1.695909
3.354968 0.537727 1.695909
3.354968 0.455000 1.695909
3.354968 0.372273 1.695909
3.354968 0.289546 1.695909
3.354968 0.206818 1.695909
3.354968 0.124091 1.695909
3.354968 0.041364 1.695909
3.347581 -0.234608 1.697140
3.288667 -0.700006 1.706959
3.171796 -1.154017 1.726438
2.998871 -1.589253 1.755259
2.772706 -1.998631 1.792953
2.496978 -2.375495 1.838907
2.176174 -2.713712 1.892375
1.815515 -3.007777 1.952484
1.420865 -3.252909 2.018260
0.998647 -3.445119 2.088629
0.555733 -3.581278 2.162448
0.099323 -3.659173 2.238517
-0.205934 -3.678174 2.289393
-0.287504 -3.680484 2.302988
-0.369074 -3.682794 2.316583
-0.450644 -3.685104 2.330178
-0.532213 -3.687414 2.343773
-0.613783 -3.689723 2.357368
-0.695353 -3.692033 2.370963
-0.776923 -3.694343 2.384557
-0.858493 -3.696653 2.398153
-0.940063 -3.698963 2.411747
-1.021633 -3.701273 2.425343
-1.103203 -3.703583 2.438937
-1.184773 -3.705893 2.452533
-1.266342 -3.708203 2.466127
-1.347912 -3.710512 2.479722
-1.429482 -3.712822 2.493317
-1.511052 -3.715132 2.506912
-1.592622 -3.717442 2.520507
-1.674191 -3.719752 2.534102
-1.755761 -3.722062 2.547697
-1.837331 -3.724372 2.561292
-1.918901 -3.726681 2.574887
-2.000471 -3.728992 2.588482
-2.082041 -3.731301 2.602077
-2.163610 -3.733611 2.615672
-2.245181 -3.735921 2.629267
-2.326751 -3.738231 2.642862
-2.408320 -3.740541 2.656457
-2.489890 -3.742851 2.670052
-2.571460 -3.745161 2.683647
-2.653030 -3.747470 2.697242
-2.734600 -3.749780 2.710837
-2.816170 -3.752090 2.724432
-2.897739 -3.754400 2.738027
-2.979310 -3.756710 2.751622
-3.060879 -3.759020 2.765217
-3.142449 -3.761330 2.778812
-3.224019 -3.763639 2.792407
3.354968 4.095000 1.695909
3.354968 4.012272 1.778636
3.354968 3.929545 1.778636
3.354968 3.846818 1.778636
3.354968 3.764091 1.778636
3.354968 3.681364 1.778636
3.354968 3.598636 1.778636
3.354968 3.515909 1.778636
3.354968 3.433182 1.778636
3.354968 3.350454 1.778636
3.354968 3.267727 1.778636
3.354968 3.185000 1.778636
3.354968 3.102273 1.778636
3.354968 3.019545 1.778636
3.354968 2.936818 1.778636
3.354968 2.854091 1.778636
3.354968 2.771363 1.778636
3.354968 2.688636 1.778636
3.354968 2.605909 1.778636
3.354968 2.523182 1.778636
3.354968 2.440454 1.778636
3.354968 2.357727 1.778636
3.354968 2.275000 1.778636
3.354968 2.192273 1.778636
3.354968 2.109545 1.778636
3.354968 2.026818 1.778636
3.354968 1.944091 1.778636
3.354968 1.861364 1.778636
3.354968 1.778636 1.778636
3.354968 1.695909 1.778636
3.354968 1.613182 1.778636
3.354968 1.530454 1.778636
3.354968 1.447727 1.778636
3.354968 1.365000 1.778636
3.354968 1.282273 1.778636
3.354968 1.199545 1.778636
3.354968 1.116818 1.778636
3.354968 1.034091 1.778636
3.354968 0.951364 1.778636
3.354968 0.868636 1.778636
3.354968 0.785909 1.778636
3.354968 0.703182 1.778636
3.354968 0.620455 1.778636
3.354968 0.537727 1.778636
3.354968 0.455000 1.778636
3.354968 0.372273 1.778636
3.354968 0.289546 1.778636
3.354968 0.206818 1.778636
3.354968 0.124091 1.778636
3.354968 0.041364 1.778636
3.347608 -0.233741 1.779863
3.288912 -0.697418 1.789646
3.172473 -1.149751 1.809052
3.000188 -1.583378 1.837767
2.774859 -1.991242 1.875321
2.500149 -2.366713 1.921106
2.180532 -2.703680 1.974376
1.821207 -2.996657 2.034263
1.428016 -3.240883 2.099795
1.007359 -3.432382 2.169905
0.566082 -3.568038 2.243451
0.111359 -3.645645 2.319238
-0.192894 -3.664579 2.369947
-0.274463 -3.666889 2.383542
-0.356033 -3.669199 2.397137
-0.437603 -3.671509 2.410732
-0.519173 -3.673819 2.424327
-0.600743 -3.676129 2.437922
-0.682313 -3.678438 2.451517
-0.763882 -3.680748 2.465111
-0.845452 -3.683058 2.478707
-0.927022 -3.685368 2.492301
-1.008592 -3.687678 2.505897
-1.090162 -3.689988 2.519491
-1.171732 -3.692298 2.533087
-1.253302 -3.694608 2.546681
-1.334872 -3.696918 2.560277
-1.416441 -3.699227 2.573871
-1.498011 -3.701537 2.587466
-1.579581 -3.703847 2.601061
-1.661151 -3.706157 2.614656
-1.742721 -3.708467 2.628251
-1.824291 -3.710777 2.641846
-1.905860 -3.713087 2.655441
-1.987430 -3.715397 2.669036
-2.069000 -3.717706 2.682631
-2.150570 -3.720016 2.696226
-2.232140 -3.722326 2.709821
-2.313710 -3.724636 2.723416
-2.395280 -3.726946 2.737011
-2.476849 -3.729256 2.750606
-2.558419 -3.731566 2.764201
-2.639989 -3.733876 2.777796
-2.721559 -3.736185 2.791391
-2.803129 -3.738495 2.804986
-2.884699 -3.740805 2.818581
-2.966269 -3.743115 2.832176
-3.047838 -3.745425 2.845771
-3.129408 -3.747735 2.859366
-3.210978 -3.750045 2.872961
3.354968 4.095000 1.778636
3.354968 4.012272 1.861363
3.354968 3.929545 1.861363
3.354968 3.846818 1.861363
3.354968 3.764091 1.861363
3.354968 3.681364 1.861363
3.354968 3.598636 1.861363
3.354968 3.515909 1.861363
3.354968 3.433182 1.861363
3.354968 3.350454 1.861363
3.354968 3.267727 1.861363
3.354968 3.185000 1.861363
3.354968 3.102273 1.861363
3.354968 3.019545 1.861363
3.354968 2.936818 1.861363
3.354968 2.854091 1.861363
3.354968 2.771363 1.861363
3.354968 2.688636 1.861363
3.354968 2.605909 1.861363
3.354968 2.523182 1.861363
3.354968 2.440454 1.861363
3.354968 2.357727 1.861363
3.354968 2.275000 1.861363
3.354968 2.192273 1.861363
3.354968 2.109545 1.861363
3.354968 2.026818 1.861363
3.354968 1.944091 1.861363
3.354968 1.861364 1.861363
3.354968 1.778636 1.861363
3.354968 1.695909 1.861363
3.354968 1.613182 1.861363
3.354968 1.530454 1.861363
3.354968 1.447727 1.861363
3.354968 1.365000 1.861363
3.354968 1.282273 1.861363
3.354968 1.199545 1.861363
3.354968 1.116818 1.861363
3.354968 1.034091 1.861363
3.354968 0.951364 1.861363
3.354968 0.868636 1.861363
3.354968 0.785909 1.861363
3.354968 0.703182 1.861363
3.354968 0.620455 1.861363
3.354968 0.537727 1.861363
3.354968 0.455000 1.861363
3.354968 0.372273 1.861363
3.354968 0.289546 1.861363
3.354968 0.206818 1.861363
3.354968 0.124091 1.861363
3.354968 0.041364 1.861363
3.347636 -0.232874 1.862586
3.289157 -0.694830 1.872332
3.173151 -1.145484 1.891666
3.001504 -1.577502 1.920274
2.777012 -1.983853 1.957690
2.503322 -2.357931 2.003304
2.184890 -2.693646 2.056376
1.826898 -2.985537 2.116042
1.435166 -3.228857 2.181330
1.016070 -3.419645 2.251180
0.576431 -3.554798 2.324453
0.123395 -3.632117 2.399959
-0.179853 -3.650984 2.450500
-0.261422 -3.653294 2.464095
-0.342992 -3.655604 2.477690
-0.424563 -3.657914 2.491285
-0.506132 -3.660224 2.504880
-0.587702 -3.662534 2.518475
-0.669272 -3.664844 2.532070
-0.750842 -3.667154 2.545665
-0.832412 -3.669463 2.559260
-0.913982 -3.671773 2.572855
-0.995551 -3.674083 2.586450
-1.077121 -3.676393 2.600045
-1.158691 -3.678703 2.613640
-1.240261 -3.681013 2.627235
-1.321831 -3.683323 2.640830
-1.403401 -3.685632 2.654425
-1.484971 -3.687943 2.668020
-1.566540 -3.690252 2.681615
-1.648110 -3.692562 2.695210
-1.729680 -3.694872 2.708805
-1.811250 -3.697182 2.722400
-1.892819 -3.699492 2.735995
-1.974390 -3.701802 2.749590
-2.055960 -3.704112 2.763185
-2.137529 -3.706421 2.776780
-2.219099 -3.708731 2.790375
-2.300669 -3.711041 2.803970
-2.382239 -3.713351 2.817564
-2.463809 -3.715661 2.831160
-2.545379 -3.717971 2.844754
-2.626948 -3.720281 2.858350
-2.708519 -3.722590 2.871944
-2.790088 -3.724900 2.885540
-2.871658 -3.727210 2.899134
-2.953228 -3.729520 2.912730
-3.034797 -3.731830 2.926324
-3.116368 -3.734140 2.939919
-3.197938 -3.736450 2.953514
3.354968 4.095000 1.861363
3.354968 4.012272 1.944091
3.354968 3.929545 1.944091
3.354968 3.846818 1.944091
3.354968 3.764091 1.944091
3.354968 3.681364 1.944091
3.354968 3.598636 1.944091
3.354968 3.515909 1.944091
3.354968 3.433182 1.944091
3.354968 3.350454 1.944091
3.354968 3.267727 1.944091
3.354968 3.185000 1.944091
3.354968 3.102273 1.944091
3.354968 3.019545 1.944091
3.354968 2.936818 1.944091
3.354968 2.854091 1.944091
3.354968 2.771363 1.944091
3.354968 2.688636 1.944091
3.354968 2.605909 1.944091
3.354968 2.523182 1.944091
3.354968 2.440454 1.944091
3.354968 2.357727 1.944091
3.354968 2.275000 1.944091
3.354968 2.192273 1.944091
3.354968 2.109545 1.944091
3.354968 2.026818 1.944091
3.354968 1.944091 1.944091
3.354968 1.861364 1.944091
3.354968 1.778636 1.944091
3.354968 1.695909 1.944091
3.354968 1.613182 1.944091
3.354968 1.530454 1.944091
3.354968 1.447727 1.944091
3.354968 1.365000 1.944091
3.354968 1.282273 1.944091
3.354968 1.199545 1.944091
3.354968 1.116818 1.944091
3.354968 1.034091 1.944091
3.354968 0.951364 1.944091
3.354968 0.868636 1.944091
3.354968 0.785909 1.944091
3.354968 0.703182 1.944091
3.354968 0.620455 1.944091
3.354968 0.537727 1.944091
3.354968 0.455000 1.944091
3.354968 0.372273 1.944091
3.354968 0.289546 1.944091
3.354968 0.206818 1.944091
3.354968 0.124091 1.944091
3.354968 0.041364 1.944091
3.347663 -0.232006 1.945308
3.289402 -0.692242 1.955018
3.173828 -1.141218 1.974281
3.002821 -1.571627 2.002782
2.779164 -1.976464 2.040058
2.506494 -2.349148 2.085503
2.189248 -2.683614 2.138377
1.832590 -2.974417 2.197821
1.442317 -3.216830 2.262866
1.024782 -3.406908 2.332455
0.586780 -3.541557 2.405456
0.135432 -3.618589 2.480680
-0.166812 -3.637389 2.531054
-0.248382 -3.639699 2.544649
-0.329952 -3.642009 2.558244
-0.411522 -3.644319 2.571839
-0.493091 -3.646629 2.585434
-0.574661 -3.648939 2.599029
-0.656231 -3.651248 2.612624
-0.737801 -3.653558 2.626219
-0.819371 -3.655868 2.639814
-0.900941 -3.658178 2.653409
-0.982511 -3.660488 2.667004
-1.064081 -3.662798 2.680599
-1.145651 -3.665108 2.694194
-1.227220 -3.667418 2.707789
-1.308790 -3.669728 2.721384
-1.390360 -3.672037 2.734979
-1.471930 -3.674347 2.748574
-1.553500 -3.676657 2.762169
-1.635069 -3.678967 2.775764
-1.716639 -3.681277 2.789359
-1.798209 -3.683587 2.802954
-1.879779 -3.685897 2.816549
-1.961349 -3.688207 2.830144
-2.042919 -3.690516 2.843739
-2.124489 -3.692826 2.857334
-2.206059 -3.695136 2.870929
-2.287629 -3.697446 2.884524
-2.369198 -3.699756 2.898118
-2.450768 -3.702066 2.911714
-2.532338 -3.704376 2.925308
-2.613908 -3.706686 2.938903
-2.695478 -3.708995 2.952498
-2.777048 -3.711305 2.966094
-2.858617 -3.713615 2.979688
-2.940187 -3.715925 2.993283
-3.021757 -3.718235 3.006878
-3.103327 -3.720545 3.020473
-3.184897 -3.722855 3.034068
3.354968 4.095000 1.944091
3.354968 4.012272 2.026818
3.354968 3.929545 2.026818
3.354968 3.846818 2.026818
3.354968 3.764091 2.026818
3.354968 3.681364 2.026818
3.354968 3.598636 2.026818
3.354968 3.515909 2.026818
3.354968 3.433182 2.026818
3.354968 3.350454 2.026818
3.354968 3.267727 2.026818
3.354968 3.185000 2.026818
3.354968 3.102273 2.026818
3.354968 3.019545 2.026818
3.354968 2.936818 2.026818
3.354968 2.854091 2.026818
3.354968 2.771363 2.026818
3.354968 2.688636 2.026818
3.354968 2.605909 2.026818
3.354968 2.523182 2.026818
3.354968 2.440454 2.026818
3.354968 2.357727 2.026818
3.354968 2.275000 2.026818
3.354968 2.192273 2.026818
3.354968 2.109545 2.026818
3.354968 2.026818 2.026818
3.354968 1.944091 2.026818
3.354968 1.861364 2.026818
3.354968 1.778636 2.026818
3.354968 1.695909 2.026818
3.354968 1.613182 2.026818
3.354968 1.530454 2.026818
3.354968 1.447727 2.026818
3.354968 1.365000 2.026818
3.354968 1.282273 2.026818
3.354968 1.199545 2.026818
3.354968 1.116818 2.026818
3.354968 1.034091 2.026818
3.354968 0.951364 2.026818
3.354968 0.868636 2.026818
3.354968 0.785909 2.026818
3.354968 0.703182 2.026818
3.354968 0.620455 2.026818
3.354968 0.537727 2.026818
3.354968 0.455000 2.026818
3.354968 0.372273 2.026818
3.354968 0.289546 2.026818
3.354968 0.206818 2.026818
3.354968 0.124091 2.026818
3.354968 0.041364 2.026818
3.347690 -0.231139 2.028031
3.289647 -0.689654 2.037705
3.174505 -1.136951 2.056895
3.004137 -1.565751 2.085290
2.781317 -1.969075 2.122427
2.509666 -2.340366 2.167702
2.193606 -2.673581 2.220379
1.838281 -2.963297 2.279599
1.449467 -3.204804 2.344402
1.033494 -3.394171 2.413731
0.597129 -3.528317 2.486458
0.147468 -3.605061 2.561402
-0.153772 -3.623794 2.611608
-0.235341 -3.626104 2.625203
-0.316911 -3.628414 2.638798
-0.398481 -3.630724 2.652393
-0.480051 -3.633034 2.665988
-0.561621 -3.635344 2.679583
-0.643191 -3.637653 2.693178
-0.724760 -3.639963 2.706773
-0.806330 -3.642273 2.720368
-0.887900 -3.644583 2.733963
-0.969470 -3.646893 2.747558
-1.051040 -3.649203 2.761153
-1.132610 -3.651513 2.774748
-1.214180 -3.653823 2.788343
-1.295750 -3.656132 2.801938
-1.377319 -3.658442 2.815533
-1.458889 -3.660752 2.829128
-1.540459 -3.663062 2.842723
-1.622029 -3.665372 2.856318
-1.703599 -3.667682 2.869913
-1.785169 -3.669992 2.883508
-1.866738 -3.672302 2.897103
-1.948308 -3.674612 2.910698
-2.029878 -3.676921 2.924293
-2.111448 -3.679231 2.937888
-2.193018 -3.681541 2.951483
-2.274588 -3.683851 2.965078
-2.356158 -3.686161 2.978673
-2.437727 -3.688471 2.992268
-2.519298 -3.690781 3.005862
-2.600867 -3.693090 3.019457
-2.682437 -3.695400 3.033052
-2.764007 -3.697710 3.046648
-2.845577 -3.700020 3.060242
-2.927147 -3.702330 3.073837
-3.008716 -3.704640 3.087432
-3.090286 -3.706950 3.101027
-3.171856 -3.709260 3.114622
3.354968 4.095000 2.026818
3.354968 4.012272 2.109545
3.354968 3.929545 2.109545
3.354968 3.846818 2.109545
3.354968 3.764091 2.109545
3.354968 3.681364 2.109545
3.354968 3.598636 2.109545
3.354968 3.515909 2.109545
3.354968 3.433182 2.109545
3.354968 3.350454 2.109545
3.354968 3.267727 2.109545
3.354968 3.185000 2.109545
3.354968 3.102273 2.109545
3.354968 3.019545 2.109545
3.354968 2.936818 2.109545
3.354968 2.854091 2.109545
3.354968 2.771363 2.109545
3.354968 2.688636 2.109545
3.354968 2.605909 2.109545
3.354968 2.523182 2.109545
3.354968 2.440454 2.109545
3.354968 2.357727 2.109545
3.354968 2.275000 2.109545
3.354968 2.192273 2.109545
3.354968 2.109545 2.109545
3.354968 2.026818 2.109545
3.354968 1.944091 2.109545
3.354968 1.861364 2.109545
3.354968 1.778636 2.109545
3.354968 1.695909 2.109545
3.354968 1.613182 2.109545
3.354968 1.530454 2.109545
3.354968 1.447727 2.109545
3.354968 1.365000 2.109545
3.354968 1.282273 2.109545
3.354968 1.199545 2.109545
3.354968 1.116818 2.109545
3.354968 1.034091 2.109545
3.354968 0.951364 2.109545
3.354968 0.868636 2.109545
3.354968 0.785909 2.109545
3.354968 0.703182 2.109545
3.354968 0.620455 2.109545
3.354968 0.537727 2.109545
3.354968 0.455000 2.109545
3.354968 0.372273 2.109545
3.354968 0.289546 2.109545
3.354968 0.206818 2.109545
3.354968 0.124091 2.109545
3.354968 0.041364 2.109545
3.347718 -0.230272 2.110753
3.289892 -0.687066 2.120391
3.175182 -1.132685 2.139509
3.005454 -1.559875 2.167797
2.783469 -1.961686 2.204795
2.512838 -2.331583 2.249900
2.197964 -2.663548 2.302379
1.843973 -2.952177 2.361377
1.456618 -3.192778 2.425937
1.042205 -3.381434 2.495005
0.607478 -3.515077 2.567460
0.159505 -3.591532 2.642122
-0.140731 -3.610199 2.692161
-0.222300 -3.612509 2.705756
-0.303871 -3.614819 2.719351
-0.385441 -3.617129 2.732946
-0.467010 -3.619439 2.746541
-0.548580 -3.621749 2.760136
-0.630150 -3.624059 2.773731
-0.711720 -3.626369 2.787326
-0.793290 -3.628679 2.800921
-0.874860 -3.630988 2.814516
-0.956429 -3.633298 2.828111
-1.037999 -3.635608 2.841706
-1.119569 -3.637918 2.855301
-1.201139 -3.640228 2.868896
-1.282709 -3.642538 2.882491
-1.364279 -3.644848 2.896086
-1.445848 -3.647158 2.909681
-1.527419 -3.649467 2.923276
-1.608988 -3.651777 2.936871
-1.690558 -3.654087 2.950466
-1.772128 -3.656397 2.964061
-1.853698 -3.658707 2.977656
-1.935268 -3.661017 2.991251
-2.016838 -3.663327 3.004846
-2.098408 -3.665637 3.018441
-2.179977 -3.667946 3.032036
-2.261547 -3.670256 3.045631
-2.343117 -3.672566 3.059226
-2.424687 -3.674876 3.072821
-2.506257 -3.677186 3.086416
-2.587826 -3.679496 3.100011
-2.669397 -3.681806 3.113606
-2.750967 -3.684116 3.127201
-2.832536 -3.686425 3.140796
-2.914106 -3.688735 3.154391
-2.995676 -3.691045 3.167985
-3.077246 -3.693355 3.181581
-3.158816 -3.695665 3.195176
3.354968 4.095000 2.109545
3.354968 4.012272 2.192273
3.354968 3.929545 2.192273
3.354968 3.846818 2.192273
3.354968 3.764091 2.192273
3.354968 3.681364 2.192273
3.354968 3.598636 2.192273
3.354968 3.515909 2.192273
3.354968 3.433182 2.192273
3.354968 3.350454 2.192273
3.354968 3.267727 2.192273
3.354968 3.185000 2.192273
3.354968 3.102273 2.192273
3.354968 3.019545 2.192273
3.354968 2.936818 2.192273
3.354968 2.854091 2.192273
3.354968 2.771363 2.192273
3.354968 2.688636 2.192273
3.354968 2.605909 2.192273
3.354968 2.523182 2.192273
3.354968 2.440454 2.192273
3.354968 2.357727 2.192273
3.354968 2.275000 2.192273
3.354968 2.192273 2.192273
3.354968 2.109545 2.192273
3.354968 2.026818 2.192273
3.354968 1.944091 2.192273
3.354968 1.861364 2.192273
3.354968 1.778636 2.192273
3.354968 1.695909 2.192273
3.354968 1.613182 2.192273
3.354968 1.530454 2.192273
3.354968 1.447727 2.192273
3.354968 1.365000 2.192273
3.354968 1.282273 2.192273
3.354968 1.199545 2.192273
3.354968 1.116818 2.192273
3.354968 1.034091 2.192273
3.354968 0.951364 2.192273
3.354968 0.868636 2.192273
3.354968 0.785909 2.192273
3.354968 0.703182 2.192273
3.354968 0.620455 2.192273
3.354968 0.537727 2.192273
3.354968 0.455000 2.192273
3.354968 0.372273 2.192273
3.354968 0.289546 2.192273
3.354968 0.206818 2.192273
3.354968 0.124091 2.192273
3.354968 0.041364 2.192273
3.347745 -0.229404 2.193476
3.290138 -0.684478 2.203078
3.175860 -1.128418 2.222124
3.006770 -1.554000 2.250306
2.785622 -1.954297 2.287164
2.516010 -2.322801 2.332099
2.202322 -2.653515 2.384380
1.849664 -2.941057 2.443157
1.463768 -3.180752 2.507473
1.050916 -3.368698 2.576281
0.617827 -3.501837 2.648463
0.171541 -3.578004 2.722844
-0.127690 -3.596604 2.772716
-0.209260 -3.598914 2.786311
-0.290830 -3.601224 2.799906
-0.372400 -3.603534 2.813501
-0.453969 -3.605844 2.827096
-0.535539 -3.608154 2.840691
-0.617110 -3.610464 2.854285
-0.698679 -3.612774 2.867880
-0.780249 -3.615083 2.881475
-0.861819 -3.617393 2.895071
-0.943389 -3.619703 2.908665
-1.024959 -3.622013 2.922260
-1.106529 -3.624323 2.935855
-1.188098 -3.626633 2.949450
-1.269668 -3.628943 2.963045
-1.351238 -3.631253 2.976640
-1.432808 -3.633563 2.990235
-1.514378 -3.635872 3.003830
-1.595947 -3.638182 3.017425
-1.677517 -3.640492 3.031020
-1.759087 -3.642802 3.044615
-1.840657 -3.645112 3.058210
-1.922227 -3.647422 3.071805
-2.003797 -3.649732 3.085400
-2.085367 -3.652041 3.098995
-2.166937 -3.654351 3.112590
-2.248507 -3.656661 3.126185
-2.330076 -3.658971 3.139780
-2.411646 -3.661281 3.153375
-2.493216 -3.663591 3.166970
-2.574786 -3.665901 3.180565
-2.656356 -3.668211 3.194160
-2.737926 -3.670521 3.207755
-2.819495 -3.672830 3.221350
-2.901066 -3.675140 3.234945
-2.982635 -3.677450 3.248540
-3.064205 -3.679760 3.262135
-3.145775 -3.682070 3.275730
3.354968 4.095000 2.192273
3.354968 4.012272 2.275000
3.354968 3.929545 2.275000
3.354968 3.846818 2.275000
3.354968 3.764091 2.275000
3.354968 3.681364 2.275000
3.354968 3.598636 2.275000
3.354968 3.515909 2.275000
3.354968 3.433182 2.275000
3.354968 3.350454 2.275000
3.354968 3.267727 2.275000
3.354968 3.185000 2.275000
3.354968 3.102273 2.275000
3.354968 3.019545 2.275000
3.354968 2.936818 2.275000
3.354968 2.854091 2.275000
3.354968 2.771363 2.275000
3.354968 2.688636 2.275000
3.354968 2.605909 2.275000
3.354968 2.523182 2.275000
3.354968 2.440454 2.275000
3.354968 2.357727 2.275000
3.354968 2.275000 2.275000
3.354968 2.192273 2.275000
3.354968 2.109545 2.275000
3.354968 2.026818 2.275000
3.354968 1.944091 2.275000
3.354968 1.861364 2.275000
3.354968 1.778636 2.275000
3.354968 1.695909 2.275000
3.354968 1.613182 2.275000
3.354968 1.530454 2.275000
3.354968 1.447727 2.275000
3.354968 1.365000 2.275000
3.354968 1.282273 2.275000
3.354968 1.199545 2.275000
3.354968 1.116818 2.275000
3.354968 1.034091 2.275000
3.354968 0.951364 2.275000
3.354968 0.868636 2.275000
3.354968 0.785909 2.275000
3.354968 0.703182 2.275000
3.354968 0.620455 2.275000
3.354968 0.537727 2.275000
3.354968 0.455000 2.275000
3.354968 0.372273 2.275000
3.354968 0.289546 2.275000
3.354968 0.206818 2.275000
3.354968 0.124091 2.275000
3.354968 0.041364 2.275000
3.347772 -0.228537 2.276199
3.290383 -0.681890 2.285764
3.176537 -1.124152 2.304739
3.008087 -1.548124 2.332814
2.787775 -1.946908 2.369532
2.519182 -2.314019 2.414298
2.206680 -2.643483 2.466381
1.855356 -2.929937 2.524935
1.470919 -3.168725 2.589008
1.059628 -3.355961 2.657557
0.628176 -3.488596 2.729465
0.183577 -3.564476 2.803565
-0.114650 -3.583009 2.853270
-0.196219 -3.585319 2.866864
-0.277789 -3.587629 2.880460
-0.359359 -3.589939 2.894055
-0.440929 -3.592249 2.907650
-0.522499 -3.594559 2.921244
-0.604069 -3.596869 2.934839
-0.685638 -3.599179 2.948434
-0.767208 -3.601488 2.962029
-0.848778 -3.603798 2.975624
-0.930348 -3.606108 2.989219
-1.011918 -3.608418 3.002814
-1.093488 -3.610728 3.016409
-1.175057 -3.613038 3.030004
-1.256628 -3.615348 3.043599
-1.338198 -3.617657 3.057194
-1.419767 -3.619967 3.070789
-1.501337 -3.622277 3.084384
-1.582907 -3.624587 3.097979
-1.664477 -3.626897 3.111574
-1.746047 -3.629207 3.125169
-1.827616 -3.631517 3.138764
-1.909186 -3.633827 3.152359
-1.990757 -3.636137 3.165954
-2.072326 -3.638446 3.179549
-2.153896 -3.640756 3.193144
-2.235466 -3.643066 3.206739
-2.317036 -3.645376 3.220334
-2.398605 -3.647686 3.233929
-2.480175 -3.649996 3.247524
-2.561745 -3.652306 3.261119
-2.643315 -3.654615 3.274714
-2.724885 -3.656925 3.288309
-2.806455 -3.659235 3.301904
-2.888025 -3.661545 3.315499
-2.969594 -3.663855 3.329094
-3.051164 -3.666165 3.342689
-3.132734 -3.668475 3.356284
3.354968 4.095000 2.275000
3.354968 4.012272 2.357727
3.354968 3.929545 2.357727
3.354968 3.846818 2.357727
3.354968 3.764091 2.357727
3.354968 3.681364 2.357727
3.354968 3.598636 2.357727
3.354968 3.515909 2.357727
3.354968 3.433182 2.357727
3.354968 3.350454 2.357727
3.354968 3.267727 2.357727
3.354968 3.185000 2.357727
3.354968 3.102273 2.357727
3.354968 3.019545 2.357727
3.354968 2.936818 2.357727
3.354968 2.854091 2.357727
3.354968 2.771363 2.357727
3.354968 2.688636 2.357727
3.354968 2.605909 2.357727
3.354968 2.523182 2.357727
3.354968 2.440454 2.357727
3.354968 2.357727 2.357727
3.354968 2.275000 2.357727
3.354968 2.192273 2.357727
3.354968 2.109545 2.357727
3.354968 2.026818 2.357727
3.354968 1.944091 2.357727
3.354968 1.861364 2.357727
3.354968 1.778636 2.357727
3.354968 1.695909 2.357727
3.354968 1.613182 2.357727
3.354968 1.530454 2.357727
3.354968 1.447727 2.357727
3.354968 1.365000 2.357727
3.354968 1.282273 2.357727
3.354968 1.199545 2.357727
3.354968 1.116818 2.357727
3.354968 1.034091 2.357727
3.354968 0.951364 2.357727
3.354968 0.868636 2.357727
3.354968 0.785909 2.357727
3.354968 0.703182 2.357727
3.354968 0.620455 2.357727
3.354968 0.537727 2.357727
3.354968 0.455000 2.357727
3.354968 0.372273 2.357727
3.354968 0.289546 2.357727
3.354968 0.206818 2.357727
3.354968 0.124091 2.357727
3.354968 0.041364 2.357727
3.347799 -0.227669 2.358922
3.290628 -0.679302 2.368450
3.177214 -1.119885 2.387353
3.009403 -1.542249 2.415321
2.789927 -1.939519 2.451900
2.522354 -2.305236 2.496496
2.211038 -2.633450 2.548382
1.861047 -2.918817 2.606714
1.478069 -3.156699 2.670543
1.068339 -3.343224 2.738832
0.638525 -3.475356 2.810467
0.195614 -3.550947 2.884286
-0.101609 -3.569414 2.933823
-0.183179 -3.571724 2.947418
-0.264749 -3.574034 2.961013
-0.346319 -3.576344 2.974608
-0.427888 -3.578654 2.988203
-0.509458 -3.580964 3.001798
-0.591028 -3.583273 3.015393
-0.672598 -3.585583 3.028988
-0.754168 -3.587893 3.042583
-0.835738 -3.590203 3.056178
-0.917307 -3.592513 3.069773
-0.998877 -3.594823 3.083368
-1.080447 -3.597133 3.096963
-1.162017 -3.599443 3.110558
-1.243587 -3.601753 3.124153
-1.325157 -3.604062 3.137748
-1.406726 -3.606372 3.151343
-1.488297 -3.608682 3.164938
-1.569866 -3.610992 3.178533
-1.651436 -3.613302 3.192128
-1.733006 -3.615612 3.205723
-1.814576 -3.617922 3.219317
-1.896146 -3.620232 3.232913
-1.977716 -3.622541 3.246508
-2.059285 -3.624851 3.260103
-2.140855 -3.627161 3.273697
-2.222425 -3.629471 3.287292
-2.303995 -3.631781 3.300887
-2.385565 -3.634091 3.314482
-2.467135 -3.636401 3.328077
-2.548705 -3.638710 3.341672
-2.630275 -3.641020 3.355268
-2.711845 -3.643330 3.368862
-2.793414 -3.645640 3.382457
-2.874984 -3.647950 3.396052
-2.956554 -3.650260 3.409647
-3.038124 -3.652570 3.423242
-3.119694 -3.654880 3.436837
3.354968 4.095000 2.357727
3.354968 4.012272 2.440454
3.354968 3.929545 2.440454
3.354968 3.846818 2.440454
3.354968 3.764091 2.440454
3.354968 3.681364 2.440454
3.354968 3.598636 2.440454
3.354968 3.515909 2.440454
3.354968 3.433182 2.440454
3.354968 3.350454 2.440454
3.354968 3.267727 2.440454
3.354968 3.185000 2.440454
3.354968 3.102273 2.440454
3.354968 3.019545 2.440454
3.354968 2.936818 2.440454
3.354968 2.854091 2.440454
3.354968 2.771363 2.440454
3.354968 2.688636 2.440454
3.354968 2.605909 2.440454
3.354968 2.523182 2.440454
3.354968 2.440454 2.440454
3.354968 2.357727 2.440454
3.354968 2.275000 2.440454
3.354968 2.192273 2.440454
3.354968 2.109545 2.440454
3.354968 2.026818 2.440454
3.354968 1.944091 2.440454
3.354968 1.861364 2.440454
3.354968 1.778636 2.440454
3.354968 1.695909 2.440454
3.354968 1.613182 2.440454
3.354968 1.530454 2.440454
3.354968 1.447727 2.440454
3.354968 1.365000 2.440454
3.354968 1.282273 2.440454
3.354968 1.199545 2.440454
3.354968 1.116818 2.440454
3.354968 1.034091 2.440454
3.354968 0.951364 2.440454
3.354968 0.868636 2.440454
3.354968 0.785909 2.440454
3.354968 0.703182 2.440454
3.354968 0.620455 2.440454
3.354968 0.537727 2.440454
3.354968 0.455000 2.440454
3.354968 0.372273 2.440454
3.354968 0.289546 2.440454
3.354968 0.206818 2.440454
3.354968 0.124091 2.440454
3.354968 0.041364 2.440454
3.347827 -0.226802 2.441645
3.290873 -0.676714 2.451137
3.177891 -1.115619 2.469967
3.010720 -1.536373 2.497829
2.792080 -1.932130 2.534269
2.525526 -2.296454 2.578695
2.215397 -2.623417 2.630383
1.866739 -2.907697 2.688493
1.485220 -3.144673 2.752079
1.077051 -3.330487 2.820107
0.648874 -3.462116 2.891470
0.207650 -3.537419 2.965007
-0.088568 -3.555820 3.014377
-0.170138 -3.558130 3.027972
-0.251708 -3.560439 3.041567
-0.333278 -3.562749 3.055162
-0.414847 -3.565059 3.068757
-0.496417 -3.567369 3.082352
-0.577987 -3.569679 3.095947
-0.659557 -3.571989 3.109542
-0.741127 -3.574299 3.123137
-0.822697 -3.576608 3.136732
-0.904267 -3.578918 3.150327
-0.985837 -3.581228 3.163922
-1.067407 -3.583538 3.177517
-1.148976 -3.585848 3.191112
-1.230546 -3.588158 3.204707
-1.312116 -3.590468 3.218302
-1.393686 -3.592778 3.231897
-1.475256 -3.595088 3.245492
-1.556825 -3.597397 3.259087
-1.638395 -3.599707 3.272682
-1.719965 -3.602017 3.286277
-1.801535 -3.604327 3.299871
-1.883105 -3.606637 3.313467
-1.964675 -3.608947 3.327062
-2.046245 -3.611257 3.340657
-2.127815 -3.613566 3.354251
-2.209384 -3.615876 3.367846
-2.290954 -3.618186 3.381441
-2.372524 -3.620496 3.395036
-2.454094 -3.622806 3.408631
-2.535664 -3.625116 3.422226
-2.617234 -3.627426 3.435821
-2.698804 -3.629736 3.449416
-2.780373 -3.632046 3.463011
-2.861943 -3.634355 3.476606
-2.943513 -3.636665 3.490201
-3.025083 -3.638975 3.503796
-3.106653 -3.641285 3.517391
3.354968 4.095000 2.440454
3.354968 4.012272 2.523181
3.354968 3.929545 2.523181
3.354968 3.846818 2.523181
3.354968 3.764091 2.523181
3.354968 3.681364 2.523181
3.354968 3.598636 2.523181
3.354968 3.515909 2.523181
3.354968 3.433182 2.523181
3.354968 3.350454 2.523181
3.354968 3.267727 2.523181
3.354968 3.185000 2.523181
3.354968 3.102273 2.523181
3.354968 3.019545 2.523181
3.354968 2.936818 2.523181
3.354968 2.854091 2.523181
3.354968 2.771363 2.523181
3.354968 2.688636 2.523181
3.354968 2.605909 2.523181
3.354968 2.523182 2.523181
3.354968 2.440454 2.523181
3.354968 2.357727 2.523181
3.354968 2.275000 2.523181
3.354968 2.192273 2.523181
3.354968 2.109545 2.523181
3.354968 2.026818 2.523181
3.354968 1.944091 2.523181
3.354968 1.861364 2.523181
3.354968 1.778636 2.523181
3.354968 1.695909 2.523181
3.354968 1.613182 2.523181
3.354968 1.530454 2.523181
3.354968 1.447727 2.523181
3.354968 1.365000 2.523181
3.354968 1.282273 2.523181
3.354968 1.199545 2.523181
3.354968 1.116818 2.523181
3.354968 1.034091 2.523181
3.354968 0.951364 2.523181
3.354968 0.868636 2.523181
3.354968 0.785909 2.523181
3.354968 0.703182 2.523181
3.354968 0.620455 2.523181
3.354968 0.537727 2.523181
3.354968 0.455000 2.523181
3.354968 0.372273 2.523181
3.354968 0.289546 2.523181
3.354968 0.206818 2.523181
3.354968 0.124091 2.523181
3.354968 0.041364 2.523181
3.347854 -0.225935 2.524367
3.291118 -0.674126 2.533823
3.178568 -1.111352 2.552581
3.012036 -1.530498 2.580337
2.794233 -1.924741 2.616637
2.528698 -2.287672 2.660893
2.219755 -2.613384 2.712384
1.872430 -2.896577 2.770271
1.492370 -3.132647 2.833614
1.085762 -3.317750 2.901382
0.659223 -3.448875 2.972472
0.219686 -3.523891 3.045728
-0.075528 -3.542224 3.094931
-0.157097 -3.544534 3.108526
-0.238667 -3.546844 3.122120
-0.320237 -3.549154 3.135715
-0.401807 -3.551464 3.149310
-0.483377 -3.553774 3.162905
-0.564947 -3.556084 3.176500
-0.646516 -3.558394 3.190095
-0.728086 -3.560704 3.203690
-0.809657 -3.563013 3.217285
-0.891226 -3.565323 3.230880
-0.972796 -3.567633 3.244475
-1.054366 -3.569943 3.258070
-1.135936 -3.572253 3.271665
-1.217506 -3.574563 3.285260
-1.299076 -3.576873 3.298855
-1.380645 -3.579183 3.312450
-1.462215 -3.581492 3.326045
-1.543785 -3.583802 3.339640
-1.625355 -3.586112 3.353235
-1.706925 -3.588422 3.366830
-1.788494 -3.590732 3.380425
-1.870064 -3.593042 3.394020
-1.951635 -3.595352 3.407615
-2.033204 -3.597661 3.421210
-2.114774 -3.599971 3.434805
-2.196344 -3.602281 3.448400
-2.277914 -3.604591 3.461995
-2.359483 -3.606901 3.475590
-2.441054 -3.609211 3.489185
-2.522623 -3.611521 3.502780
-2.604193 -3.613831 3.516375
-2.685763 -3.616141 3.529970
-2.767333 -3.618450 3.543565
-2.848903 -3.620760 3.557160
-2.930472 -3.623070 3.570755
-3.012042 -3.625380 3.584350
-3.093612 -3.627690 3.597945
3.354968 4.095000 2.523181
3.354968 4.012272 2.605909
3.354968 3.929545 2.605909
3.354968 3.846818 2.605909
3.354968 3.764091 2.605909
3.354968 3.681364 2.605909
3.354968 3.598636 2.605909
3.354968 3.515909 2.605909
3.354968 3.433182 2.605909
3.354968 3.350454 2.605909
3.354968 3.267727 2.605909
3.354968 3.185000 2.605909
3.354968 3.102273 2.605909
3.354968 3.019545 2.605909
3.354968 2.936818 2.605909
3.354968 2.854091 2.605909
3.354968 2.771363 2.605909
3.354968 2.688636 2.605909
3.354968 2.605909 2.605909
3.354968 2.523182 2.605909
3.354968 2.440454 2.605909
3.354968 2.357727 2.605909
3.354968 2.275000 2.605909
3.354968 2.192273 2.605909
3.354968 2.109545 2.605909
3.354968 2.026818 2.605909
3.354968 1.944091 2.605909
3.354968 1.861364 2.605909
3.354968 1.778636 2.605909
3.354968 1.695909 2.605909
3.354968 1.613182 2.605909
3.354968 1.530454 2.605909
3.354968 1.447727 2.605909
3.354968 1.365000 2.605909
3.354968 1.282273 2.605909
3.354968 1.199545 2.605909
3.354968 1.116818 2.605909
3.354968 1.034091 2.605909
3.354968 0.951364 2.605909
3.354968 0.868636 2.605909
3.354968 0.785909 2.605909
3.354968 0.703182 2.605909
3.354968 0.620455 2.605909
3.354968 0.537727 2.605909
3.354968 0.455000 2.605909
3.354968 0.372273 2.605909
3.354968 0.289546 2.605909
3.354968 0.206818 2.605909
3.354968 0.124091 2.605909
3.354968 0.041364 2.605909
3.347881 -0.225067 2.607090
3.291363 -0.671538 2.616509
3.179245 -1.107086 2.635196
3.013353 -1.524622 2.662845
2.796386 -1.917351 2.699006
2.531870 -2.278889 2.743092
2.224113 -2.603351 2.794384
1.878121 -2.885457 2.852050
1.499521 -3.120620 2.915150
1.094474 -3.305013 2.982658
0.669572 -3.435635 3.053475
0.231723 -3.510363 3.126450
-0.062487 -3.528629 3.175485
-0.144057 -3.530939 3.189080
-0.225627 -3.533249 3.202674
-0.307197 -3.535559 3.216269
-0.388766 -3.537869 3.229864
-0.470336 -3.540179 3.243459
-0.551906 -3.542489 3.257054
-0.633476 -3.544799 3.270649
-0.715046 -3.547108 3.284244
-0.796616 -3.549418 3.297839
-0.878185 -3.551728 3.311434
-0.959755 -3.554038 3.325029
-1.041326 -3.556348 3.338624
-1.122895 -3.558658 3.352219
-1.204465 -3.560968 3.365814
-1.286035 -3.563277 3.379409
-1.367605 -3.565588 3.393004
-1.449175 -3.567897 3.406599
-1.530744 -3.570207 3.420194
-1.612314 -3.572517 3.433789
-1.693884 -3.574827 3.447384
-1.775454 -3.577137 3.460979
-1.857024 -3.579447 3.474574
-1.938594 -3.581757 3.488169
-2.020164 -3.584066 3.501764
-2.101733 -3.586376 3.515359
-2.183303 -3.588686 3.528954
-2.264873 -3.590996 3.542549
-2.346443 -3.593306 3.556144
-2.428013 -3.595616 3.569739
-2.509583 -3.597926 3.583334
-2.591153 -3.600235 3.596929
-2.672723 -3.602545 3.610524
-2.754292 -3.604855 3.624119
-2.835862 -3.607165 3.637714
-2.917432 -3.609475 3.651309
-2.999002 -3.611785 3.664904
-3.080572 -3.614095 3.678499
3.354968 4.095000 2.605909
3.354968 4.012272 2.688636
3.354968 3.929545 2.688636
3.354968 3.846818 2.688636
3.354968 3.764091 2.688636
3.354968 3.681364 2.688636
3.354968 3.598636 2.688636
3.354968 3.515909 2.688636
3.354968 3.433182 2.688636
3.354968 3.350454 2.688636
3.354968 3.267727 2.688636
3.354968 3.185000 2.688636
3.354968 3.102273 2.688636
3.354968 3.019545 2.688636
3.354968 2.936818 2.688636
3.354968 2.854091 2.688636
3.354968 2.771363 2.688636
3.354968 2.688636 2.688636
3.354968 2.605909 2.688636
3.354968 2.523182 2.688636
3.354968 2.440454 2.688636
3.354968 2.357727 2.688636
3.354968 2.275000 2.688636
3.354968 2.192273 2.688636
3.354968 2.109545 2.688636
3.354968 2.026818 2.688636
3.354968 1.944091 2.688636
3.354968 1.861364 2.688636
3.354968 1.778636 2.688636
3.354968 1.695909 2.688636
3.354968 1.613182 2.688636
3.354968 1.530454 2.688636
3.354968 1.447727 2.688636
3.354968 1.365000 2.688636
3.354968 1.282273 2.688636
3.354968 1.199545 2.688636
3.354968 1.116818 2.688636
3.354968 1.034091 2.688636
3.354968 0.951364 2.688636
3.354968 0.868636 2.688636
3.354968 0.785909 2.688636
3.354968 0.703182 2.688636
3.354968 0.620455 2.688636
3.354968 0.537727 2.688636
3.354968 0.455000 2.688636
3.354968 0.372273 2.688636
3.354968 0.289546 2.688636
3.354968 0.206818 2.688636
3.354968 0.124091 2.688636
3.354968 0.041364 2.688636
3.347909 -0.224200 2.689813
3.291608 -0.668950 2.699196
3.179923 -1.102819 2.717811
3.014669 -1.518746 2.745353
2.798538 -1.909962 2.781375
2.535042 -2.270107 2.825291
2.228471 -2.593318 2.876386
1.883813 -2.874337 2.933829
1.506672 -3.108594 2.996686
1.103185 -3.292276 3.063933
0.679921 -3.422395 3.134478
0.243759 -3.496835 3.207171
-0.049446 -3.515034 3.256039
-0.131016 -3.517344 3.269634
-0.212586 -3.519654 3.283229
-0.294156 -3.521964 3.296824
-0.375725 -3.524274 3.310419
-0.457295 -3.526584 3.324014
-0.538866 -3.528894 3.337609
-0.620435 -3.531204 3.351203
-0.702005 -3.533514 3.364799
-0.783575 -3.535823 3.378394
-0.865145 -3.538133 3.391989
-0.946715 -3.540443 3.405583
-1.028285 -3.542753 3.419178
-1.109854 -3.545063 3.432773
-1.191424 -3.547373 3.446368
-1.272994 -3.549683 3.459963
-1.354564 -3.551993 3.473558
-1.436134 -3.554302 3.487153
-1.517703 -3.556612 3.500748
-1.599273 -3.558922 3.514343
-1.680843 -3.561232 3.527938
-1.762413 -3.563542 3.541533
-1.843983 -3.565852 3.555128
-1.925553 -3.568162 3.568723
-2.007123 -3.570472 3.582318
-2.088693 -3.572781 3.595913
-2.170263 -3.575091 3.609508
-2.251832 -3.577401 3.623103
-2.333402 -3.579711 3.636698
-2.414972 -3.582021 3.650293
-2.496542 -3.584331 3.663888
-2.578112 -3.586641 3.677483
-2.659682 -3.588951 3.691078
-2.741251 -3.591260 3.704673
-2.822822 -3.593570 3.718268
-2.904391 -3.595880 3.731863
-2.985961 -3.598190 3.745458
-3.067531 -3.600500 3.759053
3.354968 4.095000 2.688636
3.354968 4.012272 2.771363
3.354968 3.929545 2.771363
3.354968 3.846818 2.771363
3.354968 3.764091 2.771363
3.354968 3.681364 2.771363
3.354968 3.598636 2.771363
3.354968 3.515909 2.771363
3.354968 3.433182 2.771363
3.354968 3.350454 2.771363
3.354968 3.267727 2.771363
3.354968 3.185000 2.771363
3.354968 3.102273 2.771363
3.354968 3.019545 2.771363
3.354968 2.936818 2.771363
3.354968 2.854091 2.771363
3.354968 2.771363 2.771363
3.354968 2.688636 2.771363
3.354968 2.605909 2.771363
3.354968 2.523182 2.771363
3.354968 2.440454 2.771363
3.354968 2.357727 2.771363
3.354968 2.275000 2.771363
3.354968 2.192273 2.771363
3.354968 2.109545 2.771363
3.354968 2.026818 2.771363
3.354968 1.944091 2.771363
3.354968 1.861364 2.771363
3.354968 1.778636 2.771363
3.354968 1.695909 2.771363
3.354968 1.613182 2.771363
3.354968 1.530454 2.771363
3.354968 1.447727 2.771363
3.354968 1.365000 2.771363
3.354968 1.282273 2.771363
3.354968 1.199545 2.771363
3.354968 1.116818 2.771363
3.354968 1.034091 2.771363
3.354968 0.951364 2.771363
3.354968 0.868636 2.771363
3.354968 0.785909 2.771363
3.354968 0.703182 2.771363
3.354968 0.620455 2.771363
3.354968 0.537727 2.771363
3.354968 0.455000 2.771363
3.354968 0.372273 2.771363
3.354968 0.289546 2.771363
3.354968 0.206818 2.771363
3.354968 0.124091 2.771363
3.354968 0.041364 2.771363
3.347936 -0.223333 2.772535
3.291853 -0.666362 2.781883
3.180600 -1.098553 2.800425
3.015986 -1.512871 2.827860
2.800691 -1.902573 2.863743
2.538214 -2.261324 2.907489
2.232829 -2.583286 2.958386
1.889504 -2.863217 3.015607
1.513822 -3.096568 3.078221
1.111897 -3.279539 3.145209
0.690270 -3.409155 3.215480
0.255796 -3.483306 3.287892
-0.036406 -3.501439 3.336592
-0.117975 -3.503749 3.350187
-0.199545 -3.506059 3.363782
-0.281115 -3.508369 3.377377
-0.362685 -3.510679 3.390972
-0.444255 -3.512989 3.404567
-0.525825 -3.515299 3.418162
-0.607394 -3.517609 3.431757
-0.688964 -3.519918 3.445352
-0.770535 -3.522228 3.458947
-0.852104 -3.524538 3.472542
-0.933674 -3.526848 3.486137
-1.015244 -3.529158 3.499732
-1.096814 -3.531468 3.513327
-1.178384 -3.533778 3.526922
-1.259954 -3.536088 3.540517
-1.341523 -3.538398 3.554112
-1.423093 -3.540707 3.567707
-1.504663 -3.543017 3.581302
-1.586233 -3.545327 3.594897
-1.667803 -3.547637 3.608492
-1.749372 -3.549947 3.622087
-1.830942 -3.552257 3.635682
-1.912513 -3.554567 3.649277
-1.994082 -3.556876 3.662872
-2.075652 -3.559186 3.676467
-2.157222 -3.561496 3.690062
-2.238792 -3.563806 3.703657
-2.320361 -3.566116 3.717252
-2.401932 -3.568426 3.730847
-2.483501 -3.570736 3.744442
-2.565071 -3.573045 3.758037
-2.646641 -3.575356 3.771631
-2.728211 -3.577665 3.785226
-2.809781 -3.579975 3.798821
-2.891350 -3.582285 3.812416
-2.972920 -3.584595 3.826011
-3.054490 -3.586905 3.839606
3.354968 4.095000 2.771363
3.354968 4.012272 2.854091
3.354968 3.929545 2.854091
3.354968 3.846818 2.854091
3.354968 3.764091 2.854091
3.354968 3.681364 2.854091
3.354968 3.598636 2.854091
3.354968 3.515909 2.854091
3.354968 3.433182 2.854091
3.354968 3.350454 2.854091
3.354968 3.267727 2.854091
3.354968 3.185000 2.854091
3.354968 3.102273 2.854091
3.354968 3.019545 2.854091
3.354968 2.936818 2.854091
3.354968 2.854091 2.854091
3.354968 2.771363 2.854091
3.354968 2.688636 2.854091
3.354968 2.605909 2.854091
3.354968 2.523182 2.854091
3.354968 2.440454 2.854091
3.354968 2.357727 2.854091
3.354968 2.275000 2.854091
3.354968 2.192273 2.854091
3.354968 2.109545 2.854091
3.354968 2.026818 2.854091
3.354968 1.944091 2.854091
3.354968 1.861364 2.854091
3.354968 1.778636 2.854091
3.354968 1.695909 2.854091
3.354968 1.613182 2.854091
3.354968 1.530454 2.854091
3.354968 1.447727 2.854091
3.354968 1.365000 2.854091
3.354968 1.282273 2.854091
3.354968 1.199545 2.854091
3.354968 1.116818 2.854091
3.354968 1.034091 2.854091
3.354968 0.951364 2.854091
3.354968 0.868636 2.854091
3.354968 0.785909 2.854091
3.354968 0.703182 2.854091
3.354968 0.620455 2.854091
3.354968 0.537727 2.854091
3.354968 0.455000 2.854091
3.354968 0.372273 2.854091
3.354968 0.289546 2.854091
3.354968 0.206818 2.854091
3.354968 0.124091 2.854091
3.354968 0.041364 2.854091
3.347963 -0.222465 2.855258
3.292099 -0.663774 2.864569
3.181277 -1.094286 2.883039
3.017303 -1.506995 2.910368
2.802843 -1.895184 2.946111
2.541386 -2.252542 2.989688
2.237187 -2.573253 3.040388
1.895196 -2.852097 3.097386
1.520973 -3.084542 3.159757
1.120608 -3.266803 3.226484
0.700619 -3.395915 3.296482
0.267832 -3.469778 3.368613
-0.023365 -3.487844 3.417146
-0.104935 -3.490155 3.430741
-0.186505 -3.492464 3.444336
-0.268075 -3.494774 3.457931
-0.349644 -3.497084 3.471526
-0.431214 -3.499394 3.485121
-0.512784 -3.501704 3.498716
-0.594354 -3.504014 3.512311
-0.675924 -3.506324 3.525906
-0.757494 -3.508633 3.539501
-0.839063 -3.510943 3.553096
-0.920633 -3.513253 3.566691
-1.002203 -3.515563 3.580286
-1.083773 -3.517873 3.593881
-1.165343 -3.520183 3.607476
-1.246913 -3.522493 3.621071
-1.328483 -3.524803 3.634666
-1.410053 -3.527112 3.648261
-1.491622 -3.529422 3.661856
-1.573192 -3.531732 3.675451
-1.654762 -3.534042 3.689046
-1.736332 -3.536352 3.702641
-1.817902 -3.538662 3.716236
-1.899472 -3.540972 3.729831
-1.981042 -3.543282 3.743426
-2.062611 -3.545591 3.757020
-2.144181 -3.547901 3.770616
-2.225751 -3.550211 3.784210
-2.307321 -3.552521 3.797806
-2.388891 -3.554831 3.811400
-2.470460 -3.557141 3.824996
-2.552031 -3.559451 3.838591
-2.633601 -3.561761 3.852185
-2.715170 -3.564070 3.865780
-2.796740 -3.566380 3.879375
-2.878310 -3.568690 3.892970
-2.959880 -3.571000 3.906565
-3.041450 -3.573310 3.920160
3.354968 4.095000 2.854091
3.354968 4.012272 2.936818
3.354968 3.929545 2.936818
3.354968 3.846818 2.936818
3.354968 3.764091 2.936818
3.354968 3.681364 2.936818
3.354968 3.598636 2.936818
3.354968 3.515909 2.936818
3.354968 3.433182 2.936818
3.354968 3.350454 2.936818
3.354968 3.267727 2.936818
3.354968 3.185000 2.936818
3.354968 3.102273 2.936818
3.354968 3.019545 2.936818
3.354968 2.936818 2.936818
3.354968 2.854091 2.936818
3.354968 2.771363 2.936818
3.354968 2.688636 2.936818
3.354968 2.605909 2.936818
3.354968 2.523182 2.936818
3.354968 2.440454 2.936818
3.354968 2.357727 2.936818
3.354968 2.275000 2.936818
3.354968 2.192273 2.936818
3.354968 2.109545 2.936818
3.354968 2.026818 2.936818
3.354968 1.944091 2.936818
3.354968 1.861364 2.936818
3.354968 1.778636 2.936818
3.354968 1.695909 2.936818
3.354968 1.613182 2.936818
3.354968 1.530454 2.936818
3.354968 1.447727 2.936818
3.354968 1.365000 2.936818
3.354968 1.282273 2.936818
3.354968 1.199545 2.936818
3.354968 1.116818 2.936818
3.354968 1.034091 2.936818
3.354968 0.951364 2.936818
3.354968 0.868636 2.936818
3.354968 0.785909 2.936818
3.354968 0.703182 2.936818
3.354968 0.620455 2.936818
3.354968 0.537727 2.936818
3.354968 0.455000 2.936818
3.354968 0.372273 2.936818
3.354968 0.289546 2.936818
3.354968 0.206818 2.936818
3.354968 0.124091 2.936818
3.354968 0.041364 2.936818
3.347991 -0.221598 2.937981
3.292344 -0.661186 2.947256
3.181954 -1.090020 2.965654
3.018619 -1.501119 2.992876
2.804996 -1.887795 3.028480
2.544559 -2.243760 3.071886
2.241545 -2.563220 3.122389
1.900887 -2.840977 3.179165
1.528123 -3.072515 3.241292
1.129320 -3.254066 3.307760
0.710968 -3.382674 3.377485
0.279868 -3.456250 3.449335
-0.010324 -3.474249 3.497700
-0.091894 -3.476559 3.511295
-0.173464 -3.478869 3.524890
-0.255034 -3.481179 3.538485
-0.336603 -3.483489 3.552080
-0.418173 -3.485799 3.565675
-0.499743 -3.488109 3.579270
-0.581313 -3.490419 3.592865
-0.662883 -3.492728 3.606460
-0.744453 -3.495038 3.620055
-0.826023 -3.497348 3.633650
-0.907593 -3.499658 3.647245
-0.989163 -3.501968 3.660840
-1.070732 -3.504278 3.674435
-1.152302 -3.506588 3.688030
-1.233872 -3.508898 3.701625
-1.315442 -3.511208 3.715220
-1.397012 -3.513517 3.728815
-1.478581 -3.515827 3.742410
-1.560152 -3.518137 3.756005
-1.641721 -3.520447 3.769600
-1.723291 -3.522757 3.783195
-1.804861 -3.525067 3.796790
-1.886431 -3.527377 3.810385
-1.968001 -3.529686 3.823980
-2.049571 -3.531996 3.837574
-2.131141 -3.534306 3.851170
-2.212710 -3.536616 3.864764
-2.294280 -3.538926 3.878360
-2.375850 -3.541236 3.891954
-2.457420 -3.543546 3.905550
-2.538990 -3.545856 3.919144
-2.620560 -3.548166 3.932739
-2.702130 -3.550475 3.946334
-2.783700 -3.552785 3.959929
-2.865269 -3.555095 3.973524
-2.946839 -3.557405 3.987119
-3.028409 -3.559715 4.000714
3.354968 4.095000 2.936818
3.354968 4.012272 3.019545
3.354968 3.929545 3.019545
3.354968 3.846818 3.019545
3.354968 3.764091 3.019545
3.354968 3.681364 3.019545
3.354968 3.598636 3.019545
3.354968 3.515909 3.019545
3.354968 3.433182 3.019545
3.354968 3.350454 3.019545
3.354968 3.267727 3.019545
3.354968 3.185000 3.019545
3.354968 3.102273 3.019545
3.354968 3.019545 3.019545
3.354968 2.936818 3.019545
3.354968 2.854091 3.019545
3.354968 2.771363 3.019545
3.354968 2.688636 3.019545
3.354968 2.605909 3.019545
3.354968 2.523182 3.019545
3.354968 2.440454 3.019545
3.354968 2.357727 3.019545
3.354968 2.275000 3.019545
3.354968 2.192273 3.019545
3.354968 2.109545 3.019545
3.354968 2.026818 3.019545
3.354968 1.944091 3.019545
3.354968 1.861364 3.019545
3.354968 1.778636 3.019545
3.354968 1.695909 3.019545
3.354968 1.613182 3.019545
3.354968 1.530454 3.019545
3.354968 1.447727 3.019545
3.354968 1.365000 3.019545
3.354968 1.282273 3.019545
3.354968 1.199545 3.019545
3.354968 1.116818 3.019545
3.354968 1.034091 3.019545
3.354968 0.951364 3.019545
3.354968 0.868636 3.019545
3.354968 0.785909 3.019545
3.354968 0.703182 3.019545
3.354968 0.620455 3.019545
3.354968 0.537727 3.019545
3.354968 0.455000 3.019545
3.354968 0.372273 3.019545
3.354968 0.289546 3.019545
3.354968 0.206818 3.019545
3.354968 0.124091 3.019545
3.354968 0.041364 3.019545
3.348018 -0.220731 3.020703
3.292589 -0.658598 3.029942
3.182631 -1.085753 3.048268
3.019936 -1.495244 3.075384
2.807148 -1.880406 3.110848
2.547731 -2.234977 3.154085
2.245903 -2.553187 3.204389
1.906579 -2.829857 3.260943
1.535274 -3.060489 3.322827
1.138031 -3.241329 3.389035
0.721317 -3.369434 3.458487
0.291905 -3.442722 3.530056
0.002716 -3.460654 3.578254
-0.078853 -3.462965 3.591849
-0.160423 -3.465274 3.605444
-0.241993 -3.467584 3.619039
-0.323563 -3.469894 3.632633
-0.405133 -3.472204 3.646229
-0.486703 -3.474514 3.659824
-0.568273 -3.476824 3.673419
-0.649843 -3.479134 3.687013
-0.731413 -3.481443 3.700608
-0.812982 -3.483753 3.714203
-0.894552 -3.486063 3.727798
-0.976122 -3.488373 3.741393
-1.057692 -3.490683 3.754988
-1.139262 -3.492993 3.768583
-1.220832 -3.495303 3.782178
-1.302401 -3.497613 3.795773
-1.383971 -3.499923 3.809368
-1.465541 -3.502232 3.822963
-1.547111 -3.504542 3.836558
-1.628681 -3.506852 3.850153
-1.710250 -3.509162 3.863748
-1.791820 -3.511472 3.877343
-1.873391 -3.513782 3.890938
-1.954960 -3.516092 3.904533
-2.036530 -3.518401 3.918128
-2.118100 -3.520711 3.931723
-2.199670 -3.523021 3.945318
-2.281240 -3.525331 3.958913
-2.362810 -3.527641 3.972508
-2.444379 -3.529951 3.986103
-2.525949 -3.532261 3.999698
-2.607519 -3.534571 4.013293
-2.689089 -3.536880 4.026888
-2.770659 -3.539190 4.040483
-2.852229 -3.541500 4.054078
-2.933798 -3.543810 4.067673
-3.015368 -3.546120 4.081268
3.354968 4.095000 3.019545
3.354968 4.012272 3.102273
3.354968 3.929545 3.102273
3.354968 3.846818 3.102273
3.354968 3.764091 3.102273
3.354968 3.681364 3.102273
3.354968 3.598636 3.102273
3.354968 3.515909 3.102273
3.354968 3.433182 3.102273
3.354968 3.350454 3.102273
3.354968 3.267727 3.102273
3.354968 3.185000 3.102273
3.354968 3.102273 3.102273
3.354968 3.019545 3.102273
3.354968 2.936818 3.102273
3.354968 2.854091 3.102273
3.354968 2.771363 3.102273
3.354968 2.688636 3.102273
3.354968 2.605909 3.102273
3.354968 2.523182 3.102273
3.354968 2.440454 3.102273
3.354968 2.357727 3.102273
3.354968 2.275000 3.102273
3.354968 2.192273 3.102273
3.354968 2.109545 3.102273
3.354968 2.026818 3.102273
3.354968 1.944091 3.102273
3.354968 1.861364 3.102273
3.354968 1.778636 3.102273
3.354968 1.695909 3.102273
3.354968 1.613182 3.102273
3.354968 1.530454 3.102273
3.354968 1.447727 3.102273
3.354968 1.365000 3.102273
3.354968 1.282273 3.102273
3.354968 1.199545 3.102273
3.354968 1.116818 3.102273
3.354968 1.034091 3.102273
3.354968 0.951364 3.102273
3.354968 0.868636 3.102273
3.354968 0.785909 3.102273
3.354968 0.703182 3.102273
3.354968 0.620455 3.102273
3.354968 0.537727 3.102273
3.354968 0.455000 3.102273
3.354968 0.372273 3.102273
3.354968 0.289546 3.102273
3.354968 0.206818 3.102273
3.354968 0.124091 3.102273
3.354968 0.041364 3.102273
3.348045 -0.219863 3.103426
3.292834 -0.656010 3.112628
3.183309 -1.081487 3.130882
3.021252 -1.489368 3.157892
2.809301 -1.873017 3.193217
2.550903 -2.226195 3.236283
2.250261 -2.543155 3.286390
1.912270 -2.818737 3.342722
1.542424 -3.048463 3.404363
1.146743 -3.228592 3.470310
0.731666 -3.356194 3.539490
0.303941 -3.429193 3.610777
0.015757 -3.447059 3.658808
-0.065813 -3.449369 3.672403
-0.147383 -3.451679 3.685997
-0.228953 -3.453989 3.699593
-0.310522 -3.456299 3.713187
-0.392092 -3.458609 3.726783
-0.473662 -3.460919 3.740377
-0.555232 -3.463229 3.753973
-0.636802 -3.465539 3.767567
-0.718372 -3.467848 3.781163
-0.799941 -3.470158 3.794757
-0.881511 -3.472468 3.808352
-0.963081 -3.474778 3.821947
-1.044651 -3.477088 3.835542
-1.126221 -3.479398 3.849137
-1.207791 -3.481708 3.862732
-1.289361 -3.484018 3.876327
-1.370931 -3.486327 3.889922
-1.452500 -3.488637 3.903517
-1.534070 -3.490947 3.917112
-1.615640 -3.493257 3.930707
-1.697210 -3.495567 3.944302
-1.778780 -3.497877 3.957897
-1.860350 -3.500187 3.971492
-1.941920 -3.502496 3.985087
-2.023489 -3.504806 3.998682
-2.105059 -3.507116 4.012277
-2.186629 -3.509426 4.025872
-2.268199 -3.511736 4.039467
-2.349769 -3.514046 4.053062
-2.431339 -3.516356 4.066657
-2.512909 -3.518666 4.080252
-2.594479 -3.520976 4.093847
-2.676048 -3.523285 4.107442
-2.757618 -3.525595 4.121037
-2.839188 -3.527905 4.134632
-2.920758 -3.530215 4.148227
-3.002328 -3.532525 4.161822
3.354968 4.095000 3.102273
3.354968 4.012272 3.185000
3.354968 3.929545 3.185000
3.354968 3.846818 3.185000
3.354968 3.764091 3.185000
3.354968 3.681364 3.185000
3.354968 3.598636 3.185000
3.354968 3.515909 3.185000
3.354968 3.433182 3.185000
3.354968 3.350454 3.185000
3.354968 3.267727 3.185000
3.354968 3.185000 3.185000
3.354968 3.102273 3.185000
3.354968 3.019545 3.185000
3.354968 2.936818 3.185000
3.354968 2.854091 3.185000
3.354968 2.771363 3.185000
3.354968 2.688636 3.185000
3.354968 2.605909 3.185000
3.354968 2.523182 3.185000
3.354968 2.440454 3.185000
3.354968 2.357727 3.185000
3.354968 2.275000 3.185000
3.354968 2.192273 3.185000
3.354968 2.109545 3.185000
3.354968 2.026818 3.185000
3.354968 1.944091 3.185000
3.354968 1.861364 3.185000
3.354968 1.778636 3.185000
3.354968 1.695909 3.185000
3.354968 1.613182 3.185000
3.354968 1.530454 3.185000
3.354968 1.447727 3.185000
3.354968 1.365000 3.185000
3.354968 1.282273 3.185000
3.354968 1.199545 3.185000
3.354968 1.116818 3.185000
3.354968 1.034091 3.185000
3.354968 0.951364 3.185000
3.354968 0.868636 3.185000
3.354968 0.785909 3.185000
3.354968 0.703182 3.185000
3.354968 0.620455 3.185000
3.354968 0.537727 3.185000
3.354968 0.455000 3.185000
3.354968 0.372273 3.185000
3.354968 0.289546 3.185000
3.354968 0.206818 3.185000
3.354968 0.124091 3.185000
3.354968 0.041364 3.185000
3.348073 -0.218996 3.186149
3.293079 -0.653422 3.195314
3.183986 -1.077220 3.213497
3.022568 -1.483493 3.240400
2.811454 -1.865628 3.275585
2.554075 -2.217412 3.318482
2.254619 -2.533122 3.368391
1.917962 -2.807617 3.424501
1.549575 -3.036437 3.485898
1.155454 -3.215855 3.551585
0.742015 -3.342953 3.620492
0.315977 -3.415665 3.691498
0.028798 -3.433465 3.739361
-0.052772 -3.435775 3.752956
-0.134342 -3.438084 3.766551
-0.215912 -3.440394 3.780146
-0.297482 -3.442704 3.793741
-0.379052 -3.445014 3.807336
-0.460622 -3.447324 3.820931
-0.542191 -3.449634 3.834526
-0.623761 -3.451944 3.848121
-0.705331 -3.454253 3.861716
-0.786901 -3.456563 3.875311
-0.868471 -3.458873 3.888906
-0.950041 -3.461183 3.902501
-1.031610 -3.463493 3.916096
-1.113180 -3.465803 3.929691
-1.194750 -3.468113 3.943286
-1.276320 -3.470423 3.956881
-1.357890 -3.472733 3.970476
-1.439459 -3.475042 3.984071
-1.521029 -3.477352 3.997666
-1.602599 -3.479662 4.011261
-1.684169 -3.481972 4.024856
-1.765739 -3.484282 4.038451
-1.847309 -3.486592 4.052046
-1.928879 -3.488902 4.065641
-2.010449 -3.491211 4.079236
-2.092019 -3.493521 4.092831
-2.173588 -3.495831 4.106426
-2.255158 -3.498141 4.120021
-2.336728 -3.500451 4.133615
-2.418298 -3.502761 4.147211
-2.499868 -3.505071 4.160806
-2.581438 -3.507381 4.174401
-2.663007 -3.509691 4.187995
-2.744578 -3.512000 4.201591
-2.826147 -3.514310 4.215186
-2.907717 -3.516620 4.228781
-2.989287 -3.518930 4.242375
3.354968 4.095000 3.185000
3.354968 4.012272 3.267727
3.354968 3.929545 3.267727
3.354968 3.846818 3.267727
3.354968 3.764091 3.267727
3.354968 3.681364 3.267727
3.354968 3.598636 3.267727
3.354968 3.515909 3.267727
3.354968 3.433182 3.267727
3.354968 3.350454 3.267727
3.354968 3.267727 3.267727
3.354968 3.185000 3.267727
3.354968 3.102273 3.267727
3.354968 3.019545 3.267727
3.354968 2.936818 3.267727
3.354968 2.854091 3.267727
3.354968 2.771363 3.267727
3.354968 2.688636 3.267727
3.354968 2.605909 3.267727
3.354968 2.523182 3.267727
3.354968 2.440454 3.267727
3.354968 2.357727 3.267727
3.354968 2.275000 3.267727
3.354968 2.192273 3.267727
3.354968 2.109545 3.267727
3.354968 2.026818 3.267727
3.354968 1.944091 3.267727
3.354968 1.861364 3.267727
3.354968 1.778636 3.267727
3.354968 1.695909 3.267727
3.354968 1.613182 3.267727
3.354968 1.530454 3.267727
3.354968 1.447727 3.267727
3.354968 1.365000 3.267727
3.354968 1.282273 3.267727
3.354968 1.199545 3.267727
3.354968 1.116818 3.267727
3.354968 1.034091 3.267727
3.354968 0.951364 3.267727
3.354968 0.868636 3.267727
3.354968 0.785909 3.267727
3.354968 0.703182 3.267727
3.354968 0.620455 3.267727
3.354968 0.537727 3.267727
3.354968 0.455000 3.267727
3.354968 0.372273 3.267727
3.354968 0.289546 3.267727
3.354968 0.206818 3.267727
3.354968 0.124091 3.267727
3.354968 0.041364 3.267727
3.348100 -0.218128 3.268872
3.293324 -0.650834 3.278001
3.184663 -1.072954 3.296111
3.023885 -1.477617 3.322907
2.813607 -1.858239 3.357954
2.557247 -2.208630 3.400680
2.258977 -2.523089 3.450392
1.923653 -2.796497 3.506279
1.556725 -3.024410 3.567434
1.164166 -3.203118 3.632860
0.752364 -3.329713 3.701494
0.328014 -3.402137 3.772219
0.041838 -3.419870 3.819915
-0.039731 -3.422180 3.833510
-0.121301 -3.424489 3.847105
-0.202871 -3.426799 3.860700
-0.284441 -3.429109 3.874295
-0.366011 -3.431419 3.887890
-0.447581 -3.433729 3.901485
-0.529151 -3.436039 3.915080
-0.610721 -3.438349 3.928675
-0.692291 -3.440659 3.942270
-0.773860 -3.442969 3.955865
-0.855430 -3.445278 3.969460
-0.937000 -3.447588 3.983055
-1.018570 -3.449898 3.996650
-1.100140 -3.452208 4.010245
-1.181710 -3.454518 4.023840
-1.263279 -3.456828 4.037435
-1.344849 -3.459138 4.051030
-1.426419 -3.461447 4.064625
-1.507989 -3.463758 4.078219
-1.589559 -3.466067 4.091815
-1.671129 -3.468377 4.105410
-1.752699 -3.470687 4.119005
-1.834269 -3.472997 4.132600
-1.915838 -3.475307 4.146194
-1.997408 -3.477617 4.159790
-2.078978 -3.479927 4.173385
-2.160548 -3.482236 4.186979
-2.242118 -3.484546 4.200574
-2.323688 -3.486856 4.214170
-2.405257 -3.489166 4.227764
-2.486828 -3.491476 4.241359
-2.568397 -3.493786 4.254954
-2.649967 -3.496096 4.268549
-2.731537 -3.498405 4.282145
-2.813107 -3.500715 4.295739
-2.894676 -3.503025 4.309334
-2.976247 -3.505335 4.322929
3.354968 4.095000 3.267727
3.354968 4.012272 3.350454
3.354968 3.929545 3.350454
3.354968 3.846818 3.350454
3.354968 3.764091 3.350454
3.354968 3.681364 3.350454
3.354968 3.598636 3.350454
3.354968 3.515909 3.350454
3.354968 3.433182 3.350454
3.354968 3.350454 3.350454
3.354968 3.267727 3.350454
3.354968 3.185000 3.350454
3.354968 3.102273 3.350454
3.354968 3.019545 3.350454
3.354968 2.936818 3.350454
3.354968 2.854091 3.350454
3.354968 2.771363 3.350454
3.354968 2.688636 3.350454
3.354968 2.605909 3.350454
3.354968 2.523182 3.350454
3.354968 2.440454 3.350454
3.354968 2.357727 3.350454
3.354968 2.275000 3.350454
3.354968 2.192273 3.350454
3.354968 2.109545 3.350454
3.354968 2.026818 3.350454
3.354968 1.944091 3.350454
3.354968 1.861364 3.350454
3.354968 1.778636 3.350454
3.354968 1.695909 3.350454
3.354968 1.613182 3.350454
3.354968 1.530454 3.350454
3.354968 1.447727 3.350454
3.354968 1.365000 3.350454
3.354968 1.282273 3.350454
3.354968 1.199545 3.350454
3.354968 1.116818 3.350454
3.354968 1.034091 3.350454
3.354968 0.951364 3.350454
3.354968 0.868636 3.350454
3.354968 0.785909 3.350454
3.354968 0.703182 3.350454
3.354968 0.620455 3.350454
3.354968 0.537727 3.350454
3.354968 0.455000 3.350454
3.354968 0.372273 3.350454
3.354968 0.289546 3.350454
3.354968 0.206818 3.350454
3.354968 0.124091 3.350454
3.354968 0.041364 3.350454
3.348127 -0.217261 3.351594
3.293569 -0.648246 3.360687
3.185340 -1.068687 3.378726
3.025202 -1.471742 3.405415
2.815759 -1.850850 3.440322
2.560419 -2.199848 3.482879
2.263336 -2.513056 3.532393
1.929345 -2.785377 3.588058
1.563876 -3.012384 3.648970
1.172878 -3.190381 3.714136
0.762713 -3.316473 3.782497
0.340050 -3.388608 3.852941
0.054879 -3.406275 3.900469
-0.026691 -3.408585 3.914064
-0.108261 -3.410894 3.927659
-0.189831 -3.413204 3.941254
-0.271400 -3.415514 3.954849
-0.352970 -3.417824 3.968444
-0.434540 -3.420134 3.982039
-0.516110 -3.422444 3.995634
-0.597680 -3.424754 4.009229
-0.679250 -3.427063 4.022824
-0.760819 -3.429374 4.036419
-0.842389 -3.431683 4.050014
-0.923959 -3.433993 4.063609
-1.005529 -3.436303 4.077204
-1.087099 -3.438613 4.090799
-1.168669 -3.440923 4.104394
-1.250239 -3.443233 4.117989
-1.331809 -3.445543 4.131584
-1.413378 -3.447852 4.145179
-1.494948 -3.450162 4.158773
-1.576518 -3.452472 4.172369
-1.658088 -3.454782 4.185964
-1.739658 -3.457092 4.199559
-1.821228 -3.459402 4.213153
-1.902797 -3.461712 4.226748
-1.984367 -3.464021 4.240344
-2.065938 -3.466331 4.253939
-2.147507 -3.468641 4.267533
-2.229077 -3.470951 4.281128
-2.310647 -3.473261 4.294724
-2.392217 -3.475571 4.308318
-2.473787 -3.477881 4.321913
-2.555357 -3.480191 4.335508
-2.636926 -3.482501 4.349103
-2.718496 -3.484810 4.362699
-2.800066 -3.487120 4.376293
-2.881636 -3.489430 4.389888
-2.963206 -3.491740 4.403483
3.354968 4.095000 3.350454
3.354968 4.012272 3.433182
3.354968 3.929545 3.433182
3.354968 3.846818 3.433182
3.354968 3.764091 3.433182
3.354968 3.681364 3.433182
3.354968 3.598636 3.433182
3.354968 3.515909 3.433182
3.354968 3.433182 3.433182
3.354968 3.350454 3.433182
3.354968 3.267727 3.433182
3.354968 3.185000 3.433182
3.354968 3.102273 3.433182
3.354968 3.019545 3.433182
3.354968 2.936818 3.433182
3.354968 2.854091 3.433182
3.354968 2.771363 3.433182
3.354968 2.688636 3.433182
3.354968 2.605909 3.433182
3.354968 2.523182 3.433182
3.354968 2.440454 3.433182
3.354968 2.357727 3.433182
3.354968 2.275000 3.433182
3.354968 2.192273 3.433182
3.354968 2.109545 3.433182
3.354968 2.026818 3.433182
3.354968 1.944091 3.433182
3.354968 1.861364 3.433182
3.354968 1.778636 3.433182
3.354968 1.695909 3.433182
3.354968 1.613182 3.433182
3.354968 1.530454 3.433182
3.354968 1.447727 3.433182
3.354968 1.365000 3.433182
3.354968 1.282273 3.433182
3.354968 1.199545 3.433182
3.354968 1.116818 3.433182
3.354968 1.034091 3.433182
3.354968 0.951364 3.433182
3.354968 0.868636 3.433182
3.354968 0.785909 3.433182
3.354968 0.703182 3.433182
3.354968 0.620455 3.433182
3.354968 0.537727 3.433182
3.354968 0.455000 3.433182
3.354968 0.372273 3.433182
3.354968 0.289546 3.433182
3.354968 0.206818 3.433182
3.354968 0.124091 3.433182
3.354968 0.041364 3.433182
3.348155 -0.216394 3.434317
3.293815 -0.645658 3.443374
3.186018 -1.064421 3.461340
3.026518 -1.465866 3.487923
2.817912 -1.843460 3.522691
2.563591 -2.191065 3.565078
2.267694 -2.503023 3.614394
1.935036 -2.774257 3.669837
1.571026 -3.000358 3.730505
1.181589 -3.177644 3.795412
0.773062 -3.303233 3.863499
0.352087 -3.375080 3.933662
0.067920 -3.392679 3.981023
-0.013650 -3.394989 3.994618
-0.095220 -3.397299 4.008213
-0.176790 -3.399609 4.021808
-0.258360 -3.401919 4.035403
-0.339930 -3.404229 4.048998
-0.421499 -3.406539 4.062593
-0.503069 -3.408849 4.076188
-0.584639 -3.411159 4.089783
-0.666209 -3.413468 4.103378
-0.747779 -3.415778 4.116973
-0.829349 -3.418088 4.130568
-0.910919 -3.420398 4.144163
-0.992488 -3.422708 4.157758
-1.074059 -3.425018 4.171353
-1.155628 -3.427328 4.184948
-1.237198 -3.429638 4.198543
-1.318768 -3.431947 4.212138
-1.400337 -3.434257 4.225733
-1.481907 -3.436567 4.239327
-1.563478 -3.438877 4.252923
-1.645047 -3.441187 4.266518
-1.726617 -3.443497 4.280112
-1.808187 -3.445807 4.293707
-1.889757 -3.448117 4.307302
-1.971327 -3.450426 4.320898
-2.052896 -3.452736 4.334493
-2.134466 -3.455046 4.348087
-2.216036 -3.457356 4.361682
-2.297606 -3.459666 4.375278
-2.379176 -3.461976 4.388872
-2.460746 -3.464286 4.402467
-2.542316 -3.466596 4.416062
-2.623886 -3.468905 4.429657
-2.705456 -3.471215 4.443252
-2.787025 -3.473525 4.456847
-2.868595 -3.475835 4.470442
-2.950165 -3.478145 4.484037
3.354968 4.095000 3.433182
3.354968 4.012272 3.515909
3.354968 3.929545 3.515909
3.354968 3.846818 3.515909
3.354968 3.764091 3.515909
3.354968 3.681364 3.515909
3.354968 3.598636 3.515909
3.354968 3.515909 3.515909
3.354968 3.433182 3.515909
3.354968 3.350454 3.515909
3.354968 3.267727 3.515909
3.354968 3.185000 3.515909
3.354968 3.102273 3.515909
3.354968 3.019545 3.515909
3.354968 2.936818 3.515909
3.354968 2.854091 3.515909
3.354968 2.771363 3.515909
3.354968 2.688636 3.515909
3.354968 2.605909 3.515909
3.354968 2.523182 3.515909
3.354968 2.440454 3.515909
3.354968 2.357727 3.515909
3.354968 2.275000 3.515909
3.354968 2.192273 3.515909
3.354968 2.109545 3.515909
3.354968 2.026818 3.515909
3.354968 1.944091 3.515909
3.354968 1.861364 3.515909
3.354968 1.778636 3.515909
3.354968 1.695909 3.515909
3.354968 1.613182 3.515909
3.354968 1.530454 3.515909
3.354968 1.447727 3.515909
3.354968 1.365000 3.515909
3.354968 1.282273 3.515909
3.354968 1.199545 3.515909
3.354968 1.116818 3.515909
3.354968 1.034091 3.515909
3.354968 0.951364 3.515909
3.354968 0.868636 3.515909
3.354968 0.785909 3.515909
3.354968 0.703182 3.515909
3.354968 0.620455 3.515909
3.354968 0.537727 3.515909
3.354968 0.455000 3.515909
3.354968 0.372273 3.515909
3.354968 0.289546 3.515909
3.354968 0.206818 3.515909
3.354968 0.124091 3.515909
3.354968 0.041364 3.515909
3.348182 -0.215526 3.517040
3.294060 -0.643070 3.526060
3.186695 -1.060154 3.543954
3.027835 -1.459990 3.570431
2.820065 -1.836071 3.605059
2.566763 -2.182283 3.647276
2.272052 -2.492990 3.696395
1.940728 -2.763137 3.751615
1.578177 -2.988332 3.812041
1.190300 -3.164908 3.876687
0.783411 -3.289993 3.944501
0.364123 -3.361552 4.014383
0.080960 -3.379085 4.061576
-0.000609 -3.381395 4.075171
-0.082179 -3.383705 4.088767
-0.163749 -3.386014 4.102362
-0.245319 -3.388324 4.115956
-0.326889 -3.390634 4.129551
-0.408459 -3.392944 4.143147
-0.490029 -3.395254 4.156741
-0.571599 -3.397564 4.170336
-0.653169 -3.399874 4.183931
-0.734738 -3.402184 4.197526
-0.816308 -3.404494 4.211121
-0.897878 -3.406803 4.224716
-0.979448 -3.409113 4.238311
-1.061018 -3.411423 4.251906
-1.142588 -3.413733 4.265501
-1.224157 -3.416043 4.279096
-1.305727 -3.418353 4.292691
-1.387297 -3.420663 4.306286
-1.468867 -3.422973 4.319881
-1.550437 -3.425282 4.333476
-1.632006 -3.427592 4.347071
-1.713577 -3.429902 4.360666
-1.795146 -3.432212 4.374261
-1.876716 -3.434522 4.387856
-1.958286 -3.436832 4.401451
-2.039856 -3.439142 4.415046
-2.121426 -3.441452 4.428641
-2.202996 -3.443761 4.442236
-2.284566 -3.446071 4.455831
-2.366135 -3.448381 4.469426
-2.447706 -3.450691 4.483021
-2.529275 -3.453001 4.496616
-2.610845 -3.455311 4.510211
-2.692415 -3.457621 4.523806
-2.773984 -3.459931 4.537401
-2.855554 -3.462240 4.550996
-2.937124 -3.464550 4.564590
3.354968 4.095000 3.515909
3.354968 4.012272 3.598637
3.354968 3.929545 3.598637
3.354968 3.846818 3.598637
3.354968 3.764091 3.598637
3.354968 3.681364 3.598637
3.354968 3.598636 3.598637
3.354968 3.515909 3.598637
3.354968 3.433182 3.598637
3.354968 3.350454 3.598637
3.354968 3.267727 3.598637
3.354968 3.185000 3.598637
3.354968 3.102273 3.598637
3.354968 3.019545 3.598637
3.354968 2.936818 3.598637
3.354968 2.854091 3.598637
3.354968 2.771363 3.598637
3.354968 2.688636 3.598637
3.354968 2.605909 3.598637
3.354968 2.523182 3.598637
3.354968 2.440454 3.598637
3.354968 2.357727 3.598637
3.354968 2.275000 3.598637
3.354968 2.192273 3.598637
3.354968 2.109545 3.598637
3.354968 2.026818 3.598637
3.354968 1.944091 3.598637
3.354968 1.861364 3.598637
3.354968 1.778636 3.598637
3.354968 1.695909 3.598637
3.354968 1.613182 3.598637
3.354968 1.530454 3.598637
3.354968 1.447727 3.598637
3.354968 1.365000 3.598637
3.354968 1.282273 3.598637
3.354968 1.199545 3.598637
3.354968 1.116818 3.598637
3.354968 1.034091 3.598637
3.354968 0.951364 3.598637
3.354968 0.868636 3.598637
3.354968 0.785909 3.598637
3.354968 0.703182 3.598637
3.354968 0.620455 3.598637
3.354968 0.537727 3.598637
3.354968 0.455000 3.598637
3.354968 0.372273 3.598637
3.354968 0.289546 3.598637
3.354968 0.206818 3.598637
3.354968 0.124091 3.598637
3.354968 0.041364 3.598637
3.348209 -0.214659 3.599763
3.294305 -0.640482 3.608747
3.187372 -1.055888 3.626569
3.029151 -1.454115 3.652939
2.822217 -1.828682 3.687428
2.569935 -2.173501 3.729475
2.276410 -2.482958 3.778396
1.946419 -2.752017 3.833395
1.585328 -2.976305 3.893577
1.199012 -3.152171 3.957963
0.793760 -3.276752 4.025505
0.376159 -3.348024 4.095105
0.094001 -3.365490 4.142131
0.012431 -3.367800 4.155726
-0.069139 -3.370110 4.169321
-0.150709 -3.372419 4.182916
-0.232278 -3.374729 4.196511
-0.313848 -3.377039 4.210106
-0.395418 -3.379349 4.223701
-0.476988 -3.381659 4.237296
-0.558558 -3.383969 4.250891
-0.640128 -3.386279 4.264486
-0.721697 -3.388589 4.278081
-0.803267 -3.390898 4.291676
-0.884838 -3.393208 4.305271
-0.966407 -3.395518 4.318866
-1.047977 -3.397828 4.332461
-1.129547 -3.400138 4.346056
-1.211117 -3.402448 4.359651
-1.292687 -3.404758 4.373246
-1.374256 -3.407068 4.386840
-1.455826 -3.409378 4.400435
-1.537396 -3.411687 4.414031
-1.618966 -3.413997 4.427626
-1.700536 -3.416307 4.441220
-1.782106 -3.418617 4.454815
-1.863676 -3.420927 4.468410
-1.945245 -3.423237 4.482006
-2.026815 -3.425547 4.495600
-2.108385 -3.427856 4.509195
-2.189955 -3.430166 4.522790
-2.271525 -3.432476 4.536386
-2.353095 -3.434786 4.549980
-2.434665 -3.437096 4.563575
-2.516235 -3.439406 4.577170
-2.597804 -3.441716 4.590765
-2.679374 -3.444026 4.604360
-2.760944 -3.446336 4.617955
-2.842514 -3.448645 4.631550
-2.924084 -3.450955 4.645145
3.354968 4.095000 3.598637
3.354968 4.012272 3.681364
3.354968 3.929545 3.681364
3.354968 3.846818 3.681364
3.354968 3.764091 3.681364
3.354968 3.681364 3.681364
3.354968 3.598636 3.681364
3.354968 3.515909 3.681364
3.354968 3.433182 3.681364
3.354968 3.350454 3.681364
3.354968 3.267727 3.681364
3.354968 3.185000 3.681364
3.354968 3.102273 3.681364
3.354968 3.019545 3.681364
3.354968 2.936818 3.681364
3.354968 2.854091 3.681364
3.354968 2.771363 3.681364
3.354968 2.688636 3.681364
3.354968 2.605909 3.681364
3.354968 2.523182 3.681364
3.354968 2.440454 3.681364
3.354968 2.357727 3.681364
3.354968 2.275000 3.681364
3.354968 2.192273 3.681364
3.354968 2.109545 3.681364
3.354968 2.026818 3.681364
3.354968 1.944091 3.681364
3.354968 1.861364 3.681364
3.354968 1.778636 3.681364
3.354968 1.695909 3.681364
3.354968 1.613182 3.681364
3.354968 1.530454 3.681364
3.354968 1.447727 3.681364
3.354968 1.365000 3.681364
3.354968 1.282273 3.681364
3.354968 1.199545 3.681364
3.354968 1.116818 3.681364
3.354968 1.034091 3.681364
3.354968 0.951364 3.681364
3.354968 0.868636 3.681364
3.354968 0.785909 3.681364
3.354968 0.703182 3.681364
3.354968 0.620455 3.681364
3.354968 0.537727 3.681364
3.354968 0.455000 3.681364
3.354968 0.372273 3.681364
3.354968 0.289546 3.681364
3.354968 0.206818 3.681364
3.354968 0.124091 3.681364
3.354968 0.041364 3.681364
3.348236 -0.213792 3.682485
3.294550 -0.637894 3.691433
3.188049 -1.051621 3.709183
3.030468 -1.448239 3.735447
2.824370 -1.821293 3.769796
2.573107 -2.164718 3.811674
2.280768 -2.472925 3.860397
1.952111 -2.740897 3.915173
1.592478 -2.964279 3.975112
1.207723 -3.139434 4.039237
0.804109 -3.263512 4.106507
0.388196 -3.334496 4.175826
0.107042 -3.351895 4.222684
0.025472 -3.354205 4.236279
-0.056098 -3.356514 4.249875
-0.137668 -3.358824 4.263469
-0.219238 -3.361134 4.277064
-0.300808 -3.363444 4.290659
-0.382378 -3.365754 4.304255
-0.463947 -3.368064 4.317849
-0.545517 -3.370374 4.331444
-0.627087 -3.372684 4.345039
-0.708657 -3.374994 4.358634
-0.790227 -3.377303 4.372229
-0.871797 -3.379613 4.385824
-0.953366 -3.381923 4.399419
-1.034936 -3.384233 4.413014
-1.116506 -3.386543 4.426609
-1.198076 -3.388853 4.440204
-1.279646 -3.391163 4.453799
-1.361215 -3.393472 4.467394
-1.442786 -3.395782 4.480989
-1.524356 -3.398092 4.494584
-1.605925 -3.400402 4.508179
-1.687495 -3.402712 4.521774
-1.769065 -3.405022 4.535369
-1.850635 -3.407332 4.548964
-1.932205 -3.409642 4.562559
-2.013775 -3.411952 4.576154
-2.095345 -3.414261 4.589749
-2.176914 -3.416571 4.603344
-2.258485 -3.418881 4.616939
-2.340054 -3.421191 4.630534
-2.421624 -3.423501 4.644129
-2.503194 -3.425811 4.657724
-2.584764 -3.428121 4.671319
-2.666334 -3.430430 4.684914
-2.747903 -3.432740 4.698509
-2.829473 -3.435050 4.712104
-2.911043 -3.437360 4.725698
3.354968 4.095000 3.681364
3.354968 4.012272 3.764091
3.354968 3.929545 3.764091
3.354968 3.846818 3.764091
3.354968 3.764091 3.764091
3.354968 3.681364 3.764091
3.354968 3.598636 3.764091
3.354968 3.515909 3.764091
3.354968 3.433182 3.764091
3.354968 3.350454 3.764091
3.354968 3.267727 3.764091
3.354968 3.185000 3.764091
3.354968 3.102273 3.764091
3.354968 3.019545 3.764091
3.354968 2.936818 3.764091
3.354968 2.854091 3.764091
3.354968 2.771363 3.764091
3.354968 2.688636 3.764091
3.354968 2.605909 3.764091
3.354968 2.523182 3.764091
3.354968 2.440454 3.764091
3.354968 2.357727 3.764091
3.354968 2.275000 3.764091
3.354968 2.192273 3.764091
3.354968 2.109545 3.764091
3.354968 2.026818 3.764091
3.354968 1.944091 3.764091
3.354968 1.861364 3.764091
3.354968 1.778636 3.764091
3.354968 1.695909 3.764091
3.354968 1.613182 3.764091
3.354968 1.530454 3.764091
3.354968 1.447727 3.764091
3.354968 1.365000 3.764091
3.354968 1.282273 3.764091
3.354968 1.199545 3.764091
3.354968 1.116818 3.764091
3.354968 1.034091 3.764091
3.354968 0.951364 3.764091
3.354968 0.868636 3.764091
3.354968 0.785909 3.764091
3.354968 0.703182 3.764091
3.354968 0.620455 3.764091
3.354968 0.537727 3.764091
3.354968 0.455000 3.764091
3.354968 0.372273 3.764091
3.354968 0.289546 3.764091
3.354968 0.206818 3.764091
3.354968 0.124091 3.764091
3.354968 0.041364 3.764091
3.348264 -0.212924 3.765208
3.294795 -0.635306 3.774120
3.188726 -1.047355 3.791798
3.031784 -1.442364 3.817955
2.826523 -1.813904 3.852165
2.576279 -2.155936 3.893872
2.285126 -2.462892 3.942398
1.957802 -2.729777 3.996952
1.599628 -2.952253 4.056647
1.216435 -3.126697 4.120513
0.814458 -3.250272 4.187509
0.400232 -3.320967 4.256547
0.120082 -3.338300 4.303238
0.038513 -3.340610 4.316833
-0.043057 -3.342920 4.330429
-0.124627 -3.345229 4.344023
-0.206197 -3.347539 4.357618
-0.287767 -3.349849 4.371213
-0.369337 -3.352159 4.384809
-0.450906 -3.354469 4.398403
-0.532476 -3.356779 4.411998
-0.614047 -3.359089 4.425593
-0.695616 -3.361399 4.439188
-0.777186 -3.363708 4.452783
-0.858756 -3.366018 4.466378
-0.940326 -3.368328 4.479973
-1.021896 -3.370638 4.493568
-1.103466 -3.372948 4.507163
-1.185035 -3.375258 4.520758
-1.266605 -3.377568 4.534353
-1.348175 -3.379878 4.547948
-1.429745 -3.382188 4.561543
-1.511315 -3.384497 4.575138
-1.592885 -3.386807 4.588733
-1.674454 -3.389117 4.602328
-1.756024 -3.391427 4.615923
-1.837594 -3.393737 4.629518
-1.919164 -3.396047 4.643113
-2.000734 -3.398357 4.656708
-2.082304 -3.400666 4.670303
-2.163873 -3.402976 4.683898
-2.245444 -3.405286 4.697493
-2.327013 -3.407596 4.711088
-2.408583 -3.409906 4.724683
-2.490153 -3.412216 4.738278
-2.571723 -3.414526 4.751873
-2.653293 -3.416836 4.765468
-2.734862 -3.419146 4.779063
-2.816432 -3.421455 4.792657
-2.898002 -3.423765 4.806252
3.354968 4.095000 3.764091
3.354968 4.012272 3.846818
3.354968 3.929545 3.846818
3.354968 3.846818 3.846818
3.354968 3.764091 3.846818
3.354968 3.681364 3.846818
3.354968 3.598636 3.846818
3.354968 3.515909 3.846818
3.354968 3.433182 3.846818
3.354968 3.350454 3.846818
3.354968 3.267727 3.846818
3.354968 3.185000 3.846818
3.354968 3.102273 3.846818
3.354968 3.019545 3.846818
3.354968 2.936818 3.846818
3.354968 2.854091 3.846818
3.354968 2.771363 3.846818
3.354968 2.688636 3.846818
3.354968 2.605909 3.846818
3.354968 2.523182 3.846818
3.354968 2.440454 3.846818
3.354968 2.357727 3.846818
3.354968 2.275000 3.846818
3.354968 2.192273 3.846818
3.354968 2.109545 3.846818
3.354968 2.026818 3.846818
3.354968 1.944091 3.846818
3.354968 1.861364 3.846818
3.354968 1.778636 3.846818
3.354968 1.695909 3.846818
3.354968 1.613182 3.846818
3.354968 1.530454 3.846818
3.354968 1.447727 3.846818
3.354968 1.365000 3.846818
3.354968 1.282273 3.846818
3.354968 1.199545 3.846818
3.354968 1.116818 3.846818
3.354968 1.034091 3.846818
3.354968 0.951364 3.846818
3.354968 0.868636 3.846818
3.354968 0.785909 3.846818
3.354968 0.703182 3.846818
3.354968 0.620455 3.846818
3.354968 0.537727 3.846818
3.354968 0.455000 3.846818
3.354968 0.372273 3.846818
3.354968 0.289546 3.846818
3.354968 0.206818 3.846818
3.354968 0.124091 3.846818
3.354968 0.041364 3.846818
3.348291 -0.212057 3.847931
3.295040 -0.632718 3.856806
3.189404 -1.043088 3.874412
3.033101 -1.436488 3.900462
2.828675 -1.806515 3.934533
2.579451 -2.147153 3.976071
2.289484 -2.452859 4.024398
1.963494 -2.718657 4.078730
1.606779 -2.940227 4.138183
1.225147 -3.113960 4.201788
0.824807 -3.237031 4.268511
0.412268 -3.307439 4.337268
0.133123 -3.324705 4.383792
0.051553 -3.327015 4.397387
-0.030017 -3.329325 4.410982
-0.111587 -3.331635 4.424577
-0.193156 -3.333945 4.438172
-0.274726 -3.336254 4.451767
-0.356296 -3.338564 4.465362
-0.437866 -3.340874 4.478957
-0.519436 -3.343184 4.492552
-0.601006 -3.345494 4.506147
-0.682576 -3.347804 4.519742
-0.764145 -3.350114 4.533337
-0.845716 -3.352423 4.546932
-0.927285 -3.354733 4.560527
-1.008855 -3.357043 4.574121
-1.090425 -3.359353 4.587717
-1.171995 -3.361663 4.601312
-1.253565 -3.363973 4.614906
-1.335134 -3.366283 4.628501
-1.416704 -3.368593 4.642097
-1.498274 -3.370903 4.655692
-1.579844 -3.373212 4.669286
-1.661414 -3.375522 4.682881
-1.742984 -3.377832 4.696476
-1.824554 -3.380142 4.710072
-1.906123 -3.382452 4.723666
-1.987694 -3.384762 4.737261
-2.069263 -3.387072 4.750856
-2.150833 -3.389381 4.764451
-2.232403 -3.391691 4.778046
-2.313973 -3.394001 4.791641
-2.395543 -3.396311 4.805236
-2.477113 -3.398621 4.818831
-2.558682 -3.400931 4.832426
-2.640252 -3.403241 4.846021
-2.721822 -3.405551 4.859616
-2.803392 -3.407861 4.873211
-2.884962 -3.410170 4.886806
3.354968 4.095000 3.846818
3.354968 4.012272 3.929545
3.354968 3.929545 3.929545
3.354968 3.846818 3.929545
3.354968 3.764091 3.929545
3.354968 3.681364 3.929545
3.354968 3.598636 3.929545
3.354968 3.515909 3.929545
3.354968 3.433182 3.929545
3.354968 3.350454 3.929545
3.354968 3.267727 3.929545
3.354968 3.185000 3.929545
3.354968 3.102273 3.929545
3.354968 3.019545 3.929545
3.354968 2.936818 3.929545
3.354968 2.854091 3.929545
3.354968 2.771363 3.929545
3.354968 2.688636 3.929545
3.354968 2.605909 3.929545
3.354968 2.523182 3.929545
3.354968 2.440454 3.929545
3.354968 2.357727 3.929545
3.354968 2.275000 3.929545
3.354968 2.192273 3.929545
3.354968 2.109545 3.929545
3.354968 2.026818 3.929545
3.354968 1.944091 3.929545
3.354968 1.861364 3.929545
3.354968 1.778636 3.929545
3.354968 1.695909 3.929545
3.354968 1.613182 3.929545
3.354968 1.530454 3.929545
3.354968 1.447727 3.929545
3.354968 1.365000 3.929545
3.354968 1.282273 3.929545
3.354968 1.199545 3.929545
3.354968 1.116818 3.929545
3.354968 1.034091 3.929545
3.354968 0.951364 3.929545
3.354968 0.868636 3.929545
3.354968 0.785909 3.929545
3.354968 0.703182 3.929545
3.354968 0.620455 3.929545
3.354968 0.537727 3.929545
3.354968 0.455000 3.929545
3.354968 0.372273 3.929545
3.354968 0.289546 3.929545
3.354968 0.206818 3.929545
3.354968 0.124091 3.929545
3.354968 0.041364 3.929545
3.348318 -0.211190 3.930654
3.295285 -0.630130 3.939492
3.190081 -1.038822 3.957026
3.034417 -1.430612 3.982970
2.830828 -1.799126 4.016902
2.582623 -2.138371 4.058270
2.293842 -2.442827 4.106400
1.969185 -2.707537 4.160509
1.613930 -2.928200 4.219718
1.233858 -3.101223 4.283063
0.835156 -3.223791 4.349514
0.424305 -3.293911 4.417989
0.146164 -3.311110 4.464346
0.064594 -3.313420 4.477941
-0.016976 -3.315730 4.491536
-0.098546 -3.318039 4.505131
-0.180116 -3.320349 4.518726
-0.261686 -3.322659 4.532321
-0.343256 -3.324969 4.545916
-0.424825 -3.327279 4.559511
-0.506395 -3.329589 4.573106
-0.587965 -3.331899 4.586701
-0.669535 -3.334209 4.600296
-0.751105 -3.336519 4.613891
-0.832675 -3.338828 4.627486
-0.914244 -3.341138 4.641080
-0.995814 -3.343448 4.654675
-1.077384 -3.345758 4.668271
-1.158954 -3.348068 4.681866
-1.240524 -3.350378 4.695460
-1.322093 -3.352688 4.709055
-1.403664 -3.354998 4.722651
-1.485234 -3.357307 4.736246
-1.566803 -3.359617 4.749840
-1.648373 -3.361927 4.763435
-1.729943 -3.364237 4.777030
-1.811513 -3.366547 4.790626
-1.893083 -3.368857 4.804220
-1.974653 -3.371167 4.817815
-2.056222 -3.373477 4.831410
-2.137792 -3.375786 4.845005
-2.219362 -3.378096 4.858600
-2.300932 -3.380406 4.872195
-2.382502 -3.382716 4.885790
-2.464072 -3.385026 4.899385
-2.545642 -3.387336 4.912980
-2.627212 -3.389646 4.926575
-2.708781 -3.391956 4.940170
-2.790351 -3.394265 4.953765
-2.871921 -3.396575 4.967360
3.354968 4.095000 3.929545
3.354968 4.012272 4.012273
3.354968 3.929545 4.012273
3.354968 3.846818 4.012273
3.354968 3.764091 4.012273
3.354968 3.681364 4.012273
3.354968 3.598636 4.012273
3.354968 3.515909 4.012273
3.354968 3.433182 4.012273
3.354968 3.350454 4.012273
3.354968 3.267727 4.012273
3.354968 3.185000 4.012273
3.354968 3.102273 4.012273
3.354968 3.019545 4.012273
3.354968 2.936818 4.012273
3.354968 2.854091 4.012273
3.354968 2.771363 4.012273
3.354968 2.688636 4.012273
3.354968 2.605909 4.012273
3.354968 2.523182 4.012273
3.354968 2.440454 4.012273
3.354968 2.357727 4.012273
3.354968 2.275000 4.012273
3.354968 2.192273 4.012273
3.354968 2.109545 4.012273
3.354968 2.026818 4.012273
3.354968 1.944091 4.012273
3.354968 1.861364 4.012273
3.354968 1.778636 4.012273
3.354968 1.695909 4.012273
3.354968 1.613182 4.012273
3.354968 1.530454 4.012273
3.354968 1.447727 4.012273
3.354968 1.365000 4.012273
3.354968 1.282273 4.012273
3.354968 1.199545 4.012273
3.354968 1.116818 4.012273
3.354968 1.034091 4.012273
3.354968 0.951364 4.012273
3.354968 0.868636 4.012273
3.354968 0.785909 4.012273
3.354968 0.703182 4.012273
3.354968 0.620455 4.012273
3.354968 0.537727 4.012273
3.354968 0.455000 4.012273
3.354968 0.372273 4.012273
3.354968 0.289546 4.012273
3.354968 0.206818 4.012273
3.354968 0.124091 4.012273
3.354968 0.041364 4.012273
3.348346 -0.210322 4.013376
3.295530 -0.627542 4.022179
3.190758 -1.034555 4.039641
3.035734 -1.424737 4.065478
2.832981 -1.791737 4.099270
2.585795 -2.129588 4.140468
2.298200 -2.432794 4.188401
1.974876 -2.696417 4.242288
1.621080 -2.916174 4.301254
1.242569 -3.088486 4.364339
0.845505 -3.210551 4.430517
0.436341 -3.280382 4.498711
0.159204 -3.297515 4.544900
0.077635 -3.299825 4.558495
-0.003935 -3.302135 4.572090
-0.085505 -3.304444 4.585685
-0.167075 -3.306754 4.599280
-0.248645 -3.309064 4.612875
-0.330215 -3.311374 4.626470
-0.411785 -3.313684 4.640065
-0.493355 -3.315994 4.653660
-0.574925 -3.318304 4.667255
-0.656494 -3.320614 4.680850
-0.738064 -3.322923 4.694445
-0.819634 -3.325233 4.708040
-0.901204 -3.327543 4.721634
-0.982774 -3.329853 4.735229
-1.064344 -3.332163 4.748825
-1.145913 -3.334473 4.762420
-1.227483 -3.336783 4.776014
-1.309053 -3.339092 4.789609
-1.390623 -3.341403 4.803205
-1.472193 -3.343712 4.816800
-1.553763 -3.346022 4.830394
-1.635332 -3.348332 4.843989
-1.716902 -3.350642 4.857584
-1.798472 -3.352952 4.871179
-1.880042 -3.355262 4.884774
-1.961612 -3.357572 4.898369
-2.043182 -3.359881 4.911964
-2.124752 -3.362191 4.925559
-2.206322 -3.364501 4.939154
-2.287891 -3.366811 4.952749
-2.369462 -3.369121 4.966344
-2.451031 -3.371431 4.979939
-2.532601 -3.373741 4.993534
-2.614171 -3.376050 5.007129
-2.695741 -3.378361 5.020724
-2.777310 -3.380670 5.034319
-2.858881 -3.382980 5.047914
3.354968 4.095000 4.012273
3.354968 4.012272 4.095000
3.354968 3.929545 4.095000
3.354968 3.846818 4.095000
3.354968 3.764091 4.095000
3.354968 3.681364 4.095000
3.354968 3.598636 4.095000
3.354968 3.515909 4.095000
3.354968 3.433182 4.095000
3.354968 3.350454 4.095000
3.354968 3.267727 4.095000
3.354968 3.185000 4.095000
3.354968 3.102273 4.095000
3.354968 3.019545 4.095000
3.354968 2.936818 4.095000
3.354968 2.854091 4.095000
3.354968 2.771363 4.095000
3.354968 2.688636 4.095000
3.354968 2.605909 4.095000
3.354968 2.523182 4.095000
3.354968 2.440454 4.095000
3.354968 2.357727 4.095000
3.354968 2.275000 4.095000
3.354968 2.192273 4.095000
3.354968 2.109545 4.095000
3.354968 2.026818 4.095000
3.354968 1.944091 4.095000
3.354968 1.861364 4.095000
3.354968 1.778636 4.095000
3.354968 1.695909 4.095000
3.354968 1.613182 4.095000
3.354968 1.530454 4.095000
3.354968 1.447727 4.095000
3.354968 1.365000 4.095000
3.354968 1.282273 4.095000
3.354968 1.199545 4.095000
3.354968 1.116818 4.095000
3.354968 1.034091 4.095000
3.354968 0.951364 4.095000
3.354968 0.868636 4.095000
3.354968 0.785909 4.095000
3.354968 0.703182 4.095000
3.354968 0.620455 4.095000
3.354968 0.537727 4.095000
3.354968 0.455000 4.095000
3.354968 0.372273 4.095000
3.354968 0.289546 4.095000
3.354968 0.206818 4.095000
3.354968 0.124091 4.095000
3.354968 0.041364 4.095000
3.348373 -0.209455 4.096099
3.295775 -0.624954 4.104865
3.191435 -1.030289 4.122255
3.037050 -1.418861 4.147986
2.835134 -1.784348 4.181639
2.588968 -2.120806 4.222666
2.302558 -2.422761 4.270401
1.980568 -2.685297 4.324066
1.628231 -2.904148 4.382789
1.251281 -3.075750 4.445614
0.855854 -3.197311 4.511518
0.448378 -3.266855 4.579432
0.172245 -3.283920 4.625453
0.090675 -3.286230 4.639049
0.009105 -3.288540 4.652643
-0.072465 -3.290849 4.666238
-0.154034 -3.293159 4.679833
-0.235604 -3.295469 4.693428
-0.317174 -3.297779 4.707023
-0.398744 -3.300089 4.720618
-0.480314 -3.302399 4.734213
-0.561884 -3.304709 4.747808
-0.643454 -3.307019 4.761403
-0.725024 -3.309329 4.774998
-0.806594 -3.311638 4.788593
-0.888163 -3.313948 4.802188
-0.969733 -3.316258 4.815783
-1.051303 -3.318568 4.829378
-1.132873 -3.320878 4.842973
-1.214443 -3.323188 4.856568
-1.296012 -3.325498 4.870163
-1.377582 -3.327808 4.883758
-1.459152 -3.330117 4.897353
-1.540722 -3.332427 4.910948
-1.622292 -3.334737 4.924543
-1.703862 -3.337047 4.938138
-1.785432 -3.339357 4.951733
-1.867001 -3.341667 4.965328
-1.948571 -3.343977 4.978923
-2.030141 -3.346287 4.992518
-2.111711 -3.348596 5.006113
-2.193281 -3.350906 5.019708
-2.274851 -3.353216 5.033303
-2.356421 -3.355526 5.046898
-2.437991 -3.357836 5.060493
-2.519560 -3.360146 5.074088
-2.601130 -3.362456 5.087683
-2.682700 -3.364766 5.101277
-2.764270 -3.367075 5.114872
-2.845840 -3.369385 5.128468
3.354968 4.095000 4.095000
3 2 1 0
3 4 3 1
3 6 5 3
3 8 7 5
3 10 9 7
3 12 11 9
3 14 13 11
3 16 15 13
3 18 17 15
3 20 19 17
3 22 21 19
3 24 23 21
3 26 25 23
3 28 27 25
3 30 29 27
3 32 31 29
3 34 33 31
3 36 35 33
3 38 37 35
3 40 39 37
3 42 41 39
3 44 43 41
3 46 45 43
3 48 47 45
3 50 49 47
3 52 51 49
3 54 53 51
3 56 55 53
3 58 57 55
3 60 59 57
3 62 61 59
3 64 63 61
3 66 65 63
3 68 67 65
3 70 69 67
3 72 71 69
3 74 73 71
3 76 75 73
3 78 77 75
3 80 79 77
3 82 81 79
3 84 83 81
3 86 85 83
3 88 87 85
3 90 89 87
3 92 91 89
3 94 93 91
3 96 95 93
3 98 97 95
3 100 99 97
3 102 101 99
3 104 103 101
3 106 105 103
3 108 107 105
3 110 109 107
3 112 111 109
3 114 113 111
3 116 115 113
3 118 117 115
3 120 119 117
3 122 121 119
3 124 123 121
3 126 125 123
3 128 127 125
3 130 129 127
3 132 131 129
3 134 133 131
3 136 135 133
3 138 137 135
3 140 139 137
3 142 141 139
3 144 143 141
3 146 145 143
3 148 147 145
3 150 149 147
3 152 151 149
3 154 153 151
3 156 155 153
3 158 157 155
3 160 159 157
3 162 161 159
3 164 163 161
3 166 165 163
3 168 167 165
3 170 169 167
3 172 171 169
3 174 173 171
3 176 175 173
3 178 177 175
3 180 179 177
3 182 181 179
3 184 183 181
3 186 185 183
3 188 187 185
3 190 189 187
3 192 191 189
3 194 193 191
3 196 195 193
3 198 197 195
3 200 2 199
3 201 4 2
3 202 6 4
3 203 8 6
3 204 10 8
3 205 12 10
3 206 14 12
3 207 16 14
3 208 18 16
3 209 20 18
3 210 22 20
3 211 24 22
3 212 26 24
3 213 28 26
3 214 30 28
3 215 32 30
3 216 34 32
3 217 36 34
3 218 38 36
3 219 40 38
3 220 42 40
3 221 44 42
3 222 46 44
3 223 48 46
3 224 50 48
3 225 52 50
3 226 54 52
3 227 56 54
3 228 58 56
3 229 60 58
3 230 62 60
3 231 64 62
3 232 66 64
3 233 68 66
3 234 70 68
3 235 72 70
3 236 74 72
3 237 76 74
3 238 78 76
3 239 80 78
3 240 82 80
3 241 84 82
3 242 86 84
3 243 88 86
3 244 90 88
3 245 92 90
3 246 94 92
3 247 96 94
3 248 98 96
3 249 100 98
3 250 102 100
3 251 104 102
3 252 106 104
3 253 108 106
3 254 110 108
3 255 112 110
3 256 114 112
3 257 116 114
3 258 118 116
3 259 120 118
3 260 122 120
3 261 124 122
3 262 126 124
3 263 128 126
3 264 130 128
3 265 132 130
3 266 134 132
3 267 136 134
3 268 138 136
3 269 140 138
3 270 142 140
3 271 144 142
3 272 146 144
3 273 148 146
3 274 150 148
3 275 152 150
3 276 154 152
3 277 156 154
3 278 158 156
3 279 160 158
3 280 162 160
3 281 164 162
3 282 166 164
3 283 168 166
3 284 170 168
3 285 172 170
3 286 174 172
3 287 176 174
3 288 178 176
3 289 180 178
3 290 182 180
3 291 184 182
3 292 186 184
3 293 188 186
3 294 190 188
3 295 192 190
3 296 194 192
3 297 196 194
3 298 198 196
3 300 200 299
3 301 201 200
3 302 202 201
3 303 203 202
3 304 204 203
3 305 205 204
3 306 206 205
3 307 207 206
3 308 208 207
3 309 209 208
3 310 210 209
3 311 211 210
3 312 212 211
3 313 213 212
3 314 214 213
3 315 215 214
3 316 216 215
3 317 217 216
3 318 218 217
3 319 219 218
3 320 220 219
3 321 221 220
3 322 222 221
3 323 223 222
3 324 224 223
3 325 225 224
3 326 226 225
3 327 227 226
3 328 228 227
3 329 229 228
3 330 230 229
3 331 231 230
3 332 232 231
3 333 233 232
3 334 234 233
3 335 235 234
3 336 236 235
3 337 237 236
3 338 238 237
3 339 239 238
3 340 240 239
3 341 241 240
3 342 242 241
3 343 243 242
3 344 244 243
3 345 245 244
3 346 246 245
3 347 247 246
3 348 248 247
3 349 249 248
3 350 250 249
3 351 251 250
3 352 252 251
3 353 253 252
3 354 254 253
3 355 255 254
3 356 256 255
3 357 257 256
3 358 258 257
3 359 259 258
3 360 260 259
3 361 261 260
3 362 262 261
3 363 263 262
3 364 264 263
3 365 265 264
3 366 266 265
3 367 267 266
3 368 268 267
3 369 269 268
3 370 270 269
3 371 271 270
3 372 272 271
3 373 273 272
3 374 274 273
3 375 275 274
3 376 276 275
3 377 277 276
3 378 278 277
3 379 279 278
3 380 280 279
3 381 281 280
3 382 282 281
3 383 283 282
3 384 284 283
3 385 285 284
3 386 286 285
3 387 287 286
3 388 288 287
3 389 289 288
3 390 290 289
3 391 291 290
3 392 292 291
3 393 293 292
3 394 294 293
3 395 295 294
3 396 296 295
3 397 297 296
3 398 298 297
3 400 300 399
3 401 301 300
3 402 302 301
3 403 303 302
3 404 304 303
3 405 305 304
3 406 306 305
3 407 307 306
3 408 308 307
3 409 309 308
3 410 310 309
3 411 311 310
3 412 312 311
3 413 313 312
3 414 314 313
3 415 315 314
3 416 316 315
3 417 317 316
3 418 318 317
3 419 319 318
3 420 320 319
3 421 321 320
3 422 322 321
3 423 323 322
3 424 324 323
3 425 325 324
3 426 326 325
3 427 327 326
3 428 328 327
3 429 329 328
3 430 330 329
3 431 331 330
3 432 332 331
3 433 333 332
3 434 334 333
3 435 335 334
3 436 336 335
3 437 337 336
3 438 338 337
3 439 339 338
3 440 340 339
3 441 341 340
3 442 342 341
3 443 343 342
3 444 344 343
3 445 345 344
3 446 346 345
3 447 347 346
3 448 348 347
3 449 349 348
3 450 350 349
3 451 351 350
3 452 352 351
3 453 353 352
3 454 354 353
3 455 355 354
3 456 356 355
3 457 357 356
3 458 358 357
3 459 359 358
3 460 360 359
3 461 361 360
3 462 362 361
3 463 363 362
3 464 364 363
3 465 365 364
3 466 366 365
3 467 367 366
3 468 368 367
3 469 369 368
3 470 370 369
3 471 371 370
3 472 372 371
3 473 373 372
3 474 374 373
3 475 375 374
3 476 376 375
3 477 377 376
3 478 378 377
3 479 379 378
3 480 380 379
3 481 381 380
3 482 382 381
3 483 383 382
3 484 384 383
3 485 385 384
3 486 386 385
3 487 387 386
3 488 388 387
3 489 389 388
3 490 390 389
3 491 391 390
3 492 392 391
3 493 393 392
3 494 394 393
3 495 395 394
3 496 396 395
3 497 397 396
3 498 398 397
3 500 400 499
3 501 401 400
3 502 402 401
3 503 403 402
3 504 404 403
3 505 405 404
3 506 406 405
3 507 407 406
3 508 408 407
3 509 409 408
3 510 410 409
3 511 411 410
3 512 412 411
3 513 413 412
3 514 414 413
3 515 415 414
3 516 416 415
3 517 417 416
3 518 418 417
3 519 419 418
3 520 420 419
3 521 421 420
3 522 422 421
3 523 423 422
3 524 424 423
3 525 425 424
3 526 426 425
3 527 427 426
3 528 428 427
3 529 429 428
3 530 430 429
3 531 431 430
3 532 432 431
3 533 433 432
3 534 434 433
3 535 435 434
3 536 436 435
3 537 437 436
3 538 438 437
3 539 439 438
3 540 440 439
3 541 441 440
3 542 442 441
3 543 443 442
3 544 444 443
3 545 445 444
3 546 446 445
3 547 447 446
3 548 448 447
3 549 449 448
3 550 450 449
3 551 451 450
3 552 452 451
3 553 453 452
3 554 454 453
3 555 455 454
3 556 456 455
3 557 457 456
3 558 458 457
3 559 459 458
3 560 460 459
3 561 461 460
3 562 462 461
3 563 463 462
3 564 464 463
3 565 465 464
3 566 466 465
3 567 467 466
3 568 468 467
3 569 469 468
3 570 470 469
3 571 471 470
3 572 472 471
3 573 473 472
3 574 474 473
3 575 475 474
3 576 476 475
3 577 477 476
3 578 478 477
3 579 479 478
3 580 480 479
3 581 481 480
3 582 482 481
3 583 483 482
3 584 484 483
3 585 485 484
3 586 486 485
3 587 487 486
3 588 488 487
3 589 489 488
3 590 490 489
3 591 491 490
3 592 492 491
3 593 493 492
3 594 494 493
3 595 495 494
3 596 496 495
3 597 497 496
3 598 498 497
3 600 500 599
3 601 501 500
3 602 502 501
3 603 503 502
3 604 504 503
3 605 505 504
3 606 506 505
3 607 507 506
3 608 508 507
3 609 509 508
3 610 510 509
3 611 511 510
3 612 512 511
3 613 513 512
3 614 514 513
3 615 515 514
3 616 516 515
3 617 517 516
3 618 518 517
3 619 519 518
3 620 520 519
3 621 521 520
3 622 522 521
3 623 523 522
3 624 524 523
3 625 525 524
3 626 526 525
3 627 527 526
3 628 528 527
3 629 529 528
3 630 530 529
3 631 531 530
3 632 532 531
3 633 533 532
3 634 534 533
3 635 535 534
3 636 536 535
3 637 537 536
3 638 538 537
3 639 539 538
3 640 540 539
3 641 541 540
3 642 542 541
3 643 543 542
3 644 544 543
3 645 545 544
3 646 546 545
3 647 547 546
3 648 548 547
3 649 549 548
3 650 550 549
3 651 551 550
3 652 552 551
3 653 553 552
3 654 554 553
3 655 555 554
3 656 556 555
3 657 557 556
3 658 558 557
3 659 559 558
3 660 560 559
3 661 561 560
3 662 562 561
3 663 563 562
3 664 564 563
3 665 565 564
3 666 566 565
3 667 567 566
3 668 568 567
3 669 569 568
3 670 570 569
3 671 571 570
3 672 572 571
3 673 573 572
3 674 574 573
3 675 575 574
3 676 576 575
3 677 577 576
3 678 578 577
3 679 579 578
3 680 580 579
3 681 581 580
3 682 582 581
3 683 583 582
3 684 584 583
3 685 585 584
3 686 586 585
3 687 587 586
3 688 588 587
3 689 589 588
3 690 590 589
3 691 591 590
3 692 592 591
3 693 593 592
3 694 594 593
3 695 595 594
3 696 596 595
3 697 597 596
3 698 598 597
3 700 600 699
3 701 601 600
3 702 602 601
3 703 603 602
3 704 604 603
3 705 605 604
3 706 606 605
3 707 607 606
3 708 608 607
3 709 609 608
3 710 610 609
3 711 611 610
3 712 612 611
3 713 613 612
3 714 614 613
3 715 615 614
3 716 616 615
3 717 617 616
3 718 618 617
3 719 619 618
3 720 620 619
3 721 621 620
3 722 622 621
3 723 623 622
3 724 624 623
3 725 625 624
3 726 626 625
3 727 627 626
3 728 628 627
3 729 629 628
3 730 630 629
3 731 631 630
3 732 632 631
3 733 633 632
3 734 634 633
3 735 635 634
3 736 636 635
3 737 637 636
3 738 638 637
3 739 639 638
3 740 640 639
3 741 641 640
3 742 642 641
3 743 643 642
3 744 644 643
3 745 645 644
3 746 646 645
3 747 647 646
3 748 648 647
3 749 649 648
3 750 650 649
3 751 651 650
3 752 652 651
3 753 653 652
3 754 654 653
3 755 655 654
3 756 656 655
3 757 657 656
3 758 658 657
3 759 659 658
3 760 660 659
3 761 661 660
3 762 662 661
3 763 663 662
3 764 664 663
3 765 665 664
3 766 666 665
3 767 667 666
3 768 668 667
3 769 669 668
3 770 670 669
3 771 671 670
3 772 672 671
3 773 673 672
3 774 674 673
3 775 675 674
3 776 676 675
3 777 677 676
3 778 678 677
3 779 679 678
3 780 680 679
3 781 681 680
3 782 682 681
3 783 683 682
3 784 684 683
3 785 685 684
3 786 686 685
3 787 687 686
3 788 688 687
3 789 689 688
3 790 690 689
3 791 691 690
3 792 692 691
3 793 693 692
3 794 694 693
3 795 695 694
3 796 696 695
3 797 697 696
3 798 698 697
3 800 700 799
3 801 701 700
3 802 702 701
3 803 703 702
3 804 704 703
3 805 705 704
3 806 706 705
3 807 707 706
3 808 708 707
3 809 709 708
3 810 710 709
3 811 711 710
3 812 712 711
3 813 713 712
3 814 714 713
3 815 715 714
3 816 716 715
3 817 717 716
3 818 718 717
3 819 719 718
3 820 720 719
3 821 721 720
3 822 722 721
3 823 723 722
3 824 724 723
3 825 725 724
3 826 726 725
3 827 727 726
3 828 728 727
3 829 729 728
3 830 730 729
3 831 731 730
3 832 732 731
3 833 733 732
3 834 734 733
3 835 735 734
3 836 736 735
3 837 737 736
3 838 738 737
3 839 739 738
3 840 740 739
3 841 741 740
3 842 742 741
3 843 743 742
3 844 744 743
3 845 745 744
3 846 746 745
3 847 747 746
3 848 748 747
3 849 749 748
3 850 750 749
3 851 751 750
3 852 752 751
3 853 753 752
3 854 754 753
3 855 755 754
3 856 756 755
3 857 757 756
3 858 758 757
3 859 759 758
3 860 760 759
3 861 761 760
3 862 762 761
3 863 763 762
3 864 764 763
3 865 765 764
3 866 766 765
3 867 767 766
3 868 768 767
3 869 769 768
3 870 770 769
3 871 771 770
3 872 772 771
3 873 773 772
3 874 774 773
3 875 775 774
3 876 776 775
3 877 777 776
3 878 778 777
3 879 779 778
3 880 780 779
3 881 781 780
3 882 782 781
3 883 783 782
3 884 784 783
3 885 785 784
3 886 786 785
3 887 787 786
3 888 788 787
3 889 789 788
3 890 790 789
3 891 791 790
3 892 792 791
3 893 793 792
3 894 794 793
3 895 795 794
3 896 796 795
3 897 797 796
3 898 798 797
3 900 800 899
3 901 801 800
3 902 802 801
3 903 803 802
3 904 804 803
3 905 805 804
3 906 806 805
3 907 807 806
3 908 808 807
3 909 809 808
3 910 810 809
3 911 811 810
3 912 812 811
3 913 813 812
3 914 814 813
3 915 815 814
3 916 816 815
3 917 817 816
3 918 818 817
3 919 819 818
3 920 820 819
3 921 821 820
3 922 822 821
3 923 823 822
3 924 824 823
3 925 825 824
3 926 826 825
3 927 827 826
3 928 828 827
3 929 829 828
3 930 830 829
3 931 831 830
3 932 832 831
3 933 833 832
3 934 834 833
3 935 835 834
3 936 836 835
3 937 837 836
3 938 838 837
3 939 839 838
3 940 840 839
3 941 841 840
3 942 842 841
3 943 843 842
3 944 844 843
3 945 845 844
3 946 846 845
3 947 847 846
3 948 848 847
3 949 849 848
3 950 850 849
3 951 851 850
3 952 852 851
3 953 853 852
3 954 854 853
3 955 855 854
3 956 856 855
3 957 857 856
3 958 858 857
3 959 859 858
3 960 860 859
3 961 861 860
3 962 862 861
3 963 863 862
3 964 864 863
3 965 865 864
3 966 866 865
3 967 867 866
3 968 868 867
3 969 869 868
3 970 870 869
3 971 871 870
3 972 872 871
3 973 873 872
3 974 874 873
3 975 875 874
3 976 876 875
3 977 877 876
3 978 878 877
3 979 879 878
3 980 880 879
3 981 881 880
3 982 882 881
3 983 883 882
3 984 884 883
3 985 885 884
3 986 886 885
3 987 887 886
3 988 888 887
3 989 889 888
3 990 890 889
3 991 891 890
3 992 892 891
3 993 893 892
3 994 894 893
3 995 895 894
3 996 896 895
3 997 897 896
3 998 898 897
3 1000 900 999
3 1001 901 900
3 1002 902 901
3 1003 903 902
3 1004 904 903
3 1005 905 904
3 1006 906 905
3 1007 907 906
3 1008 908 907
3 1009 909 908
3 1010 910 909
3 1011 911 910
3 1012 912 911
3 1013 913 912
3 1014 914 913
3 1015 915 914
3 1016 916 915
3 1017 917 916
3 1018 918 917
3 1019 919 918
3 1020 920 919
3 1021 921 920
3 1022 922 921
3 1023 923 922
3 1024 924 923
3 1025 925 924
3 1026 926 925
3 1027 927 926
3 1028 928 927
3 1029 929 928
3 1030 930 929
3 1031 931 930
3 1032 932 931
3 1033 933 932
3 1034 934 933
3 1035 935 934
3 1036 936 935
3 1037 937 936
3 1038 938 937
3 1039 939 938
3 1040 940 939
3 1041 941 940
3 1042 942 941
3 1043 943 942
3 1044 944 943
3 1045 945 944
3 1046 946 945
3 1047 947 946
3 1048 948 947
3 1049 949 948
3 1050 950 949
3 1051 951 950
3 1052 952 951
3 1053 953 952
3 1054 954 953
3 1055 955 954
3 1056 956 955
3 1057 957 956
3 1058 958 957
3 1059 959 958
3 1060 960 959
3 1061 961 960
3 1062 962 961
3 1063 963 962
3 1064 964 963
3 1065 965 964
3 1066 966 965
3 1067 967 966
3 1068 968 967
3 1069 969 968
3 1070 970 969
3 1071 971 970
3 1072 972 971
3 1073 973 972
3 1074 974 973
3 1075 975 974
3 1076 976 975
3 1077 977 976
3 1078 978 977
3 1079 979 978
3 1080 980 979
3 1081 981 980
3 1082 982 981
3 1083 983 982
3 1084 984 983
3 1085 985 984
3 1086 986 985
3 1087 987 986
3 1088 988 987
3 1089 989 988
3 1090 990 989
3 1091 991 990
3 1092 992 991
3 1093 993 992
3 1094 994 993
3 1095 995 994
3 1096 996 995
3 1097 997 996
3 1098 998 997
3 1100 1000 1099
3 1101 1001 1000
3 1102 1002 1001
3 1103 1003 1002
3 1104 1004 1003
3 1105 1005 1004
3 1106 1006 1005
3 1107 1007 1006
3 1108 1008 1007
3 1109 1009 1008
3 1110 1010 1009
3 1111 1011 1010
3 1112 1012 1011
3 1113 1013 1012
3 1114 1014 1013
3 1115 1015 1014
3 1116 1016 1015
3 1117 1017 1016
3 1118 1018 1017
3 1119 1019 1018
3 1120 1020 1019
3 1121 1021 1020
3 1122 1022 1021
3 1123 1023 1022
3 1124 1024 1023
3 1125 1025 1024
3 1126 1026 1025
3 1127 1027 1026
3 1128 1028 1027
3 1129 1029 1028
3 1130 1030 1029
3 1131 1031 1030
3 1132 1032 1031
3 1133 1033 1032
3 1134 1034 1033
3 1135 1035 1034
3 1136 1036 1035
3 1137 1037 1036
3 1138 1038 1037
3 1139 1039 1038
3 1140 1040 1039
3 1141 1041 1040
3 1142 1042 1041
3 1143 1043 1042
3 1144 1044 1043
3 1145 1045 1044
3 1146 1046 1045
3 1147 1047 1046
3 1148 1048 1047
3 1149 1049 1048
3 1150 1050 1049
3 1151 1051 1050
3 1152 1052 1051
3 1153 1053 1052
3 1154 1054 1053
3 1155 1055 1054
3 1156 1056 1055
3 1157 1057 1056
3 1158 1058 1057
3 1159 1059 1058
3 1160 1060 1059
3 1161 1061 1060
3 1162 1062 1061
3 1163 1063 1062
3 1164 1064 1063
3 1165 1065 1064
3 1166 1066 1065
3 1167 1067 1066
3 1168 1068 1067
3 1169 1069 1068
3 1170 1070 1069
3 1171 1071 1070
3 1172 1072 1071
3 1173 1073 1072
3 1174 1074 1073
3 1175 1075 1074
3 1176 1076 1075
3 1177 1077 1076
3 1178 1078 1077
3 1179 1079 1078
3 1180 1080 1079
3 1181 1081 1080
3 1182 1082 1081
3 1183 1083 1082
3 1184 1084 1083
3 1185 1085 1084
3 1186 1086 1085
3 1187 1087 1086
3 1188 1088 1087
3 1189 1089 1088
3 1190 1090 1089
3 1191 1091 1090
3 1192 1092 1091
3 1193 1093 1092
3 1194 1094 1093
3 1195 1095 1094
3 1196 1096 1095
3 1197 1097 1096
3 1198 1098 1097
3 1200 1100 1199
3 1201 1101 1100
3 1202 1102 1101
3 1203 1103 1102
3 1204 1104 1103
3 1205 1105 1104
3 1206 1106 1105
3 1207 1107 1106
3 1208 1108 1107
3 1209 1109 1108
3 1210 1110 1109
3 1211 1111 1110
3 1212 1112 1111
3 1213 1113 1112
3 1214 1114 1113
3 1215 1115 1114
3 1216 1116 1115
3 1217 1117 1116
3 1218 1118 1117
3 1219 1119 1118
3 1220 1120 1119
3 1221 1121 1120
3 1222 1122 1121
3 1223 1123 1122
3 1224 1124 1123
3 1225 1125 1124
3 1226 1126 1125
3 1227 1127 1126
3 1228 1128 1127
3 1229 1129 1128
3 1230 1130 1129
3 1231 1131 1130
3 1232 1132 1131
3 1233 1133 1132
3 1234 1134 1133
3 1235 1135 1134
3 1236 1136 1135
3 1237 1137 1136
3 1238 1138 1137
3 1239 1139 1138
3 1240 1140 1139
3 1241 1141 1140
3 1242 1142 1141
3 1243 1143 1142
3 1244 1144 1143
3 1245 1145 1144
3 1246 1146 1145
3 1247 1147 1146
3 1248 1148 1147
3 1249 1149 1148
3 1250 1150 1149
3 1251 1151 1150
3 1252 1152 1151
3 1253 1153 1152
3 1254 1154 1153
3 1255 1155 1154
3 1256 1156 1155
3 1257 1157 1156
3 1258 1158 1157
3 1259 1159 1158
3 1260 1160 1159
3 1261 1161 1160
3 1262 1162 1161
3 1263 1163 1162
3 1264 1164 1163
3 1265 1165 1164
3 1266 1166 1165
3 1267 1167 1166
3 1268 1168 1167
3 1269 1169 1168
3 1270 1170 1169
3 1271 1171 1170
3 1272 1172 1171
3 1273 1173 1172
3 1274 1174 1173
3 1275 1175 1174
3 1276 1176 1175
3 1277 1177 1176
3 1278 1178 1177
3 1279 1179 1178
3 1280 1180 1179
3 1281 1181 1180
3 1282 1182 1181
3 1283 1183 1182
3 1284 1184 1183
3 1285 1185 1184
3 1286 1186 1185
3 1287 1187 1186
3 1288 1188 1187
3 1289 1189 1188
3 1290 1190 1189
3 1291 1191 1190
3 1292 1192 1191
3 1293 1193 1192
3 1294 1194 1193
3 1295 1195 1194
3 1296 1196 1195
3 1297 1197 1196
3 1298 1198 1197
3 1300 1200 1299
3 1301 1201 1200
3 1302 1202 1201
3 1303 1203 1202
3 1304 1204 1203
3 1305 1205 1204
3 1306 1206 1205
3 1307 1207 1206
3 1308 1208 1207
3 1309 1209 1208
3 1310 1210 1209
3 1311 1211 1210
3 1312 1212 1211
3 1313 1213 1212
3 1314 1214 1213
3 1315 1215 1214
3 1316 1216 1215
3 1317 1217 1216
3 1318 1218 1217
3 1319 1219 1218
3 1320 1220 1219
3 1321 1221 1220
3 1322 1222 1221
3 1323 1223 1222
3 1324 1224 1223
3 1325 1225 1224
3 1326 1226 1225
3 1327 1227 1226
3 1328 1228 1227
3 1329 1229 1228
3 1330 1230 1229
3 1331 1231 1230
3 1332 1232 1231
3 1333 1233 1232
3 1334 1234 1233
3 1335 1235 1234
3 1336 1236 1235
3 1337 1237 1236
3 1338 1238 1237
3 1339 1239 1238
3 1340 1240 1239
3 1341 1241 1240
3 1342 1242 1241
3 1343 1243 1242
3 1344 1244 1243
3 1345 1245 1244
3 1346 1246 1245
3 1347 1247 1246
3 1348 1248 1247
3 1349 1249 1248
3 1350 1250 1249
3 1351 1251 1250
3 1352 1252 1251
3 1353 1253 1252
3 1354 1254 1253
3 1355 1255 1254
3 1356 1256 1255
3 1357 1257 1256
3 1358 1258 1257
3 1359 1259 1258
3 1360 1260 1259
3 1361 1261 1260
3 1362 1262 1261
3 1363 1263 1262
3 1364 1264 1263
3 1365 1265 1264
3 1366 1266 1265
3 1367 1267 1266
3 1368 1268 1267
3 1369 1269 1268
3 1370 1270 1269
3 1371 1271 1270
3 1372 1272 1271
3 1373 1273 1272
3 1374 1274 1273
3 1375 1275 1274
3 1376 1276 1275
3 1377 1277 1276
3 1378 1278 1277
3 1379 1279 1278
3 1380 1280 1279
3 1381 1281 1280
3 1382 1282 1281
3 1383 1283 1282
3 1384 1284 1283
3 1385 1285 1284
3 1386 1286 1285
3 1387 1287 1286
3 1388 1288 1287
3 1389 1289 1288
3 1390 1290 1289
3 1391 1291 1290
3 1392 1292 1291
3 1393 1293 1292
3 1394 1294 1293
3 1395 1295 1294
3 1396 1296 1295
3 1397 1297 1296
3 1398 1298 1297
3 1400 1300 1399
3 1401 1301 1300
3 1402 1302 1301
3 1403 1303 1302
3 1404 1304 1303
3 1405 1305 1304
3 1406 1306 1305
3 1407 1307 1306
3 1408 1308 1307
3 1409 1309 1308
3 1410 1310 1309
3 1411 1311 1310
3 1412 1312 1311
3 1413 1313 1312
3 1414 1314 1313
3 1415 1315 1314
3 1416 1316 1315
3 1417 1317 1316
3 1418 1318 1317
3 1419 1319 1318
3 1420 1320 1319
3 1421 1321 1320
3 1422 1322 1321
3 1423 1323 1322
3 1424 1324 1323
3 1425 1325 1324
3 1426 1326 1325
3 1427 1327 1326
3 1428 1328 1327
3 1429 1329 1328
3 1430 1330 1329
3 1431 1331 1330
3 1432 1332 1331
3 1433 1333 1332
3 1434 1334 1333
3 1435 1335 1334
3 1436 1336 1335
3 1437 1337 1336
3 1438 1338 1337
3 1439 1339 1338
3 1440 1340 1339
3 1441 1341 1340
3 1442 1342 1341
3 1443 1343 1342
3 1444 1344 1343
3 1445 1345 1344
3 1446 1346 1345
3 1447 1347 1346
3 1448 1348 1347
3 1449 1349 1348
3 1450 1350 1349
3 1451 1351 1350
3 1452 1352 1351
3 1453 1353 1352
3 1454 1354 1353
3 1455 1355 1354
3 1456 1356 1355
3 1457 1357 1356
3 1458 1358 1357
3 1459 1359 1358
3 1460 1360 1359
3 1461 1361 1360
3 1462 1362 1361
3 1463 1363 1362
3 1464 1364 1363
3 1465 1365 1364
3 1466 1366 1365
3 1467 1367 1366
3 1468 1368 1367
3 1469 1369 1368
3 1470 1370 1369
3 1471 1371 1370
3 1472 1372 1371
3 1473 1373 1372
3 1474 1374 1373
3 1475 1375 1374
3 1476 1376 1375
3 1477 1377 1376
3 1478 1378 1377
3 1479 1379 1378
3 1480 1380 1379
3 1481 1381 1380
3 1482 1382 1381
3 1483 1383 1382
3 1484 1384 1383
3 1485 1385 1384
3 1486 1386 1385
3 1487 1387 1386
3 1488 1388 1387
3 1489 1389 1388
3 1490 1390 1389
3 1491 1391 1390
3 1492 1392 1391
3 1493 1393 1392
3 1494 1394 1393
3 1495 1395 1394
3 1496 1396 1395
3 1497 1397 1396
3 1498 1398 1397
3 1500 1400 1499
3 1501 1401 1400
3 1502 1402 1401
3 1503 1403 1402
3 1504 1404 1403
3 1505 1405 1404
3 1506 1406 1405
3 1507 1407 1406
3 1508 1408 1407
3 1509 1409 1408
3 1510 1410 1409
3 1511 1411 1410
3 1512 1412 1411
3 1513 1413 1412
3 1514 1414 1413
3 1515 1415 1414
3 1516 1416 1415
3 1517 1417 1416
3 1518 1418 1417
3 1519 1419 1418
3 1520 1420 1419
3 1521 1421 1420
3 1522 1422 1421
3 1523 1423 1422
3 1524 1424 1423
3 1525 1425 1424
3 1526 1426 1425
3 1527 1427 1426
3 1528 1428 1427
3 1529 1429 1428
3 1530 1430 1429
3 1531 1431 1430
3 1532 1432 1431
3 1533 1433 1432
3 1534 1434 1433
3 1535 1435 1434
3 1536 1436 1435
3 1537 1437 1436
3 1538 1438 1437
3 1539 1439 1438
3 1540 1440 1439
3 1541 1441 1440
3 1542 1442 1441
3 1543 1443 1442
3 1544 1444 1443
3 1545 1445 1444
3 1546 1446 1445
3 1547 1447 1446
3 1548 1448 1447
3 1549 1449 1448
3 1550 1450 1449
3 1551 1451 1450
3 1552 1452 1451
3 1553 1453 1452
3 1554 1454 1453
3 1555 1455 1454
3 1556 1456 1455
3 1557 1457 1456
3 1558 1458 1457
3 1559 1459 1458
3 1560 1460 1459
3 1561 1461 1460
3 1562 1462 1461
3 1563 1463 1462
3 1564 1464 1463
3 1565 1465 1464
3 1566 1466 1465
3 1567 1467 1466
3 1568 1468 1467
3 1569 1469 1468
3 1570 1470 1469
3 1571 1471 1470
3 1572 1472 1471
3 1573 1473 1472
3 1574 1474 1473
3 1575 1475 1474
3 1576 1476 1475
3 1577 1477 1476
3 1578 1478 1477
3 1579 1479 1478
3 1580 1480 1479
3 1581 1481 1480
3 1582 1482 1481
3 1583 1483 1482
3 1584 1484 1483
3 1585 1485 1484
3 1586 1486 1485
3 1587 1487 1486
3 1588 1488 1487
3 1589 1489 1488
3 1590 1490 1489
3 1591 1491 1490
3 1592 1492 1491
3 1593 1493 1492
3 1594 1494 1493
3 1595 1495 1494
3 1596 1496 1495
3 1597 1497 1496
3 1598 1498 1497
3 1600 1500 1599
3 1601 1501 1500
3 1602 1502 1501
3 1603 1503 1502
3 1604 1504 1503
3 1605 1505 1504
3 1606 1506 1505
3 1607 1507 1506
3 1608 1508 1507
3 1609 1509 1508
3 1610 1510 1509
3 1611 1511 1510
3 1612 1512 1511
3 1613 1513 1512
3 1614 1514 1513
3 1615 1515 1514
3 1616 1516 1515
3 1617 1517 1516
3 1618 1518 1517
3 1619 1519 1518
3 1620 1520 1519
3 1621 1521 1520
3 1622 1522 1521
3 1623 1523 1522
3 1624 1524 1523
3 1625 1525 1524
3 1626 1526 1525
3 1627 1527 1526
3 1628 1528 1527
3 1629 1529 1528
3 1630 1530 1529
3 1631 1531 1530
3 1632 1532 1531
3 1633 1533 1532
3 1634 1534 1533
3 1635 1535 1534
3 1636 1536 1535
3 1637 1537 1536
3 1638 1538 1537
3 1639 1539 1538
3 1640 1540 1539
3 1641 1541 1540
3 1642 1542 1541
3 1643 1543 1542
3 1644 1544 1543
3 1645 1545 1544
3 1646 1546 1545
3 1647 1547 1546
3 1648 1548 1547
3 1649 1549 1548
3 1650 1550 1549
3 1651 1551 1550
3 1652 1552 1551
3 1653 1553 1552
3 1654 1554 1553
3 1655 1555 1554
3 1656 1556 1555
3 1657 1557 1556
3 1658 1558 1557
3 1659 1559 1558
3 1660 1560 1559
3 1661 1561 1560
3 1662 1562 1561
3 1663 1563 1562
3 1664 1564 1563
3 1665 1565 1564
3 1666 1566 1565
3 1667 1567 1566
3 1668 1568 1567
3 1669 1569 1568
3 1670 1570 1569
3 1671 1571 1570
3 1672 1572 1571
3 1673 1573 1572
3 1674 1574 1573
3 1675 1575 1574
3 1676 1576 1575
3 1677 1577 1576
3 1678 1578 1577
3 1679 1579 1578
3 1680 1580 1579
3 1681 1581 1580
3 1682 1582 1581
3 1683 1583 1582
3 1684 1584 1583
3 1685 1585 1584
3 1686 1586 1585
3 1687 1587 1586
3 1688 1588 1587
3 1689 1589 1588
3 1690 1590 1589
3 1691 1591 1590
3 1692 1592 1591
3 1693 1593 1592
3 1694 1594 1593
3 1695 1595 1594
3 1696 1596 1595
3 1697 1597 1596
3 1698 1598 1597
3 1700 1600 1699
3 1701 1601 1600
3 1702 1602 1601
3 1703 1603 1602
3 1704 1604 1603
3 1705 1605 1604
3 1706 1606 1605
3 1707 1607 1606
3 1708 1608 1607
3 1709 1609 1608
3 1710 1610 1609
3 1711 1611 1610
3 1712 1612 1611
3 1713 1613 1612
3 1714 1614 1613
3 1715 1615 1614
3 1716 1616 1615
3 1717 1617 1616
3 1718 1618 1617
3 1719 1619 1618
3 1720 1620 1619
3 1721 1621 1620
3 1722 1622 1621
3 1723 1623 1622
3 1724 1624 1623
3 1725 1625 1624
3 1726 1626 1625
3 1727 1627 1626
3 1728 1628 1627
3 1729 1629 1628
3 1730 1630 1629
3 1731 1631 1630
3 1732 1632 1631
3 1733 1633 1632
3 1734 1634 1633
3 1735 1635 1634
3 1736 1636 1635
3 1737 1637 1636
3 1738 1638 1637
3 1739 1639 1638
3 1740 1640 1639
3 1741 1641 1640
3 1742 1642 1641
3 1743 1643 1642
3 1744 1644 1643
3 1745 1645 1644
3 1746 1646 1645
3 1747 1647 1646
3 1748 1648 1647
3 1749 1649 1648
3 1750 1650 1649
3 1751 1651 1650
3 1752 1652 1651
3 1753 1653 1652
3 1754 1654 1653
3 1755 1655 1654
3 1756 1656 1655
3 1757 1657 1656
3 1758 1658 1657
3 1759 1659 1658
3 1760 1660 1659
3 1761 1661 1660
3 1762 1662 1661
3 1763 1663 1662
3 1764 1664 1663
3 1765 1665 1664
3 1766 1666 1665
3 1767 1667 1666
3 1768 1668 1667
3 1769 1669 1668
3 1770 1670 1669
3 1771 1671 1670
3 1772 1672 1671
3 1773 1673 1672
3 1774 1674 1673
3 1775 1675 1674
3 1776 1676 1675
3 1777 1677 1676
3 1778 1678 1677
3 1779 1679 1678
3 1780 1680 1679
3 1781 1681 1680
3 1782 1682 1681
3 1783 1683 1682
3 1784 1684 1683
3 1785 1685 1684
3 1786 1686 1685
3 1787 1687 1686
3 1788 1688 1687
3 1789 1689 1688
3 1790 1690 1689
3 1791 1691 1690
3 1792 1692 1691
3 1793 1693 1692
3 1794 1694 1693
3 1795 1695 1694
3 1796 1696 1695
3 1797 1697 1696
3 1798 1698 1697
3 1800 1700 1799
3 1801 1701 1700
3 1802 1702 1701
3 1803 1703 1702
3 1804 1704 1703
3 1805 1705 1704
3 1806 1706 1705
3 1807 1707 1706
3 1808 1708 1707
3 1809 1709 1708
3 1810 1710 1709
3 1811 1711 1710
3 1812 1712 1711
3 1813 1713 1712
3 1814 1714 1713
3 1815 1715 1714
3 1816 1716 1715
3 1817 1717 1716
3 1818 1718 1717
3 1819 1719 1718
3 1820 1720 1719
3 1821 1721 1720
3 1822 1722 1721
3 1823 1723 1722
3 1824 1724 1723
3 1825 1725 1724
3 1826 1726 1725
3 1827 1727 1726
3 1828 1728 1727
3 1829 1729 1728
3 1830 1730 1729
3 1831 1731 1730
3 1832 1732 1731
3 1833 1733 1732
3 1834 1734 1733
3 1835 1735 1734
3 1836 1736 1735
3 1837 1737 1736
3 1838 1738 1737
3 1839 1739 1738
3 1840 1740 1739
3 1841 1741 1740
3 1842 1742 1741
3 1843 1743 1742
3 1844 1744 1743
3 1845 1745 1744
3 1846 1746 1745
3 1847 1747 1746
3 1848 1748 1747
3 1849 1749 1748
3 1850 1750 1749
3 1851 1751 1750
3 1852 1752 1751
3 1853 1753 1752
3 1854 1754 1753
3 1855 1755 1754
3 1856 1756 1755
3 1857 1757 1756
3 1858 1758 1757
3 1859 1759 1758
3 1860 1760 1759
3 1861 1761 1760
3 1862 1762 1761
3 1863 1763 1762
3 1864 1764 1763
3 1865 1765 1764
3 1866 1766 1765
3 1867 1767 1766
3 1868 1768 1767
3 1869 1769 1768
3 1870 1770 1769
3 1871 1771 1770
3 1872 1772 1771
3 1873 1773 1772
3 1874 1774 1773
3 1875 1775 1774
3 1876 1776 1775
3 1877 1777 1776
3 1878 1778 1777
3 1879 1779 1778
3 1880 1780 1779
3 1881 1781 1780
3 1882 1782 1781
3 1883 1783 1782
3 1884 1784 1783
3 1885 1785 1784
3 1886 1786 1785
3 1887 1787 1786
3 1888 1788 1787
3 1889 1789 1788
3 1890 1790 1789
3 1891 1791 1790
3 1892 1792 1791
3 1893 1793 1792
3 1894 1794 1793
3 1895 1795 1794
3 1896 1796 1795
3 1897 1797 1796
3 1898 1798 1797
3 1900 1800 1899
3 1901 1801 1800
3 1902 1802 1801
3 1903 1803 1802
3 1904 1804 1803
3 1905 1805 1804
3 1906 1806 1805
3 1907 1807 1806
3 1908 1808 1807
3 1909 1809 1808
3 1910 1810 1809
3 1911 1811 1810
3 1912 1812 1811
3 1913 1813 1812
3 1914 1814 1813
3 1915 1815 1814
3 1916 1816 1815
3 1917 1817 1816
3 1918 1818 1817
3 1919 1819 1818
3 1920 1820 1819
3 1921 1821 1820
3 1922 1822 1821
3 1923 1823 1822
3 1924 1824 1823
3 1925 1825 1824
3 1926 1826 1825
3 1927 1827 1826
3 1928 1828 1827
3 1929 1829 1828
3 1930 1830 1829
3 1931 1831 1830
3 1932 1832 1831
3 1933 1833 1832
3 1934 1834 1833
3 1935 1835 1834
3 1936 1836 1835
3 1937 1837 1836
3 1938 1838 1837
3 1939 1839 1838
3 1940 1840 1839
3 1941 1841 1840
3 1942 1842 1841
3 1943 1843 1842
3 1944 1844 1843
3 1945 1845 1844
3 1946 1846 1845
3 1947 1847 1846
3 1948 1848 1847
3 1949 1849 1848
3 1950 1850 1849
3 1951 1851 1850
3 1952 1852 1851
3 1953 1853 1852
3 1954 1854 1853
3 1955 1855 1854
3 1956 1856 1855
3 1957 1857 1856
3 1958 1858 1857
3 1959 1859 1858
3 1960 1860 1859
3 1961 1861 1860
3 1962 1862 1861
3 1963 1863 1862
3 1964 1864 1863
3 1965 1865 1864
3 1966 1866 1865
3 1967 1867 1866
3 1968 1868 1867
3 1969 1869 1868
3 1970 1870 1869
3 1971 1871 1870
3 1972 1872 1871
3 1973 1873 1872
3 1974 1874 1873
3 1975 1875 1874
3 1976 1876 1875
3 1977 1877 1876
3 1978 1878 1877
3 1979 1879 1878
3 1980 1880 1879
3 1981 1881 1880
3 1982 1882 1881
3 1983 1883 1882
3 1984 1884 1883
3 1985 1885 1884
3 1986 1886 1885
3 1987 1887 1886
3 1988 1888 1887
3 1989 1889 1888
3 1990 1890 1889
3 1991 1891 1890
3 1992 1892 1891
3 1993 1893 1892
3 1994 1894 1893
3 1995 1895 1894
3 1996 1896 1895
3 1997 1897 1896
3 1998 1898 1897
3 2000 1900 1999
3 2001 1901 1900
3 2002 1902 1901
3 2003 1903 1902
3 2004 1904 1903
3 2005 1905 1904
3 2006 1906 1905
3 2007 1907 1906
3 2008 1908 1907
3 2009 1909 1908
3 2010 1910 1909
3 2011 1911 1910
3 2012 1912 1911
3 2013 1913 1912
3 2014 1914 1913
3 2015 1915 1914
3 2016 1916 1915
3 2017 1917 1916
3 2018 1918 1917
3 2019 1919 1918
3 2020 1920 1919
3 2021 1921 1920
3 2022 1922 1921
3 2023 1923 1922
3 2024 1924 1923
3 2025 1925 1924
3 2026 1926 1925
3 2027 1927 1926
3 2028 1928 1927
3 2029 1929 1928
3 2030 1930 1929
3 2031 1931 1930
3 2032 1932 1931
3 2033 1933 1932
3 2034 1934 1933
3 2035 1935 1934
3 2036 1936 1935
3 2037 1937 1936
3 2038 1938 1937
3 2039 1939 1938
3 2040 1940 1939
3 2041 1941 1940
3 2042 1942 1941
3 2043 1943 1942
3 2044 1944 1943
3 2045 1945 1944
3 2046 1946 1945
3 2047 1947 1946
3 2048 1948 1947
3 2049 1949 1948
3 2050 1950 1949
3 2051 1951 1950
3 2052 1952 1951
3 2053 1953 1952
3 2054 1954 1953
3 2055 1955 1954
3 2056 1956 1955
3 2057 1957 1956
3 2058 1958 1957
3 2059 1959 1958
3 2060 1960 1959
3 2061 1961 1960
3 2062 1962 1961
3 2063 1963 1962
3 2064 1964 1963
3 2065 1965 1964
3 2066 1966 1965
3 2067 1967 1966
3 2068 1968 1967
3 2069 1969 1968
3 2070 1970 1969
3 2071 1971 1970
3 2072 1972 1971
3 2073 1973 1972
3 2074 1974 1973
3 2075 1975 1974
3 2076 1976 1975
3 2077 1977 1976
3 2078 1978 1977
3 2079 1979 1978
3 2080 1980 1979
3 2081 1981 1980
3 2082 1982 1981
3 2083 1983 1982
3 2084 1984 1983
3 2085 1985 1984
3 2086 1986 1985
3 2087 1987 1986
3 2088 1988 1987
3 2089 1989 1988
3 2090 1990 1989
3 2091 1991 1990
3 2092 1992 1991
3 2093 1993 1992
3 2094 1994 1993
3 2095 1995 1994
3 2096 1996 1995
3 2097 1997 1996
3 2098 1998 1997
3 2100 2000 2099
3 2101 2001 2000
3 2102 2002 2001
3 2103 2003 2002
3 2104 2004 2003
3 2105 2005 2004
3 2106 2006 2005
3 2107 2007 2006
3 2108 2008 2007
3 2109 2009 2008
3 2110 2010 2009
3 2111 2011 2010
3 2112 2012 2011
3 2113 2013 2012
3 2114 2014 2013
3 2115 2015 2014
3 2116 2016 2015
3 2117 2017 2016
3 2118 2018 2017
3 2119 2019 2018
3 2120 2020 2019
3 2121 2021 2020
3 2122 2022 2021
3 2123 2023 2022
3 2124 2024 2023
3 2125 2025 2024
3 2126 2026 2025
3 2127 2027 2026
3 2128 2028 2027
3 2129 2029 2028
3 2130 2030 2029
3 2131 2031 2030
3 2132 2032 2031
3 2133 2033 2032
3 2134 2034 2033
3 2135 2035 2034
3 2136 2036 2035
3 2137 2037 2036
3 2138 2038 2037
3 2139 2039 2038
3 2140 2040 2039
3 2141 2041 2040
3 2142 2042 2041
3 2143 2043 2042
3 2144 2044 2043
3 2145 2045 2044
3 2146 2046 2045
3 2147 2047 2046
3 2148 2048 2047
3 2149 2049 2048
3 2150 2050 2049
3 2151 2051 2050
3 2152 2052 2051
3 2153 2053 2052
3 2154 2054 2053
3 2155 2055 2054
3 2156 2056 2055
3 2157 2057 2056
3 2158 2058 2057
3 2159 2059 2058
3 2160 2060 2059
3 2161 2061 2060
3 2162 2062 2061
3 2163 2063 2062
3 2164 2064 2063
3 2165 2065 2064
3 2166 2066 2065
3 2167 2067 2066
3 2168 2068 2067
3 2169 2069 2068
3 2170 2070 2069
3 2171 2071 2070
3 2172 2072 2071
3 2173 2073 2072
3 2174 2074 2073
3 2175 2075 2074
3 2176 2076 2075
3 2177 2077 2076
3 2178 2078 2077
3 2179 2079 2078
3 2180 2080 2079
3 2181 2081 2080
3 2182 2082 2081
3 2183 2083 2082
3 2184 2084 2083
3 2185 2085 2084
3 2186 2086 2085
3 2187 2087 2086
3 2188 2088 2087
3 2189 2089 2088
3 2190 2090 2089
3 2191 2091 2090
3 2192 2092 2091
3 2193 2093 2092
3 2194 2094 2093
3 2195 2095 2094
3 2196 2096 2095
3 2197 2097 2096
3 2198 2098 2097
3 2200 2100 2199
3 2201 2101 2100
3 2202 2102 2101
3 2203 2103 2102
3 2204 2104 2103
3 2205 2105 2104
3 2206 2106 2105
3 2207 2107 2106
3 2208 2108 2107
3 2209 2109 2108
3 2210 2110 2109
3 2211 2111 2110
3 2212 2112 2111
3 2213 2113 2112
3 2214 2114 2113
3 2215 2115 2114
3 2216 2116 2115
3 2217 2117 2116
3 2218 2118 2117
3 2219 2119 2118
3 2220 2120 2119
3 2221 2121 2120
3 2222 2122 2121
3 2223 2123 2122
3 2224 2124 2123
3 2225 2125 2124
3 2226 2126 2125
3 2227 2127 2126
3 2228 2128 2127
3 2229 2129 2128
3 2230 2130 2129
3 2231 2131 2130
3 2232 2132 2131
3 2233 2133 2132
3 2234 2134 2133
3 2235 2135 2134
3 2236 2136 2135
3 2237 2137 2136
3 2238 2138 2137
3 2239 2139 2138
3 2240 2140 2139
3 2241 2141 2140
3 2242 2142 2141
3 2243 2143 2142
3 2244 2144 2143
3 2245 2145 2144
3 2246 2146 2145
3 2247 2147 2146
3 2248 2148 2147
3 2249 2149 2148
3 2250 2150 2149
3 2251 2151 2150
3 2252 2152 2151
3 2253 2153 2152
3 2254 2154 2153
3 2255 2155 2154
3 2256 2156 2155
3 2257 2157 2156
3 2258 2158 2157
3 2259 2159 2158
3 2260 2160 2159
3 2261 2161 2160
3 2262 2162 2161
3 2263 2163 2162
3 2264 2164 2163
3 2265 2165 2164
3 2266 2166 2165
3 2267 2167 2166
3 2268 2168 2167
3 2269 2169 2168
3 2270 2170 2169
3 2271 2171 2170
3 2272 2172 2171
3 2273 2173 2172
3 2274 2174 2173
3 2275 2175 2174
3 2276 2176 2175
3 2277 2177 2176
3 2278 2178 2177
3 2279 2179 2178
3 2280 2180 2179
3 2281 2181 2180
3 2282 2182 2181
3 2283 2183 2182
3 2284 2184 2183
3 2285 2185 2184
3 2286 2186 2185
3 2287 2187 2186
3 2288 2188 2187
3 2289 2189 2188
3 2290 2190 2189
3 2291 2191 2190
3 2292 2192 2191
3 2293 2193 2192
3 2294 2194 2193
3 2295 2195 2194
3 2296 2196 2195
3 2297 2197 2196
3 2298 2198 2197
3 2300 2200 2299
3 2301 2201 2200
3 2302 2202 2201
3 2303 2203 2202
3 2304 2204 2203
3 2305 2205 2204
3 2306 2206 2205
3 2307 2207 2206
3 2308 2208 2207
3 2309 2209 2208
3 2310 2210 2209
3 2311 2211 2210
3 2312 2212 2211
3 2313 2213 2212
3 2314 2214 2213
3 2315 2215 2214
3 2316 2216 2215
3 2317 2217 2216
3 2318 2218 2217
3 2319 2219 2218
3 2320 2220 2219
3 2321 2221 2220
3 2322 2222 2221
3 2323 2223 2222
3 2324 2224 2223
3 2325 2225 2224
3 2326 2226 2225
3 2327 2227 2226
3 2328 2228 2227
3 2329 2229 2228
3 2330 2230 2229
3 2331 2231 2230
3 2332 2232 2231
3 2333 2233 2232
3 2334 2234 2233
3 2335 2235 2234
3 2336 2236 2235
3 2337 2237 2236
3 2338 2238 2237
3 2339 2239 2238
3 2340 2240 2239
3 2341 2241 2240
3 2342 2242 2241
3 2343 2243 2242
3 2344 2244 2243
3 2345 2245 2244
3 2346 2246 2245
3 2347 2247 2246
3 2348 2248 2247
3 2349 2249 2248
3 2350 2250 2249
3 2351 2251 2250
3 2352 2252 2251
3 2353 2253 2252
3 2354 2254 2253
3 2355 2255 2254
3 2356 2256 2255
3 2357 2257 2256
3 2358 2258 2257
3 2359 2259 2258
3 2360 2260 2259
3 2361 2261 2260
3 2362 2262 2261
3 2363 2263 2262
3 2364 2264 2263
3 2365 2265 2264
3 2366 2266 2265
3 2367 2267 2266
3 2368 2268 2267
3 2369 2269 2268
3 2370 2270 2269
3 2371 2271 2270
3 2372 2272 2271
3 2373 2273 2272
3 2374 2274 2273
3 2375 2275 2274
3 2376 2276 2275
3 2377 2277 2276
3 2378 2278 2277
3 2379 2279 2278
3 2380 2280 2279
3 2381 2281 2280
3 2382 2282 2281
3 2383 2283 2282
3 2384 2284 2283
3 2385 2285 2284
3 2386 2286 2285
3 2387 2287 2286
3 2388 2288 2287
3 2389 2289 2288
3 2390 2290 2289
3 2391 2291 2290
3 2392 2292 2291
3 2393 2293 2292
3 2394 2294 2293
3 2395 2295 2294
3 2396 2296 2295
3 2397 2297 2296
3 2398 2298 2297
3 2400 2300 2399
3 2401 2301 2300
3 2402 2302 2301
3 2403 2303 2302
3 2404 2304 2303
3 2405 2305 2304
3 2406 2306 2305
3 2407 2307 2306
3 2408 2308 2307
3 2409 2309 2308
3 2410 2310 2309
3 2411 2311 2310
3 2412 2312 2311
3 2413 2313 2312
3 2414 2314 2313
3 2415 2315 2314
3 2416 2316 2315
3 2417 2317 2316
3 2418 2318 2317
3 2419 2319 2318
3 2420 2320 2319
3 2421 2321 2320
3 2422 2322 2321
3 2423 2323 2322
3 2424 2324 2323
3 2425 2325 2324
3 2426 2326 2325
3 2427 2327 2326
3 2428 2328 2327
3 2429 2329 2328
3 2430 2330 2329
3 2431 2331 2330
3 2432 2332 2331
3 2433 2333 2332
3 2434 2334 2333
3 2435 2335 2334
3 2436 2336 2335
3 2437 2337 2336
3 2438 2338 2337
3 2439 2339 2338
3 2440 2340 2339
3 2441 2341 2340
3 2442 2342 2341
3 2443 2343 2342
3 2444 2344 2343
3 2445 2345 2344
3 2446 2346 2345
3 2447 2347 2346
3 2448 2348 2347
3 2449 2349 2348
3 2450 2350 2349
3 2451 2351 2350
3 2452 2352 2351
3 2453 2353 2352
3 2454 2354 2353
3 2455 2355 2354
3 2456 2356 2355
3 2457 2357 2356
3 2458 2358 2357
3 2459 2359 2358
3 2460 2360 2359
3 2461 2361 2360
3 2462 2362 2361
3 2463 2363 2362
3 2464 2364 2363
3 2465 2365 2364
3 2466 2366 2365
3 2467 2367 2366
3 2468 2368 2367
3 2469 2369 2368
3 2470 2370 2369
3 2471 2371 2370
3 2472 2372 2371
3 2473 2373 2372
3 2474 2374 2373
3 2475 2375 2374
3 2476 2376 2375
3 2477 2377 2376
3 2478 2378 2377
3 2479 2379 2378
3 2480 2380 2379
3 2481 2381 2380
3 2482 2382 2381
3 2483 2383 2382
3 2484 2384 2383
3 2485 2385 2384
3 2486 2386 2385
3 2487 2387 2386
3 2488 2388 2387
3 2489 2389 2388
3 2490 2390 2389
3 2491 2391 2390
3 2492 2392 2391
3 2493 2393 2392
3 2494 2394 2393
3 2495 2395 2394
3 2496 2396 2395
3 2497 2397 2396
3 2498 2398 2397
3 2500 2400 2499
3 2501 2401 2400
3 2502 2402 2401
3 2503 2403 2402
3 2504 2404 2403
3 2505 2405 2404
3 2506 2406 2405
3 2507 2407 2406
3 2508 2408 2407
3 2509 2409 2408
3 2510 2410 2409
3 2511 2411 2410
3 2512 2412 2411
3 2513 2413 2412
3 2514 2414 2413
3 2515 2415 2414
3 2516 2416 2415
3 2517 2417 2416
3 2518 2418 2417
3 2519 2419 2418
3 2520 2420 2419
3 2521 2421 2420
3 2522 2422 2421
3 2523 2423 2422
3 2524 2424 2423
3 2525 2425 2424
3 2526 2426 2425
3 2527 2427 2426
3 2528 2428 2427
3 2529 2429 2428
3 2530 2430 2429
3 2531 2431 2430
3 2532 2432 2431
3 2533 2433 2432
3 2534 2434 2433
3 2535 2435 2434
3 2536 2436 2435
3 2537 2437 2436
3 2538 2438 2437
3 2539 2439 2438
3 2540 2440 2439
3 2541 2441 2440
3 2542 2442 2441
3 2543 2443 2442
3 2544 2444 2443
3 2545 2445 2444
3 2546 2446 2445
3 2547 2447 2446
3 2548 2448 2447
3 2549 2449 2448
3 2550 2450 2449
3 2551 2451 2450
3 2552 2452 2451
3 2553 2453 2452
3 2554 2454 2453
3 2555 2455 2454
3 2556 2456 2455
3 2557 2457 2456
3 2558 2458 2457
3 2559 2459 2458
3 2560 2460 2459
3 2561 2461 2460
3 2562 2462 2461
3 2563 2463 2462
3 2564 2464 2463
3 2565 2465 2464
3 2566 2466 2465
3 2567 2467 2466
3 2568 2468 2467
3 2569 2469 2468
3 2570 2470 2469
3 2571 2471 2470
3 2572 2472 2471
3 2573 2473 2472
3 2574 2474 2473
3 2575 2475 2474
3 2576 2476 2475
3 2577 2477 2476
3 2578 2478 2477
3 2579 2479 2478
3 2580 2480 2479
3 2581 2481 2480
3 2582 2482 2481
3 2583 2483 2482
3 2584 2484 2483
3 2585 2485 2484
3 2586 2486 2485
3 2587 2487 2486
3 2588 2488 2487
3 2589 2489 2488
3 2590 2490 2489
3 2591 2491 2490
3 2592 2492 2491
3 2593 2493 2492
3 2594 2494 2493
3 2595 2495 2494
3 2596 2496 2495
3 2597 2497 2496
3 2598 2498 2497
3 2600 2500 2599
3 2601 2501 2500
3 2602 2502 2501
3 2603 2503 2502
3 2604 2504 2503
3 2605 2505 2504
3 2606 2506 2505
3 2607 2507 2506
3 2608 2508 2507
3 2609 2509 2508
3 2610 2510 2509
3 2611 2511 2510
3 2612 2512 2511
3 2613 2513 2512
3 2614 2514 2513
3 2615 2515 2514
3 2616 2516 2515
3 2617 2517 2516
3 2618 2518 2517
3 2619 2519 2518
3 2620 2520 2519
3 2621 2521 2520
3 2622 2522 2521
3 2623 2523 2522
3 2624 2524 2523
3 2625 2525 2524
3 2626 2526 2525
3 2627 2527 2526
3 2628 2528 2527
3 2629 2529 2528
3 2630 2530 2529
3 2631 2531 2530
3 2632 2532 2531
3 2633 2533 2532
3 2634 2534 2533
3 2635 2535 2534
3 2636 2536 2535
3 2637 2537 2536
3 2638 2538 2537
3 2639 2539 2538
3 2640 2540 2539
3 2641 2541 2540
3 2642 2542 2541
3 2643 2543 2542
3 2644 2544 2543
3 2645 2545 2544
3 2646 2546 2545
3 2647 2547 2546
3 2648 2548 2547
3 2649 2549 2548
3 2650 2550 2549
3 2651 2551 2550
3 2652 2552 2551
3 2653 2553 2552
3 2654 2554 2553
3 2655 2555 2554
3 2656 2556 2555
3 2657 2557 2556
3 2658 2558 2557
3 2659 2559 2558
3 2660 2560 2559
3 2661 2561 2560
3 2662 2562 2561
3 2663 2563 2562
3 2664 2564 2563
3 2665 2565 2564
3 2666 2566 2565
3 2667 2567 2566
3 2668 2568 2567
3 2669 2569 2568
3 2670 2570 2569
3 2671 2571 2570
3 2672 2572 2571
3 2673 2573 2572
3 2674 2574 2573
3 2675 2575 2574
3 2676 2576 2575
3 2677 2577 2576
3 2678 2578 2577
3 2679 2579 2578
3 2680 2580 2579
3 2681 2581 2580
3 2682 2582 2581
3 2683 2583 2582
3 2684 2584 2583
3 2685 2585 2584
3 2686 2586 2585
3 2687 2587 2586
3 2688 2588 2587
3 2689 2589 2588
3 2690 2590 2589
3 2691 2591 2590
3 2692 2592 2591
3 2693 2593 2592
3 2694 2594 2593
3 2695 2595 2594
3 2696 2596 2595
3 2697 2597 2596
3 2698 2598 2597
3 2700 2600 2699
3 2701 2601 2600
3 2702 2602 2601
3 2703 2603 2602
3 2704 2604 2603
3 2705 2605 2604
3 2706 2606 2605
3 2707 2607 2606
3 2708 2608 2607
3 2709 2609 2608
3 2710 2610 2609
3 2711 2611 2610
3 2712 2612 2611
3 2713 2613 2612
3 2714 2614 2613
3 2715 2615 2614
3 2716 2616 2615
3 2717 2617 2616
3 2718 2618 2617
3 2719 2619 2618
3 2720 2620 2619
3 2721 2621 2620
3 2722 2622 2621
3 2723 2623 2622
3 2724 2624 2623
3 2725 2625 2624
3 2726 2626 2625
3 2727 2627 2626
3 2728 2628 2627
3 2729 2629 2628
3 2730 2630 2629
3 2731 2631 2630
3 2732 2632 2631
3 2733 2633 2632
3 2734 2634 2633
3 2735 2635 2634
3 2736 2636 2635
3 2737 2637 2636
3 2738 2638 2637
3 2739 2639 2638
3 2740 2640 2639
3 2741 2641 2640
3 2742 2642 2641
3 2743 2643 2642
3 2744 2644 2643
3 2745 2645 2644
3 2746 2646 2645
3 2747 2647 2646
3 2748 2648 2647
3 2749 2649 2648
3 2750 2650 2649
3 2751 2651 2650
3 2752 2652 2651
3 2753 2653 2652
3 2754 2654 2653
3 2755 2655 2654
3 2756 2656 2655
3 2757 2657 2656
3 2758 2658 2657
3 2759 2659 2658
3 2760 2660 2659
3 2761 2661 2660
3 2762 2662 2661
3 2763 2663 2662
3 2764 2664 2663
3 2765 2665 2664
3 2766 2666 2665
3 2767 2667 2666
3 2768 2668 2667
3 2769 2669 2668
3 2770 2670 2669
3 2771 2671 2670
3 2772 2672 2671
3 2773 2673 2672
3 2774 2674 2673
3 2775 2675 2674
3 2776 2676 2675
3 2777 2677 2676
3 2778 2678 2677
3 2779 2679 2678
3 2780 2680 2679
3 2781 2681 2680
3 2782 2682 2681
3 2783 2683 2682
3 2784 2684 2683
3 2785 2685 2684
3 2786 2686 2685
3 2787 2687 2686
3 2788 2688 2687
3 2789 2689 2688
3 2790 2690 2689
3 2791 2691 2690
3 2792 2692 2691
3 2793 2693 2692
3 2794 2694 2693
3 2795 2695 2694
3 2796 2696 2695
3 2797 2697 2696
3 2798 2698 2697
3 2800 2700 2799
3 2801 2701 2700
3 2802 2702 2701
3 2803 2703 2702
3 2804 2704 2703
3 2805 2705 2704
3 2806 2706 2705
3 2807 2707 2706
3 2808 2708 2707
3 2809 2709 2708
3 2810 2710 2709
3 2811 2711 2710
3 2812 2712 2711
3 2813 2713 2712
3 2814 2714 2713
3 2815 2715 2714
3 2816 2716 2715
3 2817 2717 2716
3 2818 2718 2717
3 2819 2719 2718
3 2820 2720 2719
3 2821 2721 2720
3 2822 2722 2721
3 2823 2723 2722
3 2824 2724 2723
3 2825 2725 2724
3 2826 2726 2725
3 2827 2727 2726
3 2828 2728 2727
3 2829 2729 2728
3 2830 2730 2729
3 2831 2731 2730
3 2832 2732 2731
3 2833 2733 2732
3 2834 2734 2733
3 2835 2735 2734
3 2836 2736 2735
3 2837 2737 2736
3 2838 2738 2737
3 2839 2739 2738
3 2840 2740 2739
3 2841 2741 2740
3 2842 2742 2741
3 2843 2743 2742
3 2844 2744 2743
3 2845 2745 2744
3 2846 2746 2745
3 2847 2747 2746
3 2848 2748 2747
3 2849 2749 2748
3 2850 2750 2749
3 2851 2751 2750
3 2852 2752 2751
3 2853 2753 2752
3 2854 2754 2753
3 2855 2755 2754
3 2856 2756 2755
3 2857 2757 2756
3 2858 2758 2757
3 2859 2759 2758
3 2860 2760 2759
3 2861 2761 2760
3 2862 2762 2761
3 2863 2763 2762
3 2864 2764 2763
3 2865 2765 2764
3 2866 2766 2765
3 2867 2767 2766
3 2868 2768 2767
3 2869 2769 2768
3 2870 2770 2769
3 2871 2771 2770
3 2872 2772 2771
3 2873 2773 2772
3 2874 2774 2773
3 2875 2775 2774
3 2876 2776 2775
3 2877 2777 2776
3 2878 2778 2777
3 2879 2779 2778
3 2880 2780 2779
3 2881 2781 2780
3 2882 2782 2781
3 2883 2783 2782
3 2884 2784 2783
3 2885 2785 2784
3 2886 2786 2785
3 2887 2787 2786
3 2888 2788 2787
3 2889 2789 2788
3 2890 2790 2789
3 2891 2791 2790
3 2892 2792 2791
3 2893 2793 2792
3 2894 2794 2793
3 2895 2795 2794
3 2896 2796 2795
3 2897 2797 2796
3 2898 2798 2797
3 2900 2800 2899
3 2901 2801 2800
3 2902 2802 2801
3 2903 2803 2802
3 2904 2804 2803
3 2905 2805 2804
3 2906 2806 2805
3 2907 2807 2806
3 2908 2808 2807
3 2909 2809 2808
3 2910 2810 2809
3 2911 2811 2810
3 2912 2812 2811
3 2913 2813 2812
3 2914 2814 2813
3 2915 2815 2814
3 2916 2816 2815
3 2917 2817 2816
3 2918 2818 2817
3 2919 2819 2818
3 2920 2820 2819
3 2921 2821 2820
3 2922 2822 2821
3 2923 2823 2822
3 2924 2824 2823
3 2925 2825 2824
3 2926 2826 2825
3 2927 2827 2826
3 2928 2828 2827
3 2929 2829 2828
3 2930 2830 2829
3 2931 2831 2830
3 2932 2832 2831
3 2933 2833 2832
3 2934 2834 2833
3 2935 2835 2834
3 2936 2836 2835
3 2937 2837 2836
3 2938 2838 2837
3 2939 2839 2838
3 2940 2840 2839
3 2941 2841 2840
3 2942 2842 2841
3 2943 2843 2842
3 2944 2844 2843
3 2945 2845 2844
3 2946 2846 2845
3 2947 2847 2846
3 2948 2848 2847
3 2949 2849 2848
3 2950 2850 2849
3 2951 2851 2850
3 2952 2852 2851
3 2953 2853 2852
3 2954 2854 2853
3 2955 2855 2854
3 2956 2856 2855
3 2957 2857 2856
3 2958 2858 2857
3 2959 2859 2858
3 2960 2860 2859
3 2961 2861 2860
3 2962 2862 2861
3 2963 2863 2862
3 2964 2864 2863
3 2965 2865 2864
3 2966 2866 2865
3 2967 2867 2866
3 2968 2868 2867
3 2969 2869 2868
3 2970 2870 2869
3 2971 2871 2870
3 2972 2872 2871
3 2973 2873 2872
3 2974 2874 2873
3 2975 2875 2874
3 2976 2876 2875
3 2977 2877 2876
3 2978 2878 2877
3 2979 2879 2878
3 2980 2880 2879
3 2981 2881 2880
3 2982 2882 2881
3 2983 2883 2882
3 2984 2884 2883
3 2985 2885 2884
3 2986 2886 2885
3 2987 2887 2886
3 2988 2888 2887
3 2989 2889 2888
3 2990 2890 2889
3 2991 2891 2890
3 2992 2892 2891
3 2993 2893 2892
3 2994 2894 2893
3 2995 2895 2894
3 2996 2896 2895
3 2997 2897 2896
3 2998 2898 2897
3 3000 2900 2999
3 3001 2901 2900
3 3002 2902 2901
3 3003 2903 2902
3 3004 2904 2903
3 3005 2905 2904
3 3006 2906 2905
3 3007 2907 2906
3 3008 2908 2907
3 3009 2909 2908
3 3010 2910 2909
3 3011 2911 2910
3 3012 2912 2911
3 3013 2913 2912
3 3014 2914 2913
3 3015 2915 2914
3 3016 2916 2915
3 3017 2917 2916
3 3018 2918 2917
3 3019 2919 2918
3 3020 2920 2919
3 3021 2921 2920
3 3022 2922 2921
3 3023 2923 2922
3 3024 2924 2923
3 3025 2925 2924
3 3026 2926 2925
3 3027 2927 2926
3 3028 2928 2927
3 3029 2929 2928
3 3030 2930 2929
3 3031 2931 2930
3 3032 2932 2931
3 3033 2933 2932
3 3034 2934 2933
3 3035 2935 2934
3 3036 2936 2935
3 3037 2937 2936
3 3038 2938 2937
3 3039 2939 2938
3 3040 2940 2939
3 3041 2941 2940
3 3042 2942 2941
3 3043 2943 2942
3 3044 2944 2943
3 3045 2945 2944
3 3046 2946 2945
3 3047 2947 2946
3 3048 2948 2947
3 3049 2949 2948
3 3050 2950 2949
3 3051 2951 2950
3 3052 2952 2951
3 3053 2953 2952
3 3054 2954 2953
3 3055 2955 2954
3 3056 2956 2955
3 3057 2957 2956
3 3058 2958 2957
3 3059 2959 2958
3 3060 2960 2959
3 3061 2961 2960
3 3062 2962 2961
3 3063 2963 2962
3 3064 2964 2963
3 3065 2965 2964
3 3066 2966 2965
3 3067 2967 2966
3 3068 2968 2967
3 3069 2969 2968
3 3070 2970 2969
3 3071 2971 2970
3 3072 2972 2971
3 3073 2973 2972
3 3074 2974 2973
3 3075 2975 2974
3 3076 2976 2975
3 3077 2977 2976
3 3078 2978 2977
3 3079 2979 2978
3 3080 2980 2979
3 3081 2981 2980
3 3082 2982 2981
3 3083 2983 2982
3 3084 2984 2983
3 3085 2985 2984
3 3086 2986 2985
3 3087 2987 2986
3 3088 2988 2987
3 3089 2989 2988
3 3090 2990 2989
3 3091 2991 2990
3 3092 2992 2991
3 3093 2993 2992
3 3094 2994 2993
3 3095 2995 2994
3 3096 2996 2995
3 3097 2997 2996
3 3098 2998 2997
3 3100 3000 3099
3 3101 3001 3000
3 3102 3002 3001
3 3103 3003 3002
3 3104 3004 3003
3 3105 3005 3004
3 3106 3006 3005
3 3107 3007 3006
3 3108 3008 3007
3 3109 3009 3008
3 3110 3010 3009
3 3111 3011 3010
3 3112 3012 3011
3 3113 3013 3012
3 3114 3014 3013
3 3115 3015 3014
3 3116 3016 3015
3 3117 3017 3016
3 3118 3018 3017
3 3119 3019 3018
3 3120 3020 3019
3 3121 3021 3020
3 3122 3022 3021
3 3123 3023 3022
3 3124 3024 3023
3 3125 3025 3024
3 3126 3026 3025
3 3127 3027 3026
3 3128 3028 3027
3 3129 3029 3028
3 3130 3030 3029
3 3131 3031 3030
3 3132 3032 3031
3 3133 3033 3032
3 3134 3034 3033
3 3135 3035 3034
3 3136 3036 3035
3 3137 3037 3036
3 3138 3038 3037
3 3139 3039 3038
3 3140 3040 3039
3 3141 3041 3040
3 3142 3042 3041
3 3143 3043 3042
3 3144 3044 3043
3 3145 3045 3044
3 3146 3046 3045
3 3147 3047 3046
3 3148 3048 3047
3 3149 3049 3048
3 3150 3050 3049
3 3151 3051 3050
3 3152 3052 3051
3 3153 3053 3052
3 3154 3054 3053
3 3155 3055 3054
3 3156 3056 3055
3 3157 3057 3056
3 3158 3058 3057
3 3159 3059 3058
3 3160 3060 3059
3 3161 3061 3060
3 3162 3062 3061
3 3163 3063 3062
3 3164 3064 3063
3 3165 3065 3064
3 3166 3066 3065
3 3167 3067 3066
3 3168 3068 3067
3 3169 3069 3068
3 3170 3070 3069
3 3171 3071 3070
3 3172 3072 3071
3 3173 3073 3072
3 3174 3074 3073
3 3175 3075 3074
3 3176 3076 3075
3 3177 3077 3076
3 3178 3078 3077
3 3179 3079 3078
3 3180 3080 3079
3 3181 3081 3080
3 3182 3082 3081
3 3183 3083 3082
3 3184 3084 3083
3 3185 3085 3084
3 3186 3086 3085
3 3187 3087 3086
3 3188 3088 3087
3 3189 3089 3088
3 3190 3090 3089
3 3191 3091 3090
3 3192 3092 3091
3 3193 3093 3092
3 3194 3094 3093
3 3195 3095 3094
3 3196 3096 3095
3 3197 3097 3096
3 3198 3098 3097
3 3200 3100 3199
3 3201 3101 3100
3 3202 3102 3101
3 3203 3103 3102
3 3204 3104 3103
3 3205 3105 3104
3 3206 3106 3105
3 3207 3107 3106
3 3208 3108 3107
3 3209 3109 3108
3 3210 3110 3109
3 3211 3111 3110
3 3212 3112 3111
3 3213 3113 3112
3 3214 3114 3113
3 3215 3115 3114
3 3216 3116 3115
3 3217 3117 3116
3 3218 3118 3117
3 3219 3119 3118
3 3220 3120 3119
3 3221 3121 3120
3 3222 3122 3121
3 3223 3123 3122
3 3224 3124 3123
3 3225 3125 3124
3 3226 3126 3125
3 3227 3127 3126
3 3228 3128 3127
3 3229 3129 3128
3 3230 3130 3129
3 3231 3131 3130
3 3232 3132 3131
3 3233 3133 3132
3 3234 3134 3133
3 3235 3135 3134
3 3236 3136 3135
3 3237 3137 3136
3 3238 3138 3137
3 3239 3139 3138
3 3240 3140 3139
3 3241 3141 3140
3 3242 3142 3141
3 3243 3143 3142
3 3244 3144 3143
3 3245 3145 3144
3 3246 3146 3145
3 3247 3147 3146
3 3248 3148 3147
3 3249 3149 3148
3 3250 3150 3149
3 3251 3151 3150
3 3252 3152 3151
3 3253 3153 3152
3 3254 3154 3153
3 3255 3155 3154
3 3256 3156 3155
3 3257 3157 3156
3 3258 3158 3157
3 3259 3159 3158
3 3260 3160 3159
3 3261 3161 3160
3 3262 3162 3161
3 3263 3163 3162
3 3264 3164 3163
3 3265 3165 3164
3 3266 3166 3165
3 3267 3167 3166
3 3268 3168 3167
3 3269 3169 3168
3 3270 3170 3169
3 3271 3171 3170
3 3272 3172 3171
3 3273 3173 3172
3 3274 3174 3173
3 3275 3175 3174
3 3276 3176 3175
3 3277 3177 3176
3 3278 3178 3177
3 3279 3179 3178
3 3280 3180 3179
3 3281 3181 3180
3 3282 3182 3181
3 3283 3183 3182
3 3284 3184 3183
3 3285 3185 3184
3 3286 3186 3185
3 3287 3187 3186
3 3288 3188 3187
3 3289 3189 3188
3 3290 3190 3189
3 3291 3191 3190
3 3292 3192 3191
3 3293 3193 3192
3 3294 3194 3193
3 3295 3195 3194
3 3296 3196 3195
3 3297 3197 3196
3 3298 3198 3197
3 3300 3200 3299
3 3301 3201 3200
3 3302 3202 3201
3 3303 3203 3202
3 3304 3204 3203
3 3305 3205 3204
3 3306 3206 3205
3 3307 3207 3206
3 3308 3208 3207
3 3309 3209 3208
3 3310 3210 3209
3 3311 3211 3210
3 3312 3212 3211
3 3313 3213 3212
3 3314 3214 3213
3 3315 3215 3214
3 3316 3216 3215
3 3317 3217 3216
3 3318 3218 3217
3 3319 3219 3218
3 3320 3220 3219
3 3321 3221 3220
3 3322 3222 3221
3 3323 3223 3222
3 3324 3224 3223
3 3325 3225 3224
3 3326 3226 3225
3 3327 3227 3226
3 3328 3228 3227
3 3329 3229 3228
3 3330 3230 3229
3 3331 3231 3230
3 3332 3232 3231
3 3333 3233 3232
3 3334 3234 3233
3 3335 3235 3234
3 3336 3236 3235
3 3337 3237 3236
3 3338 3238 3237
3 3339 3239 3238
3 3340 3240 3239
3 3341 3241 3240
3 3342 3242 3241
3 3343 3243 3242
3 3344 3244 3243
3 3345 3245 3244
3 3346 3246 3245
3 3347 3247 3246
3 3348 3248 3247
3 3349 3249 3248
3 3350 3250 3249
3 3351 3251 3250
3 3352 3252 3251
3 3353 3253 3252
3 3354 3254 3253
3 3355 3255 3254
3 3356 3256 3255
3 3357 3257 3256
3 3358 3258 3257
3 3359 3259 3258
3 3360 3260 3259
3 3361 3261 3260
3 3362 3262 3261
3 3363 3263 3262
3 3364 3264 3263
3 3365 3265 3264
3 3366 3266 3265
3 3367 3267 3266
3 3368 3268 3267
3 3369 3269 3268
3 3370 3270 3269
3 3371 3271 3270
3 3372 3272 3271
3 3373 3273 3272
3 3374 3274 3273
3 3375 3275 3274
3 3376 3276 3275
3 3377 3277 3276
3 3378 3278 3277
3 3379 3279 3278
3 3380 3280 3279
3 3381 3281 3280
3 3382 3282 3281
3 3383 3283 3282
3 3384 3284 3283
3 3385 3285 3284
3 3386 3286 3285
3 3387 3287 3286
3 3388 3288 3287
3 3389 3289 3288
3 3390 3290 3289
3 3391 3291 3290
3 3392 3292 3291
3 3393 3293 3292
3 3394 3294 3293
3 3395 3295 3294
3 3396 3296 3295
3 3397 3297 3296
3 3398 3298 3297
3 3400 3300 3399
3 3401 3301 3300
3 3402 3302 3301
3 3403 3303 3302
3 3404 3304 3303
3 3405 3305 3304
3 3406 3306 3305
3 3407 3307 3306
3 3408 3308 3307
3 3409 3309 3308
3 3410 3310 3309
3 3411 3311 3310
3 3412 3312 3311
3 3413 3313 3312
3 3414 3314 3313
3 3415 3315 3314
3 3416 3316 3315
3 3417 3317 3316
3 3418 3318 3317
3 3419 3319 3318
3 3420 3320 3319
3 3421 3321 3320
3 3422 3322 3321
3 3423 3323 3322
3 3424 3324 3323
3 3425 3325 3324
3 3426 3326 3325
3 3427 3327 3326
3 3428 3328 3327
3 3429 3329 3328
3 3430 3330 3329
3 3431 3331 3330
3 3432 3332 3331
3 3433 3333 3332
3 3434 3334 3333
3 3435 3335 3334
3 3436 3336 3335
3 3437 3337 3336
3 3438 3338 3337
3 3439 3339 3338
3 3440 3340 3339
3 3441 3341 3340
3 3442 3342 3341
3 3443 3343 3342
3 3444 3344 3343
3 3445 3345 3344
3 3446 3346 3345
3 3447 3347 3346
3 3448 3348 3347
3 3449 3349 3348
3 3450 3350 3349
3 3451 3351 3350
3 3452 3352 3351
3 3453 3353 3352
3 3454 3354 3353
3 3455 3355 3354
3 3456 3356 3355
3 3457 3357 3356
3 3458 3358 3357
3 3459 3359 3358
3 3460 3360 3359
3 3461 3361 3360
3 3462 3362 3361
3 3463 3363 3362
3 3464 3364 3363
3 3465 3365 3364
3 3466 3366 3365
3 3467 3367 3366
3 3468 3368 3367
3 3469 3369 3368
3 3470 3370 3369
3 3471 3371 3370
3 3472 3372 3371
3 3473 3373 3372
3 3474 3374 3373
3 3475 3375 3374
3 3476 3376 3375
3 3477 3377 3376
3 3478 3378 3377
3 3479 3379 3378
3 3480 3380 3379
3 3481 3381 3380
3 3482 3382 3381
3 3483 3383 3382
3 3484 3384 3383
3 3485 3385 3384
3 3486 3386 3385
3 3487 3387 3386
3 3488 3388 3387
3 3489 3389 3388
3 3490 3390 3389
3 3491 3391 3390
3 3492 3392 3391
3 3493 3393 3392
3 3494 3394 3393
3 3495 3395 3394
3 3496 3396 3395
3 3497 3397 3396
3 3498 3398 3397
3 3500 3400 3499
3 3501 3401 3400
3 3502 3402 3401
3 3503 3403 3402
3 3504 3404 3403
3 3505 3405 3404
3 3506 3406 3405
3 3507 3407 3406
3 3508 3408 3407
3 3509 3409 3408
3 3510 3410 3409
3 3511 3411 3410
3 3512 3412 3411
3 3513 3413 3412
3 3514 3414 3413
3 3515 3415 3414
3 3516 3416 3415
3 3517 3417 3416
3 3518 3418 3417
3 3519 3419 3418
3 3520 3420 3419
3 3521 3421 3420
3 3522 3422 3421
3 3523 3423 3422
3 3524 3424 3423
3 3525 3425 3424
3 3526 3426 3425
3 3527 3427 3426
3 3528 3428 3427
3 3529 3429 3428
3 3530 3430 3429
3 3531 3431 3430
3 3532 3432 3431
3 3533 3433 3432
3 3534 3434 3433
3 3535 3435 3434
3 3536 3436 3435
3 3537 3437 3436
3 3538 3438 3437
3 3539 3439 3438
3 3540 3440 3439
3 3541 3441 3440
3 3542 3442 3441
3 3543 3443 3442
3 3544 3444 3443
3 3545 3445 3444
3 3546 3446 3445
3 3547 3447 3446
3 3548 3448 3447
3 3549 3449 3448
3 3550 3450 3449
3 3551 3451 3450
3 3552 3452 3451
3 3553 3453 3452
3 3554 3454 3453
3 3555 3455 3454
3 3556 3456 3455
3 3557 3457 3456
3 3558 3458 3457
3 3559 3459 3458
3 3560 3460 3459
3 3561 3461 3460
3 3562 3462 3461
3 3563 3463 3462
3 3564 3464 3463
3 3565 3465 3464
3 3566 3466 3465
3 3567 3467 3466
3 3568 3468 3467
3 3569 3469 3468
3 3570 3470 3469
3 3571 3471 3470
3 3572 3472 3471
3 3573 3473 3472
3 3574 3474 3473
3 3575 3475 3474
3 3576 3476 3475
3 3577 3477 3476
3 3578 3478 3477
3 3579 3479 3478
3 3580 3480 3479
3 3581 3481 3480
3 3582 3482 3481
3 3583 3483 3482
3 3584 3484 3483
3 3585 3485 3484
3 3586 3486 3485
3 3587 3487 3486
3 3588 3488 3487
3 3589 3489 3488
3 3590 3490 3489
3 3591 3491 3490
3 3592 3492 3491
3 3593 3493 3492
3 3594 3494 3493
3 3595 3495 3494
3 3596 3496 3495
3 3597 3497 3496
3 3598 3498 3497
3 3600 3500 3599
3 3601 3501 3500
3 3602 3502 3501
3 3603 3503 3502
3 3604 3504 3503
3 3605 3505 3504
3 3606 3506 3505
3 3607 3507 3506
3 3608 3508 3507
3 3609 3509 3508
3 3610 3510 3509
3 3611 3511 3510
3 3612 3512 3511
3 3613 3513 3512
3 3614 3514 3513
3 3615 3515 3514
3 3616 3516 3515
3 3617 3517 3516
3 3618 3518 3517
3 3619 3519 3518
3 3620 3520 3519
3 3621 3521 3520
3 3622 3522 3521
3 3623 3523 3522
3 3624 3524 3523
3 3625 3525 3524
3 3626 3526 3525
3 3627 3527 3526
3 3628 3528 3527
3 3629 3529 3528
3 3630 3530 3529
3 3631 3531 3530
3 3632 3532 3531
3 3633 3533 3532
3 3634 3534 3533
3 3635 3535 3534
3 3636 3536 3535
3 3637 3537 3536
3 3638 3538 3537
3 3639 3539 3538
3 3640 3540 3539
3 3641 3541 3540
3 3642 3542 3541
3 3643 3543 3542
3 3644 3544 3543
3 3645 3545 3544
3 3646 3546 3545
3 3647 3547 3546
3 3648 3548 3547
3 3649 3549 3548
3 3650 3550 3549
3 3651 3551 3550
3 3652 3552 3551
3 3653 3553 3552
3 3654 3554 3553
3 3655 3555 3554
3 3656 3556 3555
3 3657 3557 3556
3 3658 3558 3557
3 3659 3559 3558
3 3660 3560 3559
3 3661 3561 3560
3 3662 3562 3561
3 3663 3563 3562
3 3664 3564 3563
3 3665 3565 3564
3 3666 3566 3565
3 3667 3567 3566
3 3668 3568 3567
3 3669 3569 3568
3 3670 3570 3569
3 3671 3571 3570
3 3672 3572 3571
3 3673 3573 3572
3 3674 3574 3573
3 3675 3575 3574
3 3676 3576 3575
3 3677 3577 3576
3 3678 3578 3577
3 3679 3579 3578
3 3680 3580 3579
3 3681 3581 3580
3 3682 3582 3581
3 3683 3583 3582
3 3684 3584 3583
3 3685 3585 3584
3 3686 3586 3585
3 3687 3587 3586
3 3688 3588 3587
3 3689 3589 3588
3 3690 3590 3589
3 3691 3591 3590
3 3692 3592 3591
3 3693 3593 3592
3 3694 3594 3593
3 3695 3595 3594
3 3696 3596 3595
3 3697 3597 3596
3 3698 3598 3597
3 3700 3600 3699
3 3701 3601 3600
3 3702 3602 3601
3 3703 3603 3602
3 3704 3604 3603
3 3705 3605 3604
3 3706 3606 3605
3 3707 3607 3606
3 3708 3608 3607
3 3709 3609 3608
3 3710 3610 3609
3 3711 3611 3610
3 3712 3612 3611
3 3713 3613 3612
3 3714 3614 3613
3 3715 3615 3614
3 3716 3616 3615
3 3717 3617 3616
3 3718 3618 3617
3 3719 3619 3618
3 3720 3620 3619
3 3721 3621 3620
3 3722 3622 3621
3 3723 3623 3622
3 3724 3624 3623
3 3725 3625 3624
3 3726 3626 3625
3 3727 3627 3626
3 3728 3628 3627
3 3729 3629 3628
3 3730 3630 3629
3 3731 3631 3630
3 3732 3632 3631
3 3733 3633 3632
3 3734 3634 3633
3 3735 3635 3634
3 3736 3636 3635
3 3737 3637 3636
3 3738 3638 3637
3 3739 3639 3638
3 3740 3640 3639
3 3741 3641 3640
3 3742 3642 3641
3 3743 3643 3642
3 3744 3644 3643
3 3745 3645 3644
3 3746 3646 3645
3 3747 3647 3646
3 3748 3648 3647
3 3749 3649 3648
3 3750 3650 3649
3 3751 3651 3650
3 3752 3652 3651
3 3753 3653 3652
3 3754 3654 3653
3 3755 3655 3654
3 3756 3656 3655
3 3757 3657 3656
3 3758 3658 3657
3 3759 3659 3658
3 3760 3660 3659
3 3761 3661 3660
3 3762 3662 3661
3 3763 3663 3662
3 3764 3664 3663
3 3765 3665 3664
3 3766 3666 3665
3 3767 3667 3666
3 3768 3668 3667
3 3769 3669 3668
3 3770 3670 3669
3 3771 3671 3670
3 3772 3672 3671
3 3773 3673 3672
3 3774 3674 3673
3 3775 3675 3674
3 3776 3676 3675
3 3777 3677 3676
3 3778 3678 3677
3 3779 3679 3678
3 3780 3680 3679
3 3781 3681 3680
3 3782 3682 3681
3 3783 3683 3682
3 3784 3684 3683
3 3785 3685 3684
3 3786 3686 3685
3 3787 3687 3686
3 3788 3688 3687
3 3789 3689 3688
3 3790 3690 3689
3 3791 3691 3690
3 3792 3692 3691
3 3793 3693 3692
3 3794 3694 3693
3 3795 3695 3694
3 3796 3696 3695
3 3797 3697 3696
3 3798 3698 3697
3 3800 3700 3799
3 3801 3701 3700
3 3802 3702 3701
3 3803 3703 3702
3 3804 3704 3703
3 3805 3705 3704
3 3806 3706 3705
3 3807 3707 3706
3 3808 3708 3707
3 3809 3709 3708
3 3810 3710 3709
3 3811 3711 3710
3 3812 3712 3711
3 3813 3713 3712
3 3814 3714 3713
3 3815 3715 3714
3 3816 3716 3715
3 3817 3717 3716
3 3818 3718 3717
3 3819 3719 3718
3 3820 3720 3719
3 3821 3721 3720
3 3822 3722 3721
3 3823 3723 3722
3 3824 3724 3723
3 3825 3725 3724
3 3826 3726 3725
3 3827 3727 3726
3 3828 3728 3727
3 3829 3729 3728
3 3830 3730 3729
3 3831 3731 3730
3 3832 3732 3731
3 3833 3733 3732
3 3834 3734 3733
3 3835 3735 3734
3 3836 3736 3735
3 3837 3737 3736
3 3838 3738 3737
3 3839 3739 3738
3 3840 3740 3739
3 3841 3741 3740
3 3842 3742 3741
3 3843 3743 3742
3 3844 3744 3743
3 3845 3745 3744
3 3846 3746 3745
3 3847 3747 3746
3 3848 3748 3747
3 3849 3749 3748
3 3850 3750 3749
3 3851 3751 3750
3 3852 3752 3751
3 3853 3753 3752
3 3854 3754 3753
3 3855 3755 3754
3 3856 3756 3755
3 3857 3757 3756
3 3858 3758 3757
3 3859 3759 3758
3 3860 3760 3759
3 3861 3761 3760
3 3862 3762 3761
3 3863 3763 3762
3 3864 3764 3763
3 3865 3765 3764
3 3866 3766 3765
3 3867 3767 3766
3 3868 3768 3767
3 3869 3769 3768
3 3870 3770 3769
3 3871 3771 3770
3 3872 3772 3771
3 3873 3773 3772
3 3874 3774 3773
3 3875 3775 3774
3 3876 3776 3775
3 3877 3777 3776
3 3878 3778 3777
3 3879 3779 3778
3 3880 3780 3779
3 3881 3781 3780
3 3882 3782 3781
3 3883 3783 3782
3 3884 3784 3783
3 3885 3785 3784
3 3886 3786 3785
3 3887 3787 3786
3 3888 3788 3787
3 3889 3789 3788
3 3890 3790 3789
3 3891 3791 3790
3 3892 3792 3791
3 3893 3793 3792
3 3894 3794 3793
3 3895 3795 3794
3 3896 3796 3795
3 3897 3797 3796
3 3898 3798 3797
3 3900 3800 3899
3 3901 3801 3800
3 3902 3802 3801
3 3903 3803 3802
3 3904 3804 3803
3 3905 3805 3804
3 3906 3806 3805
3 3907 3807 3806
3 3908 3808 3807
3 3909 3809 3808
3 3910 3810 3809
3 3911 3811 3810
3 3912 3812 3811
3 3913 3813 3812
3 3914 3814 3813
3 3915 3815 3814
3 3916 3816 3815
3 3917 3817 3816
3 3918 3818 3817
3 3919 3819 3818
3 3920 3820 3819
3 3921 3821 3820
3 3922 3822 3821
3 3923 3823 3822
3 3924 3824 3823
3 3925 3825 3824
3 3926 3826 3825
3 3927 3827 3826
3 3928 3828 3827
3 3929 3829 3828
3 3930 3830 3829
3 3931 3831 3830
3 3932 3832 3831
3 3933 3833 3832
3 3934 3834 3833
3 3935 3835 3834
3 3936 3836 3835
3 3937 3837 3836
3 3938 3838 3837
3 3939 3839 3838
3 3940 3840 3839
3 3941 3841 3840
3 3942 3842 3841
3 3943 3843 3842
3 3944 3844 3843
3 3945 3845 3844
3 3946 3846 3845
3 3947 3847 3846
3 3948 3848 3847
3 3949 3849 3848
3 3950 3850 3849
3 3951 3851 3850
3 3952 3852 3851
3 3953 3853 3852
3 3954 3854 3853
3 3955 3855 3854
3 3956 3856 3855
3 3957 3857 3856
3 3958 3858 3857
3 3959 3859 3858
3 3960 3860 3859
3 3961 3861 3860
3 3962 3862 3861
3 3963 3863 3862
3 3964 3864 3863
3 3965 3865 3864
3 3966 3866 3865
3 3967 3867 3866
3 3968 3868 3867
3 3969 3869 3868
3 3970 3870 3869
3 3971 3871 3870
3 3972 3872 3871
3 3973 3873 3872
3 3974 3874 3873
3 3975 3875 3874
3 3976 3876 3875
3 3977 3877 3876
3 3978 3878 3877
3 3979 3879 3878
3 3980 3880 3879
3 3981 3881 3880
3 3982 3882 3881
3 3983 3883 3882
3 3984 3884 3883
3 3985 3885 3884
3 3986 3886 3885
3 3987 3887 3886
3 3988 3888 3887
3 3989 3889 3888
3 3990 3890 3889
3 3991 3891 3890
3 3992 3892 3891
3 3993 3893 3892
3 3994 3894 3893
3 3995 3895 3894
3 3996 3896 3895
3 3997 3897 3896
3 3998 3898 3897
3 4000 3900 3999
3 4001 3901 3900
3 4002 3902 3901
3 4003 3903 3902
3 4004 3904 3903
3 4005 3905 3904
3 4006 3906 3905
3 4007 3907 3906
3 4008 3908 3907
3 4009 3909 3908
3 4010 3910 3909
3 4011 3911 3910
3 4012 3912 3911
3 4013 3913 3912
3 4014 3914 3913
3 4015 3915 3914
3 4016 3916 3915
3 4017 3917 3916
3 4018 3918 3917
3 4019 3919 3918
3 4020 3920 3919
3 4021 3921 3920
3 4022 3922 3921
3 4023 3923 3922
3 4024 3924 3923
3 4025 3925 3924
3 4026 3926 3925
3 4027 3927 3926
3 4028 3928 3927
3 4029 3929 3928
3 4030 3930 3929
3 4031 3931 3930
3 4032 3932 3931
3 4033 3933 3932
3 4034 3934 3933
3 4035 3935 3934
3 4036 3936 3935
3 4037 3937 3936
3 4038 3938 3937
3 4039 3939 3938
3 4040 3940 3939
3 4041 3941 3940
3 4042 3942 3941
3 4043 3943 3942
3 4044 3944 3943
3 4045 3945 3944
3 4046 3946 3945
3 4047 3947 3946
3 4048 3948 3947
3 4049 3949 3948
3 4050 3950 3949
3 4051 3951 3950
3 4052 3952 3951
3 4053 3953 3952
3 4054 3954 3953
3 4055 3955 3954
3 4056 3956 3955
3 4057 3957 3956
3 4058 3958 3957
3 4059 3959 3958
3 4060 3960 3959
3 4061 3961 3960
3 4062 3962 3961
3 4063 3963 3962
3 4064 3964 3963
3 4065 3965 3964
3 4066 3966 3965
3 4067 3967 3966
3 4068 3968 3967
3 4069 3969 3968
3 4070 3970 3969
3 4071 3971 3970
3 4072 3972 3971
3 4073 3973 3972
3 4074 3974 3973
3 4075 3975 3974
3 4076 3976 3975
3 4077 3977 3976
3 4078 3978 3977
3 4079 3979 3978
3 4080 3980 3979
3 4081 3981 3980
3 4082 3982 3981
3 4083 3983 3982
3 4084 3984 3983
3 4085 3985 3984
3 4086 3986 3985
3 4087 3987 3986
3 4088 3988 3987
3 4089 3989 3988
3 4090 3990 3989
3 4091 3991 3990
3 4092 3992 3991
3 4093 3993 3992
3 4094 3994 3993
3 4095 3995 3994
3 4096 3996 3995
3 4097 3997 3996
3 4098 3998 3997
3 4100 4000 4099
3 4101 4001 4000
3 4102 4002 4001
3 4103 4003 4002
3 4104 4004 4003
3 4105 4005 4004
3 4106 4006 4005
3 4107 4007 4006
3 4108 4008 4007
3 4109 4009 4008
3 4110 4010 4009
3 4111 4011 4010
3 4112 4012 4011
3 4113 4013 4012
3 4114 4014 4013
3 4115 4015 4014
3 4116 4016 4015
3 4117 4017 4016
3 4118 4018 4017
3 4119 4019 4018
3 4120 4020 4019
3 4121 4021 4020
3 4122 4022 4021
3 4123 4023 4022
3 4124 4024 4023
3 4125 4025 4024
3 4126 4026 4025
3 4127 4027 4026
3 4128 4028 4027
3 4129 4029 4028
3 4130 4030 4029
3 4131 4031 4030
3 4132 4032 4031
3 4133 4033 4032
3 4134 4034 4033
3 4135 4035 4034
3 4136 4036 4035
3 4137 4037 4036
3 4138 4038 4037
3 4139 4039 4038
3 4140 4040 4039
3 4141 4041 4040
3 4142 4042 4041
3 4143 4043 4042
3 4144 4044 4043
3 4145 4045 4044
3 4146 4046 4045
3 4147 4047 4046
3 4148 4048 4047
3 4149 4049 4048
3 4150 4050 4049
3 4151 4051 4050
3 4152 4052 4051
3 4153 4053 4052
3 4154 4054 4053
3 4155 4055 4054
3 4156 4056 4055
3 4157 4057 4056
3 4158 4058 4057
3 4159 4059 4058
3 4160 4060 4059
3 4161 4061 4060
3 4162 4062 4061
3 4163 4063 4062
3 4164 4064 4063
3 4165 4065 4064
3 4166 4066 4065
3 4167 4067 4066
3 4168 4068 4067
3 4169 4069 4068
3 4170 4070 4069
3 4171 4071 4070
3 4172 4072 4071
3 4173 4073 4072
3 4174 4074 4073
3 4175 4075 4074
3 4176 4076 4075
3 4177 4077 4076
3 4178 4078 4077
3 4179 4079 4078
3 4180 4080 4079
3 4181 4081 4080
3 4182 4082 4081
3 4183 4083 4082
3 4184 4084 4083
3 4185 4085 4084
3 4186 4086 4085
3 4187 4087 4086
3 4188 4088 4087
3 4189 4089 4088
3 4190 4090 4089
3 4191 4091 4090
3 4192 4092 4091
3 4193 4093 4092
3 4194 4094 4093
3 4195 4095 4094
3 4196 4096 4095
3 4197 4097 4096
3 4198 4098 4097
3 4200 4100 4199
3 4201 4101 4100
3 4202 4102 4101
3 4203 4103 4102
3 4204 4104 4103
3 4205 4105 4104
3 4206 4106 4105
3 4207 4107 4106
3 4208 4108 4107
3 4209 4109 4108
3 4210 4110 4109
3 4211 4111 4110
3 4212 4112 4111
3 4213 4113 4112
3 4214 4114 4113
3 4215 4115 4114
3 4216 4116 4115
3 4217 4117 4116
3 4218 4118 4117
3 4219 4119 4118
3 4220 4120 4119
3 4221 4121 4120
3 4222 4122 4121
3 4223 4123 4122
3 4224 4124 4123
3 4225 4125 4124
3 4226 4126 4125
3 4227 4127 4126
3 4228 4128 4127
3 4229 4129 4128
3 4230 4130 4129
3 4231 4131 4130
3 4232 4132 4131
3 4233 4133 4132
3 4234 4134 4133
3 4235 4135 4134
3 4236 4136 4135
3 4237 4137 4136
3 4238 4138 4137
3 4239 4139 4138
3 4240 4140 4139
3 4241 4141 4140
3 4242 4142 4141
3 4243 4143 4142
3 4244 4144 4143
3 4245 4145 4144
3 4246 4146 4145
3 4247 4147 4146
3 4248 4148 4147
3 4249 4149 4148
3 4250 4150 4149
3 4251 4151 4150
3 4252 4152 4151
3 4253 4153 4152
3 4254 4154 4153
3 4255 4155 4154
3 4256 4156 4155
3 4257 4157 4156
3 4258 4158 4157
3 4259 4159 4158
3 4260 4160 4159
3 4261 4161 4160
3 4262 4162 4161
3 4263 4163 4162
3 4264 4164 4163
3 4265 4165 4164
3 4266 4166 4165
3 4267 4167 4166
3 4268 4168 4167
3 4269 4169 4168
3 4270 4170 4169
3 4271 4171 4170
3 4272 4172 4171
3 4273 4173 4172
3 4274 4174 4173
3 4275 4175 4174
3 4276 4176 4175
3 4277 4177 4176
3 4278 4178 4177
3 4279 4179 4178
3 4280 4180 4179
3 4281 4181 4180
3 4282 4182 4181
3 4283 4183 4182
3 4284 4184 4183
3 4285 4185 4184
3 4286 4186 4185
3 4287 4187 4186
3 4288 4188 4187
3 4289 4189 4188
3 4290 4190 4189
3 4291 4191 4190
3 4292 4192 4191
3 4293 4193 4192
3 4294 4194 4193
3 4295 4195 4194
3 4296 4196 4195
3 4297 4197 4196
3 4298 4198 4197
3 4300 4200 4299
3 4301 4201 4200
3 4302 4202 4201
3 4303 4203 4202
3 4304 4204 4203
3 4305 4205 4204
3 4306 4206 4205
3 4307 4207 4206
3 4308 4208 4207
3 4309 4209 4208
3 4310 4210 4209
3 4311 4211 4210
3 4312 4212 4211
3 4313 4213 4212
3 4314 4214 4213
3 4315 4215 4214
3 4316 4216 4215
3 4317 4217 4216
3 4318 4218 4217
3 4319 4219 4218
3 4320 4220 4219
3 4321 4221 4220
3 4322 4222 4221
3 4323 4223 4222
3 4324 4224 4223
3 4325 4225 4224
3 4326 4226 4225
3 4327 4227 4226
3 4328 4228 4227
3 4329 4229 4228
3 4330 4230 4229
3 4331 4231 4230
3 4332 4232 4231
3 4333 4233 4232
3 4334 4234 4233
3 4335 4235 4234
3 4336 4236 4235
3 4337 4237 4236
3 4338 4238 4237
3 4339 4239 4238
3 4340 4240 4239
3 4341 4241 4240
3 4342 4242 4241
3 4343 4243 4242
3 4344 4244 4243
3 4345 4245 4244
3 4346 4246 4245
3 4347 4247 4246
3 4348 4248 4247
3 4349 4249 4248
3 4350 4250 4249
3 4351 4251 4250
3 4352 4252 4251
3 4353 4253 4252
3 4354 4254 4253
3 4355 4255 4254
3 4356 4256 4255
3 4357 4257 4256
3 4358 4258 4257
3 4359 4259 4258
3 4360 4260 4259
3 4361 4261 4260
3 4362 4262 4261
3 4363 4263 4262
3 4364 4264 4263
3 4365 4265 4264
3 4366 4266 4265
3 4367 4267 4266
3 4368 4268 4267
3 4369 4269 4268
3 4370 4270 4269
3 4371 4271 4270
3 4372 4272 4271
3 4373 4273 4272
3 4374 4274 4273
3 4375 4275 4274
3 4376 4276 4275
3 4377 4277 4276
3 4378 4278 4277
3 4379 4279 4278
3 4380 4280 4279
3 4381 4281 4280
3 4382 4282 4281
3 4383 4283 4282
3 4384 4284 4283
3 4385 4285 4284
3 4386 4286 4285
3 4387 4287 4286
3 4388 4288 4287
3 4389 4289 4288
3 4390 4290 4289
3 4391 4291 4290
3 4392 4292 4291
3 4393 4293 4292
3 4394 4294 4293
3 4395 4295 4294
3 4396 4296 4295
3 4397 4297 4296
3 4398 4298 4297
3 4400 4300 4399
3 4401 4301 4300
3 4402 4302 4301
3 4403 4303 4302
3 4404 4304 4303
3 4405 4305 4304
3 4406 4306 4305
3 4407 4307 4306
3 4408 4308 4307
3 4409 4309 4308
3 4410 4310 4309
3 4411 4311 4310
3 4412 4312 4311
3 4413 4313 4312
3 4414 4314 4313
3 4415 4315 4314
3 4416 4316 4315
3 4417 4317 4316
3 4418 4318 4317
3 4419 4319 4318
3 4420 4320 4319
3 4421 4321 4320
3 4422 4322 4321
3 4423 4323 4322
3 4424 4324 4323
3 4425 4325 4324
3 4426 4326 4325
3 4427 4327 4326
3 4428 4328 4327
3 4429 4329 4328
3 4430 4330 4329
3 4431 4331 4330
3 4432 4332 4331
3 4433 4333 4332
3 4434 4334 4333
3 4435 4335 4334
3 4436 4336 4335
3 4437 4337 4336
3 4438 4338 4337
3 4439 4339 4338
3 4440 4340 4339
3 4441 4341 4340
3 4442 4342 4341
3 4443 4343 4342
3 4444 4344 4343
3 4445 4345 4344
3 4446 4346 4345
3 4447 4347 4346
3 4448 4348 4347
3 4449 4349 4348
3 4450 4350 4349
3 4451 4351 4350
3 4452 4352 4351
3 4453 4353 4352
3 4454 4354 4353
3 4455 4355 4354
3 4456 4356 4355
3 4457 4357 4356
3 4458 4358 4357
3 4459 4359 4358
3 4460 4360 4359
3 4461 4361 4360
3 4462 4362 4361
3 4463 4363 4362
3 4464 4364 4363
3 4465 4365 4364
3 4466 4366 4365
3 4467 4367 4366
3 4468 4368 4367
3 4469 4369 4368
3 4470 4370 4369
3 4471 4371 4370
3 4472 4372 4371
3 4473 4373 4372
3 4474 4374 4373
3 4475 4375 4374
3 4476 4376 4375
3 4477 4377 4376
3 4478 4378 4377
3 4479 4379 4378
3 4480 4380 4379
3 4481 4381 4380
3 4482 4382 4381
3 4483 4383 4382
3 4484 4384 4383
3 4485 4385 4384
3 4486 4386 4385
3 4487 4387 4386
3 4488 4388 4387
3 4489 4389 4388
3 4490 4390 4389
3 4491 4391 4390
3 4492 4392 4391
3 4493 4393 4392
3 4494 4394 4393
3 4495 4395 4394
3 4496 4396 4395
3 4497 4397 4396
3 4498 4398 4397
3 4500 4400 4499
3 4501 4401 4400
3 4502 4402 4401
3 4503 4403 4402
3 4504 4404 4403
3 4505 4405 4404
3 4506 4406 4405
3 4507 4407 4406
3 4508 4408 4407
3 4509 4409 4408
3 4510 4410 4409
3 4511 4411 4410
3 4512 4412 4411
3 4513 4413 4412
3 4514 4414 4413
3 4515 4415 4414
3 4516 4416 4415
3 4517 4417 4416
3 4518 4418 4417
3 4519 4419 4418
3 4520 4420 4419
3 4521 4421 4420
3 4522 4422 4421
3 4523 4423 4422
3 4524 4424 4423
3 4525 4425 4424
3 4526 4426 4425
3 4527 4427 4426
3 4528 4428 4427
3 4529 4429 4428
3 4530 4430 4429
3 4531 4431 4430
3 4532 4432 4431
3 4533 4433 4432
3 4534 4434 4433
3 4535 4435 4434
3 4536 4436 4435
3 4537 4437 4436
3 4538 4438 4437
3 4539 4439 4438
3 4540 4440 4439
3 4541 4441 4440
3 4542 4442 4441
3 4543 4443 4442
3 4544 4444 4443
3 4545 4445 4444
3 4546 4446 4445
3 4547 4447 4446
3 4548 4448 4447
3 4549 4449 4448
3 4550 4450 4449
3 4551 4451 4450
3 4552 4452 4451
3 4553 4453 4452
3 4554 4454 4453
3 4555 4455 4454
3 4556 4456 4455
3 4557 4457 4456
3 4558 4458 4457
3 4559 4459 4458
3 4560 4460 4459
3 4561 4461 4460
3 4562 4462 4461
3 4563 4463 4462
3 4564 4464 4463
3 4565 4465 4464
3 4566 4466 4465
3 4567 4467 4466
3 4568 4468 4467
3 4569 4469 4468
3 4570 4470 4469
3 4571 4471 4470
3 4572 4472 4471
3 4573 4473 4472
3 4574 4474 4473
3 4575 4475 4474
3 4576 4476 4475
3 4577 4477 4476
3 4578 4478 4477
3 4579 4479 4478
3 4580 4480 4479
3 4581 4481 4480
3 4582 4482 4481
3 4583 4483 4482
3 4584 4484 4483
3 4585 4485 4484
3 4586 4486 4485
3 4587 4487 4486
3 4588 4488 4487
3 4589 4489 4488
3 4590 4490 4489
3 4591 4491 4490
3 4592 4492 4491
3 4593 4493 4492
3 4594 4494 4493
3 4595 4495 4494
3 4596 4496 4495
3 4597 4497 4496
3 4598 4498 4497
3 4600 4500 4599
3 4601 4501 4500
3 4602 4502 4501
3 4603 4503 4502
3 4604 4504 4503
3 4605 4505 4504
3 4606 4506 4505
3 4607 4507 4506
3 4608 4508 4507
3 4609 4509 4508
3 4610 4510 4509
3 4611 4511 4510
3 4612 4512 4511
3 4613 4513 4512
3 4614 4514 4513
3 4615 4515 4514
3 4616 4516 4515
3 4617 4517 4516
3 4618 4518 4517
3 4619 4519 4518
3 4620 4520 4519
3 4621 4521 4520
3 4622 4522 4521
3 4623 4523 4522
3 4624 4524 4523
3 4625 4525 4524
3 4626 4526 4525
3 4627 4527 4526
3 4628 4528 4527
3 4629 4529 4528
3 4630 4530 4529
3 4631 4531 4530
3 4632 4532 4531
3 4633 4533 4532
3 4634 4534 4533
3 4635 4535 4534
3 4636 4536 4535
3 4637 4537 4536
3 4638 4538 4537
3 4639 4539 4538
3 4640 4540 4539
3 4641 4541 4540
3 4642 4542 4541
3 4643 4543 4542
3 4644 4544 4543
3 4645 4545 4544
3 4646 4546 4545
3 4647 4547 4546
3 4648 4548 4547
3 4649 4549 4548
3 4650 4550 4549
3 4651 4551 4550
3 4652 4552 4551
3 4653 4553 4552
3 4654 4554 4553
3 4655 4555 4554
3 4656 4556 4555
3 4657 4557 4556
3 4658 4558 4557
3 4659 4559 4558
3 4660 4560 4559
3 4661 4561 4560
3 4662 4562 4561
3 4663 4563 4562
3 4664 4564 4563
3 4665 4565 4564
3 4666 4566 4565
3 4667 4567 4566
3 4668 4568 4567
3 4669 4569 4568
3 4670 4570 4569
3 4671 4571 4570
3 4672 4572 4571
3 4673 4573 4572
3 4674 4574 4573
3 4675 4575 4574
3 4676 4576 4575
3 4677 4577 4576
3 4678 4578 4577
3 4679 4579 4578
3 4680 4580 4579
3 4681 4581 4580
3 4682 4582 4581
3 4683 4583 4582
3 4684 4584 4583
3 4685 4585 4584
3 4686 4586 4585
3 4687 4587 4586
3 4688 4588 4587
3 4689 4589 4588
3 4690 4590 4589
3 4691 4591 4590
3 4692 4592 4591
3 4693 4593 4592
3 4694 4594 4593
3 4695 4595 4594
3 4696 4596 4595
3 4697 4597 4596
3 4698 4598 4597
3 4700 4600 4699
3 4701 4601 4600
3 4702 4602 4601
3 4703 4603 4602
3 4704 4604 4603
3 4705 4605 4604
3 4706 4606 4605
3 4707 4607 4606
3 4708 4608 4607
3 4709 4609 4608
3 4710 4610 4609
3 4711 4611 4610
3 4712 4612 4611
3 4713 4613 4612
3 4714 4614 4613
3 4715 4615 4614
3 4716 4616 4615
3 4717 4617 4616
3 4718 4618 4617
3 4719 4619 4618
3 4720 4620 4619
3 4721 4621 4620
3 4722 4622 4621
3 4723 4623 4622
3 4724 4624 4623
3 4725 4625 4624
3 4726 4626 4625
3 4727 4627 4626
3 4728 4628 4627
3 4729 4629 4628
3 4730 4630 4629
3 4731 4631 4630
3 4732 4632 4631
3 4733 4633 4632
3 4734 4634 4633
3 4735 4635 4634
3 4736 4636 4635
3 4737 4637 4636
3 4738 4638 4637
3 4739 4639 4638
3 4740 4640 4639
3 4741 4641 4640
3 4742 4642 4641
3 4743 4643 4642
3 4744 4644 4643
3 4745 4645 4644
3 4746 4646 4645
3 4747 4647 4646
3 4748 4648 4647
3 4749 4649 4648
3 4750 4650 4649
3 4751 4651 4650
3 4752 4652 4651
3 4753 4653 4652
3 4754 4654 4653
3 4755 4655 4654
3 4756 4656 4655
3 4757 4657 4656
3 4758 4658 4657
3 4759 4659 4658
3 4760 4660 4659
3 4761 4661 4660
3 4762 4662 4661
3 4763 4663 4662
3 4764 4664 4663
3 4765 4665 4664
3 4766 4666 4665
3 4767 4667 4666
3 4768 4668 4667
3 4769 4669 4668
3 4770 4670 4669
3 4771 4671 4670
3 4772 4672 4671
3 4773 4673 4672
3 4774 4674 4673
3 4775 4675 4674
3 4776 4676 4675
3 4777 4677 4676
3 4778 4678 4677
3 4779 4679 4678
3 4780 4680 4679
3 4781 4681 4680
3 4782 4682 4681
3 4783 4683 4682
3 4784 4684 4683
3 4785 4685 4684
3 4786 4686 4685
3 4787 4687 4686
3 4788 4688 4687
3 4789 4689 4688
3 4790 4690 4689
3 4791 4691 4690
3 4792 4692 4691
3 4793 4693 4692
3 4794 4694 4693
3 4795 4695 4694
3 4796 4696 4695
3 4797 4697 4696
3 4798 4698 4697
3 4800 4700 4799
3 4801 4701 4700
3 4802 4702 4701
3 4803 4703 4702
3 4804 4704 4703
3 4805 4705 4704
3 4806 4706 4705
3 4807 4707 4706
3 4808 4708 4707
3 4809 4709 4708
3 4810 4710 4709
3 4811 4711 4710
3 4812 4712 4711
3 4813 4713 4712
3 4814 4714 4713
3 4815 4715 4714
3 4816 4716 4715
3 4817 4717 4716
3 4818 4718 4717
3 4819 4719 4718
3 4820 4720 4719
3 4821 4721 4720
3 4822 4722 4721
3 4823 4723 4722
3 4824 4724 4723
3 4825 4725 4724
3 4826 4726 4725
3 4827 4727 4726
3 4828 4728 4727
3 4829 4729 4728
3 4830 4730 4729
3 4831 4731 4730
3 4832 4732 4731
3 4833 4733 4732
3 4834 4734 4733
3 4835 4735 4734
3 4836 4736 4735
3 4837 4737 4736
3 4838 4738 4737
3 4839 4739 4738
3 4840 4740 4739
3 4841 4741 4740
3 4842 4742 4741
3 4843 4743 4742
3 4844 4744 4743
3 4845 4745 4744
3 4846 4746 4745
3 4847 4747 4746
3 4848 4748 4747
3 4849 4749 4748
3 4850 4750 4749
3 4851 4751 4750
3 4852 4752 4751
3 4853 4753 4752
3 4854 4754 4753
3 4855 4755 4754
3 4856 4756 4755
3 4857 4757 4756
3 4858 4758 4757
3 4859 4759 4758
3 4860 4760 4759
3 4861 4761 4760
3 4862 4762 4761
3 4863 4763 4762
3 4864 4764 4763
3 4865 4765 4764
3 4866 4766 4765
3 4867 4767 4766
3 4868 4768 4767
3 4869 4769 4768
3 4870 4770 4769
3 4871 4771 4770
3 4872 4772 4771
3 4873 4773 4772
3 4874 4774 4773
3 4875 4775 4774
3 4876 4776 4775
3 4877 4777 4776
3 4878 4778 4777
3 4879 4779 4778
3 4880 4780 4779
3 4881 4781 4780
3 4882 4782 4781
3 4883 4783 4782
3 4884 4784 4783
3 4885 4785 4784
3 4886 4786 4785
3 4887 4787 4786
3 4888 4788 4787
3 4889 4789 4788
3 4890 4790 4789
3 4891 4791 4790
3 4892 4792 4791
3 4893 4793 4792
3 4894 4794 4793
3 4895 4795 4794
3 4896 4796 4795
3 4897 4797 4796
3 4898 4798 4797
3 4900 4800 4899
3 4901 4801 4800
3 4902 4802 4801
3 4903 4803 4802
3 4904 4804 4803
3 4905 4805 4804
3 4906 4806 4805
3 4907 4807 4806
3 4908 4808 4807
3 4909 4809 4808
3 4910 4810 4809
3 4911 4811 4810
3 4912 4812 4811
3 4913 4813 4812
3 4914 4814 4813
3 4915 4815 4814
3 4916 4816 4815
3 4917 4817 4816
3 4918 4818 4817
3 4919 4819 4818
3 4920 4820 4819
3 4921 4821 4820
3 4922 4822 4821
3 4923 4823 4822
3 4924 4824 4823
3 4925 4825 4824
3 4926 4826 4825
3 4927 4827 4826
3 4928 4828 4827
3 4929 4829 4828
3 4930 4830 4829
3 4931 4831 4830
3 4932 4832 4831
3 4933 4833 4832
3 4934 4834 4833
3 4935 4835 4834
3 4936 4836 4835
3 4937 4837 4836
3 4938 4838 4837
3 4939 4839 4838
3 4940 4840 4839
3 4941 4841 4840
3 4942 4842 4841
3 4943 4843 4842
3 4944 4844 4843
3 4945 4845 4844
3 4946 4846 4845
3 4947 4847 4846
3 4948 4848 4847
3 4949 4849 4848
3 4950 4850 4849
3 4951 4851 4850
3 4952 4852 4851
3 4953 4853 4852
3 4954 4854 4853
3 4955 4855 4854
3 4956 4856 4855
3 4957 4857 4856
3 4958 4858 4857
3 4959 4859 4858
3 4960 4860 4859
3 4961 4861 4860
3 4962 4862 4861
3 4963 4863 4862
3 4964 4864 4863
3 4965 4865 4864
3 4966 4866 4865
3 4967 4867 4866
3 4968 4868 4867
3 4969 4869 4868
3 4970 4870 4869
3 4971 4871 4870
3 4972 4872 4871
3 4973 4873 4872
3 4974 4874 4873
3 4975 4875 4874
3 4976 4876 4875
3 4977 4877 4876
3 4978 4878 4877
3 4979 4879 4878
3 4980 4880 4879
3 4981 4881 4880
3 4982 4882 4881
3 4983 4883 4882
3 4984 4884 4883
3 4985 4885 4884
3 4986 4886 4885
3 4987 4887 4886
3 4988 4888 4887
3 4989 4889 4888
3 4990 4890 4889
3 4991 4891 4890
3 4992 4892 4891
3 4993 4893 4892
3 4994 4894 4893
3 4995 4895 4894
3 4996 4896 4895
3 4997 4897 4896
3 4998 4898 4897
3 5000 4900 4999
3 5001 4901 4900
3 5002 4902 4901
3 5003 4903 4902
3 5004 4904 4903
3 5005 4905 4904
3 5006 4906 4905
3 5007 4907 4906
3 5008 4908 4907
3 5009 4909 4908
3 5010 4910 4909
3 5011 4911 4910
3 5012 4912 4911
3 5013 4913 4912
3 5014 4914 4913
3 5015 4915 4914
3 5016 4916 4915
3 5017 4917 4916
3 5018 4918 4917
3 5019 4919 4918
3 5020 4920 4919
3 5021 4921 4920
3 5022 4922 4921
3 5023 4923 4922
3 5024 4924 4923
3 5025 4925 4924
3 5026 4926 4925
3 5027 4927 4926
3 5028 4928 4927
3 5029 4929 4928
3 5030 4930 4929
3 5031 4931 4930
3 5032 4932 4931
3 5033 4933 4932
3 5034 4934 4933
3 5035 4935 4934
3 5036 4936 4935
3 5037 4937 4936
3 5038 4938 4937
3 5039 4939 4938
3 5040 4940 4939
3 5041 4941 4940
3 5042 4942 4941
3 5043 4943 4942
3 5044 4944 4943
3 5045 4945 4944
3 5046 4946 4945
3 5047 4947 4946
3 5048 4948 4947
3 5049 4949 4948
3 5050 4950 4949
3 5051 4951 4950
3 5052 4952 4951
3 5053 4953 4952
3 5054 4954 4953
3 5055 4955 4954
3 5056 4956 4955
3 5057 4957 4956
3 5058 4958 4957
3 5059 4959 4958
3 5060 4960 4959
3 5061 4961 4960
3 5062 4962 4961
3 5063 4963 4962
3 5064 4964 4963
3 5065 4965 4964
3 5066 4966 4965
3 5067 4967 4966
3 5068 4968 4967
3 5069 4969 4968
3 5070 4970 4969
3 5071 4971 4970
3 5072 4972 4971
3 5073 4973 4972
3 5074 4974 4973
3 5075 4975 4974
3 5076 4976 4975
3 5077 4977 4976
3 5078 4978 4977
3 5079 4979 4978
3 5080 4980 4979
3 5081 4981 4980
3 5082 4982 4981
3 5083 4983 4982
3 5084 4984 4983
3 5085 4985 4984
3 5086 4986 4985
3 5087 4987 4986
3 5088 4988 4987
3 5089 4989 4988
3 5090 4990 4989
3 5091 4991 4990
3 5092 4992 4991
3 5093 4993 4992
3 5094 4994 4993
3 5095 4995 4994
3 5096 4996 4995
3 5097 4997 4996
3 5098 4998 4997
3 5100 5000 5099
3 5101 5001 5000
3 5102 5002 5001
3 5103 5003 5002
3 5104 5004 5003
3 5105 5005 5004
3 5106 5006 5005
3 5107 5007 5006
3 5108 5008 5007
3 5109 5009 5008
3 5110 5010 5009
3 5111 5011 5010
3 5112 5012 5011
3 5113 5013 5012
3 5114 5014 5013
3 5115 5015 5014
3 5116 5016 5015
3 5117 5017 5016
3 5118 5018 5017
3 5119 5019 5018
3 5120 5020 5019
3 5121 5021 5020
3 5122 5022 5021
3 5123 5023 5022
3 5124 5024 5023
3 5125 5025 5024
3 5126 5026 5025
3 5127 5027 5026
3 5128 5028 5027
3 5129 5029 5028
3 5130 5030 5029
3 5131 5031 5030
3 5132 5032 5031
3 5133 5033 5032
3 5134 5034 5033
3 5135 5035 5034
3 5136 5036 5035
3 5137 5037 5036
3 5138 5038 5037
3 5139 5039 5038
3 5140 5040 5039
3 5141 5041 5040
3 5142 5042 5041
3 5143 5043 5042
3 5144 5044 5043
3 5145 5045 5044
3 5146 5046 5045
3 5147 5047 5046
3 5148 5048 5047
3 5149 5049 5048
3 5150 5050 5049
3 5151 5051 5050
3 5152 5052 5051
3 5153 5053 5052
3 5154 5054 5053
3 5155 5055 5054
3 5156 5056 5055
3 5157 5057 5056
3 5158 5058 5057
3 5159 5059 5058
3 5160 5060 5059
3 5161 5061 5060
3 5162 5062 5061
3 5163 5063 5062
3 5164 5064 5063
3 5165 5065 5064
3 5166 5066 5065
3 5167 5067 5066
3 5168 5068 5067
3 5169 5069 5068
3 5170 5070 5069
3 5171 5071 5070
3 5172 5072 5071
3 5173 5073 5072
3 5174 5074 5073
3 5175 5075 5074
3 5176 5076 5075
3 5177 5077 5076
3 5178 5078 5077
3 5179 5079 5078
3 5180 5080 5079
3 5181 5081 5080
3 5182 5082 5081
3 5183 5083 5082
3 5184 5084 5083
3 5185 5085 5084
3 5186 5086 5085
3 5187 5087 5086
3 5188 5088 5087
3 5189 5089 5088
3 5190 5090 5089
3 5191 5091 5090
3 5192 5092 5091
3 5193 5093 5092
3 5194 5094 5093
3 5195 5095 5094
3 5196 5096 5095
3 5197 5097 5096
3 5198 5098 5097
3 5200 5100 5199
3 5201 5101 5100
3 5202 5102 5101
3 5203 5103 5102
3 5204 5104 5103
3 5205 5105 5104
3 5206 5106 5105
3 5207 5107 5106
3 5208 5108 5107
3 5209 5109 5108
3 5210 5110 5109
3 5211 5111 5110
3 5212 5112 5111
3 5213 5113 5112
3 5214 5114 5113
3 5215 5115 5114
3 5216 5116 5115
3 5217 5117 5116
3 5218 5118 5117
3 5219 5119 5118
3 5220 5120 5119
3 5221 5121 5120
3 5222 5122 5121
3 5223 5123 5122
3 5224 5124 5123
3 5225 5125 5124
3 5226 5126 5125
3 5227 5127 5126
3 5228 5128 5127
3 5229 5129 5128
3 5230 5130 5129
3 5231 5131 5130
3 5232 5132 5131
3 5233 5133 5132
3 5234 5134 5133
3 5235 5135 5134
3 5236 5136 5135
3 5237 5137 5136
3 5238 5138 5137
3 5239 5139 5138
3 5240 5140 5139
3 5241 5141 5140
3 5242 5142 5141
3 5243 5143 5142
3 5244 5144 5143
3 5245 5145 5144
3 5246 5146 5145
3 5247 5147 5146
3 5248 5148 5147
3 5249 5149 5148
3 5250 5150 5149
3 5251 5151 5150
3 5252 5152 5151
3 5253 5153 5152
3 5254 5154 5153
3 5255 5155 5154
3 5256 5156 5155
3 5257 5157 5156
3 5258 5158 5157
3 5259 5159 5158
3 5260 5160 5159
3 5261 5161 5160
3 5262 5162 5161
3 5263 5163 5162
3 5264 5164 5163
3 5265 5165 5164
3 5266 5166 5165
3 5267 5167 5166
3 5268 5168 5167
3 5269 5169 5168
3 5270 5170 5169
3 5271 5171 5170
3 5272 5172 5171
3 5273 5173 5172
3 5274 5174 5173
3 5275 5175 5174
3 5276 5176 5175
3 5277 5177 5176
3 5278 5178 5177
3 5279 5179 5178
3 5280 5180 5179
3 5281 5181 5180
3 5282 5182 5181
3 5283 5183 5182
3 5284 5184 5183
3 5285 5185 5184
3 5286 5186 5185
3 5287 5187 5186
3 5288 5188 5187
3 5289 5189 5188
3 5290 5190 5189
3 5291 5191 5190
3 5292 5192 5191
3 5293 5193 5192
3 5294 5194 5193
3 5295 5195 5194
3 5296 5196 5195
3 5297 5197 5196
3 5298 5198 5197
3 5300 5200 5299
3 5301 5201 5200
3 5302 5202 5201
3 5303 5203 5202
3 5304 5204 5203
3 5305 5205 5204
3 5306 5206 5205
3 5307 5207 5206
3 5308 5208 5207
3 5309 5209 5208
3 5310 5210 5209
3 5311 5211 5210
3 5312 5212 5211
3 5313 5213 5212
3 5314 5214 5213
3 5315 5215 5214
3 5316 5216 5215
3 5317 5217 5216
3 5318 5218 5217
3 5319 5219 5218
3 5320 5220 5219
3 5321 5221 5220
3 5322 5222 5221
3 5323 5223 5222
3 5324 5224 5223
3 5325 5225 5224
3 5326 5226 5225
3 5327 5227 5226
3 5328 5228 5227
3 5329 5229 5228
3 5330 5230 5229
3 5331 5231 5230
3 5332 5232 5231
3 5333 5233 5232
3 5334 5234 5233
3 5335 5235 5234
3 5336 5236 5235
3 5337 5237 5236
3 5338 5238 5237
3 5339 5239 5238
3 5340 5240 5239
3 5341 5241 5240
3 5342 5242 5241
3 5343 5243 5242
3 5344 5244 5243
3 5345 5245 5244
3 5346 5246 5245
3 5347 5247 5246
3 5348 5248 5247
3 5349 5249 5248
3 5350 5250 5249
3 5351 5251 5250
3 5352 5252 5251
3 5353 5253 5252
3 5354 5254 5253
3 5355 5255 5254
3 5356 5256 5255
3 5357 5257 5256
3 5358 5258 5257
3 5359 5259 5258
3 5360 5260 5259
3 5361 5261 5260
3 5362 5262 5261
3 5363 5263 5262
3 5364 5264 5263
3 5365 5265 5264
3 5366 5266 5265
3 5367 5267 5266
3 5368 5268 5267
3 5369 5269 5268
3 5370 5270 5269
3 5371 5271 5270
3 5372 5272 5271
3 5373 5273 5272
3 5374 5274 5273
3 5375 5275 5274
3 5376 5276 5275
3 5377 5277 5276
3 5378 5278 5277
3 5379 5279 5278
3 5380 5280 5279
3 5381 5281 5280
3 5382 5282 5281
3 5383 5283 5282
3 5384 5284 5283
3 5385 5285 5284
3 5386 5286 5285
3 5387 5287 5286
3 5388 5288 5287
3 5389 5289 5288
3 5390 5290 5289
3 5391 5291 5290
3 5392 5292 5291
3 5393 5293 5292
3 5394 5294 5293
3 5395 5295 5294
3 5396 5296 5295
3 5397 5297 5296
3 5398 5298 5297
3 5400 5300 5399
3 5401 5301 5300
3 5402 5302 5301
3 5403 5303 5302
3 5404 5304 5303
3 5405 5305 5304
3 5406 5306 5305
3 5407 5307 5306
3 5408 5308 5307
3 5409 5309 5308
3 5410 5310 5309
3 5411 5311 5310
3 5412 5312 5311
3 5413 5313 5312
3 5414 5314 5313
3 5415 5315 5314
3 5416 5316 5315
3 5417 5317 5316
3 5418 5318 5317
3 5419 5319 5318
3 5420 5320 5319
3 5421 5321 5320
3 5422 5322 5321
3 5423 5323 5322
3 5424 5324 5323
3 5425 5325 5324
3 5426 5326 5325
3 5427 5327 5326
3 5428 5328 5327
3 5429 5329 5328
3 5430 5330 5329
3 5431 5331 5330
3 5432 5332 5331
3 5433 5333 5332
3 5434 5334 5333
3 5435 5335 5334
3 5436 5336 5335
3 5437 5337 5336
3 5438 5338 5337
3 5439 5339 5338
3 5440 5340 5339
3 5441 5341 5340
3 5442 5342 5341
3 5443 5343 5342
3 5444 5344 5343
3 5445 5345 5344
3 5446 5346 5345
3 5447 5347 5346
3 5448 5348 5347
3 5449 5349 5348
3 5450 5350 5349
3 5451 5351 5350
3 5452 5352 5351
3 5453 5353 5352
3 5454 5354 5353
3 5455 5355 5354
3 5456 5356 5355
3 5457 5357 5356
3 5458 5358 5357
3 5459 5359 5358
3 5460 5360 5359
3 5461 5361 5360
3 5462 5362 5361
3 5463 5363 5362
3 5464 5364 5363
3 5465 5365 5364
3 5466 5366 5365
3 5467 5367 5366
3 5468 5368 5367
3 5469 5369 5368
3 5470 5370 5369
3 5471 5371 5370
3 5472 5372 5371
3 5473 5373 5372
3 5474 5374 5373
3 5475 5375 5374
3 5476 5376 5375
3 5477 5377 5376
3 5478 5378 5377
3 5479 5379 5378
3 5480 5380 5379
3 5481 5381 5380
3 5482 5382 5381
3 5483 5383 5382
3 5484 5384 5383
3 5485 5385 5384
3 5486 5386 5385
3 5487 5387 5386
3 5488 5388 5387
3 5489 5389 5388
3 5490 5390 5389
3 5491 5391 5390
3 5492 5392 5391
3 5493 5393 5392
3 5494 5394 5393
3 5495 5395 5394
3 5496 5396 5395
3 5497 5397 5396
3 5498 5398 5397
3 5500 5400 5499
3 5501 5401 5400
3 5502 5402 5401
3 5503 5403 5402
3 5504 5404 5403
3 5505 5405 5404
3 5506 5406 5405
3 5507 5407 5406
3 5508 5408 5407
3 5509 5409 5408
3 5510 5410 5409
3 5511 5411 5410
3 5512 5412 5411
3 5513 5413 5412
3 5514 5414 5413
3 5515 5415 5414
3 5516 5416 5415
3 5517 5417 5416
3 5518 5418 5417
3 5519 5419 5418
3 5520 5420 5419
3 5521 5421 5420
3 5522 5422 5421
3 5523 5423 5422
3 5524 5424 5423
3 5525 5425 5424
3 5526 5426 5425
3 5527 5427 5426
3 5528 5428 5427
3 5529 5429 5428
3 5530 5430 5429
3 5531 5431 5430
3 5532 5432 5431
3 5533 5433 5432
3 5534 5434 5433
3 5535 5435 5434
3 5536 5436 5435
3 5537 5437 5436
3 5538 5438 5437
3 5539 5439 5438
3 5540 5440 5439
3 5541 5441 5440
3 5542 5442 5441
3 5543 5443 5442
3 5544 5444 5443
3 5545 5445 5444
3 5546 5446 5445
3 5547 5447 5446
3 5548 5448 5447
3 5549 5449 5448
3 5550 5450 5449
3 5551 5451 5450
3 5552 5452 5451
3 5553 5453 5452
3 5554 5454 5453
3 5555 5455 5454
3 5556 5456 5455
3 5557 5457 5456
3 5558 5458 5457
3 5559 5459 5458
3 5560 5460 5459
3 5561 5461 5460
3 5562 5462 5461
3 5563 5463 5462
3 5564 5464 5463
3 5565 5465 5464
3 5566 5466 5465
3 5567 5467 5466
3 5568 5468 5467
3 5569 5469 5468
3 5570 5470 5469
3 5571 5471 5470
3 5572 5472 5471
3 5573 5473 5472
3 5574 5474 5473
3 5575 5475 5474
3 5576 5476 5475
3 5577 5477 5476
3 5578 5478 5477
3 5579 5479 5478
3 5580 5480 5479
3 5581 5481 5480
3 5582 5482 5481
3 5583 5483 5482
3 5584 5484 5483
3 5585 5485 5484
3 5586 5486 5485
3 5587 5487 5486
3 5588 5488 5487
3 5589 5489 5488
3 5590 5490 5489
3 5591 5491 5490
3 5592 5492 5491
3 5593 5493 5492
3 5594 5494 5493
3 5595 5495 5494
3 5596 5496 5495
3 5597 5497 5496
3 5598 5498 5497
3 5600 5500 5599
3 5601 5501 5500
3 5602 5502 5501
3 5603 5503 5502
3 5604 5504 5503
3 5605 5505 5504
3 5606 5506 5505
3 5607 5507 5506
3 5608 5508 5507
3 5609 5509 5508
3 5610 5510 5509
3 5611 5511 5510
3 5612 5512 5511
3 5613 5513 5512
3 5614 5514 5513
3 5615 5515 5514
3 5616 5516 5515
3 5617 5517 5516
3 5618 5518 5517
3 5619 5519 5518
3 5620 5520 5519
3 5621 5521 5520
3 5622 5522 5521
3 5623 5523 5522
3 5624 5524 5523
3 5625 5525 5524
3 5626 5526 5525
3 5627 5527 5526
3 5628 5528 5527
3 5629 5529 5528
3 5630 5530 5529
3 5631 5531 5530
3 5632 5532 5531
3 5633 5533 5532
3 5634 5534 5533
3 5635 5535 5534
3 5636 5536 5535
3 5637 5537 5536
3 5638 5538 5537
3 5639 5539 5538
3 5640 5540 5539
3 5641 5541 5540
3 5642 5542 5541
3 5643 5543 5542
3 5644 5544 5543
3 5645 5545 5544
3 5646 5546 5545
3 5647 5547 5546
3 5648 5548 5547
3 5649 5549 5548
3 5650 5550 5549
3 5651 5551 5550
3 5652 5552 5551
3 5653 5553 5552
3 5654 5554 5553
3 5655 5555 5554
3 5656 5556 5555
3 5657 5557 5556
3 5658 5558 5557
3 5659 5559 5558
3 5660 5560 5559
3 5661 5561 5560
3 5662 5562 5561
3 5663 5563 5562
3 5664 5564 5563
3 5665 5565 5564
3 5666 5566 5565
3 5667 5567 5566
3 5668 5568 5567
3 5669 5569 5568
3 5670 5570 5569
3 5671 5571 5570
3 5672 5572 5571
3 5673 5573 5572
3 5674 5574 5573
3 5675 5575 5574
3 5676 5576 5575
3 5677 5577 5576
3 5678 5578 5577
3 5679 5579 5578
3 5680 5580 5579
3 5681 5581 5580
3 5682 5582 5581
3 5683 5583 5582
3 5684 5584 5583
3 5685 5585 5584
3 5686 5586 5585
3 5687 5587 5586
3 5688 5588 5587
3 5689 5589 5588
3 5690 5590 5589
3 5691 5591 5590
3 5692 5592 5591
3 5693 5593 5592
3 5694 5594 5593
3 5695 5595 5594
3 5696 5596 5595
3 5697 5597 5596
3 5698 5598 5597
3 5700 5600 5699
3 5701 5601 5600
3 5702 5602 5601
3 5703 5603 5602
3 5704 5604 5603
3 5705 5605 5604
3 5706 5606 5605
3 5707 5607 5606
3 5708 5608 5607
3 5709 5609 5608
3 5710 5610 5609
3 5711 5611 5610
3 5712 5612 5611
3 5713 5613 5612
3 5714 5614 5613
3 5715 5615 5614
3 5716 5616 5615
3 5717 5617 5616
3 5718 5618 5617
3 5719 5619 5618
3 5720 5620 5619
3 5721 5621 5620
3 5722 5622 5621
3 5723 5623 5622
3 5724 5624 5623
3 5725 5625 5624
3 5726 5626 5625
3 5727 5627 5626
3 5728 5628 5627
3 5729 5629 5628
3 5730 5630 5629
3 5731 5631 5630
3 5732 5632 5631
3 5733 5633 5632
3 5734 5634 5633
3 5735 5635 5634
3 5736 5636 5635
3 5737 5637 5636
3 5738 5638 5637
3 5739 5639 5638
3 5740 5640 5639
3 5741 5641 5640
3 5742 5642 5641
3 5743 5643 5642
3 5744 5644 5643
3 5745 5645 5644
3 5746 5646 5645
3 5747 5647 5646
3 5748 5648 5647
3 5749 5649 5648
3 5750 5650 5649
3 5751 5651 5650
3 5752 5652 5651
3 5753 5653 5652
3 5754 5654 5653
3 5755 5655 5654
3 5756 5656 5655
3 5757 5657 5656
3 5758 5658 5657
3 5759 5659 5658
3 5760 5660 5659
3 5761 5661 5660
3 5762 5662 5661
3 5763 5663 5662
3 5764 5664 5663
3 5765 5665 5664
3 5766 5666 5665
3 5767 5667 5666
3 5768 5668 5667
3 5769 5669 5668
3 5770 5670 5669
3 5771 5671 5670
3 5772 5672 5671
3 5773 5673 5672
3 5774 5674 5673
3 5775 5675 5674
3 5776 5676 5675
3 5777 5677 5676
3 5778 5678 5677
3 5779 5679 5678
3 5780 5680 5679
3 5781 5681 5680
3 5782 5682 5681
3 5783 5683 5682
3 5784 5684 5683
3 5785 5685 5684
3 5786 5686 5685
3 5787 5687 5686
3 5788 5688 5687
3 5789 5689 5688
3 5790 5690 5689
3 5791 5691 5690
3 5792 5692 5691
3 5793 5693 5692
3 5794 5694 5693
3 5795 5695 5694
3 5796 5696 5695
3 5797 5697 5696
3 5798 5698 5697
3 5800 5700 5799
3 5801 5701 5700
3 5802 5702 5701
3 5803 5703 5702
3 5804 5704 5703
3 5805 5705 5704
3 5806 5706 5705
3 5807 5707 5706
3 5808 5708 5707
3 5809 5709 5708
3 5810 5710 5709
3 5811 5711 5710
3 5812 5712 5711
3 5813 5713 5712
3 5814 5714 5713
3 5815 5715 5714
3 5816 5716 5715
3 5817 5717 5716
3 5818 5718 5717
3 5819 5719 5718
3 5820 5720 5719
3 5821 5721 5720
3 5822 5722 5721
3 5823 5723 5722
3 5824 5724 5723
3 5825 5725 5724
3 5826 5726 5725
3 5827 5727 5726
3 5828 5728 5727
3 5829 5729 5728
3 5830 5730 5729
3 5831 5731 5730
3 5832 5732 5731
3 5833 5733 5732
3 5834 5734 5733
3 5835 5735 5734
3 5836 5736 5735
3 5837 5737 5736
3 5838 5738 5737
3 5839 5739 5738
3 5840 5740 5739
3 5841 5741 5740
3 5842 5742 5741
3 5843 5743 5742
3 5844 5744 5743
3 5845 5745 5744
3 5846 5746 5745
3 5847 5747 5746
3 5848 5748 5747
3 5849 5749 5748
3 5850 5750 5749
3 5851 5751 5750
3 5852 5752 5751
3 5853 5753 5752
3 5854 5754 5753
3 5855 5755 5754
3 5856 5756 5755
3 5857 5757 5756
3 5858 5758 5757
3 5859 5759 5758
3 5860 5760 5759
3 5861 5761 5760
3 5862 5762 5761
3 5863 5763 5762
3 5864 5764 5763
3 5865 5765 5764
3 5866 5766 5765
3 5867 5767 5766
3 5868 5768 5767
3 5869 5769 5768
3 5870 5770 5769
3 5871 5771 5770
3 5872 5772 5771
3 5873 5773 5772
3 5874 5774 5773
3 5875 5775 5774
3 5876 5776 5775
3 5877 5777 5776
3 5878 5778 5777
3 5879 5779 5778
3 5880 5780 5779
3 5881 5781 5780
3 5882 5782 5781
3 5883 5783 5782
3 5884 5784 5783
3 5885 5785 5784
3 5886 5786 5785
3 5887 5787 5786
3 5888 5788 5787
3 5889 5789 5788
3 5890 5790 5789
3 5891 5791 5790
3 5892 5792 5791
3 5893 5793 5792
3 5894 5794 5793
3 5895 5795 5794
3 5896 5796 5795
3 5897 5797 5796
3 5898 5798 5797
3 5900 5800 5899
3 5901 5801 5800
3 5902 5802 5801
3 5903 5803 5802
3 5904 5804 5803
3 5905 5805 5804
3 5906 5806 5805
3 5907 5807 5806
3 5908 5808 5807
3 5909 5809 5808
3 5910 5810 5809
3 5911 5811 5810
3 5912 5812 5811
3 5913 5813 5812
3 5914 5814 5813
3 5915 5815 5814
3 5916 5816 5815
3 5917 5817 5816
3 5918 5818 5817
3 5919 5819 5818
3 5920 5820 5819
3 5921 5821 5820
3 5922 5822 5821
3 5923 5823 5822
3 5924 5824 5823
3 5925 5825 5824
3 5926 5826 5825
3 5927 5827 5826
3 5928 5828 5827
3 5929 5829 5828
3 5930 5830 5829
3 5931 5831 5830
3 5932 5832 5831
3 5933 5833 5832
3 5934 5834 5833
3 5935 5835 5834
3 5936 5836 5835
3 5937 5837 5836
3 5938 5838 5837
3 5939 5839 5838
3 5940 5840 5839
3 5941 5841 5840
3 5942 5842 5841
3 5943 5843 5842
3 5944 5844 5843
3 5945 5845 5844
3 5946 5846 5845
3 5947 5847 5846
3 5948 5848 5847
3 5949 5849 5848
3 5950 5850 5849
3 5951 5851 5850
3 5952 5852 5851
3 5953 5853 5852
3 5954 5854 5853
3 5955 5855 5854
3 5956 5856 5855
3 5957 5857 5856
3 5958 5858 5857
3 5959 5859 5858
3 5960 5860 5859
3 5961 5861 5860
3 5962 5862 5861
3 5963 5863 5862
3 5964 5864 5863
3 5965 5865 5864
3 5966 5866 5865
3 5967 5867 5866
3 5968 5868 5867
3 5969 5869 5868
3 5970 5870 5869
3 5971 5871 5870
3 5972 5872 5871
3 5973 5873 5872
3 5974 5874 5873
3 5975 5875 5874
3 5976 5876 5875
3 5977 5877 5876
3 5978 5878 5877
3 5979 5879 5878
3 5980 5880 5879
3 5981 5881 5880
3 5982 5882 5881
3 5983 5883 5882
3 5984 5884 5883
3 5985 5885 5884
3 5986 5886 5885
3 5987 5887 5886
3 5988 5888 5887
3 5989 5889 5888
3 5990 5890 5889
3 5991 5891 5890
3 5992 5892 5891
3 5993 5893 5892
3 5994 5894 5893
3 5995 5895 5894
3 5996 5896 5895
3 5997 5897 5896
3 5998 5898 5897
3 6000 5900 5999
3 6001 5901 5900
3 6002 5902 5901
3 6003 5903 5902
3 6004 5904 5903
3 6005 5905 5904
3 6006 5906 5905
3 6007 5907 5906
3 6008 5908 5907
3 6009 5909 5908
3 6010 5910 5909
3 6011 5911 5910
3 6012 5912 5911
3 6013 5913 5912
3 6014 5914 5913
3 6015 5915 5914
3 6016 5916 5915
3 6017 5917 5916
3 6018 5918 5917
3 6019 5919 5918
3 6020 5920 5919
3 6021 5921 5920
3 6022 5922 5921
3 6023 5923 5922
3 6024 5924 5923
3 6025 5925 5924
3 6026 5926 5925
3 6027 5927 5926
3 6028 5928 5927
3 6029 5929 5928
3 6030 5930 5929
3 6031 5931 5930
3 6032 5932 5931
3 6033 5933 5932
3 6034 5934 5933
3 6035 5935 5934
3 6036 5936 5935
3 6037 5937 5936
3 6038 5938 5937
3 6039 5939 5938
3 6040 5940 5939
3 6041 5941 5940
3 6042 5942 5941
3 6043 5943 5942
3 6044 5944 5943
3 6045 5945 5944
3 6046 5946 5945
3 6047 5947 5946
3 6048 5948 5947
3 6049 5949 5948
3 6050 5950 5949
3 6051 5951 5950
3 6052 5952 5951
3 6053 5953 5952
3 6054 5954 5953
3 6055 5955 5954
3 6056 5956 5955
3 6057 5957 5956
3 6058 5958 5957
3 6059 5959 5958
3 6060 5960 5959
3 6061 5961 5960
3 6062 5962 5961
3 6063 5963 5962
3 6064 5964 5963
3 6065 5965 5964
3 6066 5966 5965
3 6067 5967 5966
3 6068 5968 5967
3 6069 5969 5968
3 6070 5970 5969
3 6071 5971 5970
3 6072 5972 5971
3 6073 5973 5972
3 6074 5974 5973
3 6075 5975 5974
3 6076 5976 5975
3 6077 5977 5976
3 6078 5978 5977
3 6079 5979 5978
3 6080 5980 5979
3 6081 5981 5980
3 6082 5982 5981
3 6083 5983 5982
3 6084 5984 5983
3 6085 5985 5984
3 6086 5986 5985
3 6087 5987 5986
3 6088 5988 5987
3 6089 5989 5988
3 6090 5990 5989
3 6091 5991 5990
3 6092 5992 5991
3 6093 5993 5992
3 6094 5994 5993
3 6095 5995 5994
3 6096 5996 5995
3 6097 5997 5996
3 6098 5998 5997
3 6100 6000 6099
3 6101 6001 6000
3 6102 6002 6001
3 6103 6003 6002
3 6104 6004 6003
3 6105 6005 6004
3 6106 6006 6005
3 6107 6007 6006
3 6108 6008 6007
3 6109 6009 6008
3 6110 6010 6009
3 6111 6011 6010
3 6112 6012 6011
3 6113 6013 6012
3 6114 6014 6013
3 6115 6015 6014
3 6116 6016 6015
3 6117 6017 6016
3 6118 6018 6017
3 6119 6019 6018
3 6120 6020 6019
3 6121 6021 6020
3 6122 6022 6021
3 6123 6023 6022
3 6124 6024 6023
3 6125 6025 6024
3 6126 6026 6025
3 6127 6027 6026
3 6128 6028 6027
3 6129 6029 6028
3 6130 6030 6029
3 6131 6031 6030
3 6132 6032 6031
3 6133 6033 6032
3 6134 6034 6033
3 6135 6035 6034
3 6136 6036 6035
3 6137 6037 6036
3 6138 6038 6037
3 6139 6039 6038
3 6140 6040 6039
3 6141 6041 6040
3 6142 6042 6041
3 6143 6043 6042
3 6144 6044 6043
3 6145 6045 6044
3 6146 6046 6045
3 6147 6047 6046
3 6148 6048 6047
3 6149 6049 6048
3 6150 6050 6049
3 6151 6051 6050
3 6152 6052 6051
3 6153 6053 6052
3 6154 6054 6053
3 6155 6055 6054
3 6156 6056 6055
3 6157 6057 6056
3 6158 6058 6057
3 6159 6059 6058
3 6160 6060 6059
3 6161 6061 6060
3 6162 6062 6061
3 6163 6063 6062
3 6164 6064 6063
3 6165 6065 6064
3 6166 6066 6065
3 6167 6067 6066
3 6168 6068 6067
3 6169 6069 6068
3 6170 6070 6069
3 6171 6071 6070
3 6172 6072 6071
3 6173 6073 6072
3 6174 6074 6073
3 6175 6075 6074
3 6176 6076 6075
3 6177 6077 6076
3 6178 6078 6077
3 6179 6079 6078
3 6180 6080 6079
3 6181 6081 6080
3 6182 6082 6081
3 6183 6083 6082
3 6184 6084 6083
3 6185 6085 6084
3 6186 6086 6085
3 6187 6087 6086
3 6188 6088 6087
3 6189 6089 6088
3 6190 6090 6089
3 6191 6091 6090
3 6192 6092 6091
3 6193 6093 6092
3 6194 6094 6093
3 6195 6095 6094
3 6196 6096 6095
3 6197 6097 6096
3 6198 6098 6097
3 6200 6100 6199
3 6201 6101 6100
3 6202 6102 6101
3 6203 6103 6102
3 6204 6104 6103
3 6205 6105 6104
3 6206 6106 6105
3 6207 6107 6106
3 6208 6108 6107
3 6209 6109 6108
3 6210 6110 6109
3 6211 6111 6110
3 6212 6112 6111
3 6213 6113 6112
3 6214 6114 6113
3 6215 6115 6114
3 6216 6116 6115
3 6217 6117 6116
3 6218 6118 6117
3 6219 6119 6118
3 6220 6120 6119
3 6221 6121 6120
3 6222 6122 6121
3 6223 6123 6122
3 6224 6124 6123
3 6225 6125 6124
3 6226 6126 6125
3 6227 6127 6126
3 6228 6128 6127
3 6229 6129 6128
3 6230 6130 6129
3 6231 6131 6130
3 6232 6132 6131
3 6233 6133 6132
3 6234 6134 6133
3 6235 6135 6134
3 6236 6136 6135
3 6237 6137 6136
3 6238 6138 6137
3 6239 6139 6138
3 6240 6140 6139
3 6241 6141 6140
3 6242 6142 6141
3 6243 6143 6142
3 6244 6144 6143
3 6245 6145 6144
3 6246 6146 6145
3 6247 6147 6146
3 6248 6148 6147
3 6249 6149 6148
3 6250 6150 6149
3 6251 6151 6150
3 6252 6152 6151
3 6253 6153 6152
3 6254 6154 6153
3 6255 6155 6154
3 6256 6156 6155
3 6257 6157 6156
3 6258 6158 6157
3 6259 6159 6158
3 6260 6160 6159
3 6261 6161 6160
3 6262 6162 6161
3 6263 6163 6162
3 6264 6164 6163
3 6265 6165 6164
3 6266 6166 6165
3 6267 6167 6166
3 6268 6168 6167
3 6269 6169 6168
3 6270 6170 6169
3 6271 6171 6170
3 6272 6172 6171
3 6273 6173 6172
3 6274 6174 6173
3 6275 6175 6174
3 6276 6176 6175
3 6277 6177 6176
3 6278 6178 6177
3 6279 6179 6178
3 6280 6180 6179
3 6281 6181 6180
3 6282 6182 6181
3 6283 6183 6182
3 6284 6184 6183
3 6285 6185 6184
3 6286 6186 6185
3 6287 6187 6186
3 6288 6188 6187
3 6289 6189 6188
3 6290 6190 6189
3 6291 6191 6190
3 6292 6192 6191
3 6293 6193 6192
3 6294 6194 6193
3 6295 6195 6194
3 6296 6196 6195
3 6297 6197 6196
3 6298 6198 6197
3 6300 6200 6299
3 6301 6201 6200
3 6302 6202 6201
3 6303 6203 6202
3 6304 6204 6203
3 6305 6205 6204
3 6306 6206 6205
3 6307 6207 6206
3 6308 6208 6207
3 6309 6209 6208
3 6310 6210 6209
3 6311 6211 6210
3 6312 6212 6211
3 6313 6213 6212
3 6314 6214 6213
3 6315 6215 6214
3 6316 6216 6215
3 6317 6217 6216
3 6318 6218 6217
3 6319 6219 6218
3 6320 6220 6219
3 6321 6221 6220
3 6322 6222 6221
3 6323 6223 6222
3 6324 6224 6223
3 6325 6225 6224
3 6326 6226 6225
3 6327 6227 6226
3 6328 6228 6227
3 6329 6229 6228
3 6330 6230 6229
3 6331 6231 6230
3 6332 6232 6231
3 6333 6233 6232
3 6334 6234 6233
3 6335 6235 6234
3 6336 6236 6235
3 6337 6237 6236
3 6338 6238 6237
3 6339 6239 6238
3 6340 6240 6239
3 6341 6241 6240
3 6342 6242 6241
3 6343 6243 6242
3 6344 6244 6243
3 6345 6245 6244
3 6346 6246 6245
3 6347 6247 6246
3 6348 6248 6247
3 6349 6249 6248
3 6350 6250 6249
3 6351 6251 6250
3 6352 6252 6251
3 6353 6253 6252
3 6354 6254 6253
3 6355 6255 6254
3 6356 6256 6255
3 6357 6257 6256
3 6358 6258 6257
3 6359 6259 6258
3 6360 6260 6259
3 6361 6261 6260
3 6362 6262 6261
3 6363 6263 6262
3 6364 6264 6263
3 6365 6265 6264
3 6366 6266 6265
3 6367 6267 6266
3 6368 6268 6267
3 6369 6269 6268
3 6370 6270 6269
3 6371 6271 6270
3 6372 6272 6271
3 6373 6273 6272
3 6374 6274 6273
3 6375 6275 6274
3 6376 6276 6275
3 6377 6277 6276
3 6378 6278 6277
3 6379 6279 6278
3 6380 6280 6279
3 6381 6281 6280
3 6382 6282 6281
3 6383 6283 6282
3 6384 6284 6283
3 6385 6285 6284
3 6386 6286 6285
3 6387 6287 6286
3 6388 6288 6287
3 6389 6289 6288
3 6390 6290 6289
3 6391 6291 6290
3 6392 6292 6291
3 6393 6293 6292
3 6394 6294 6293
3 6395 6295 6294
3 6396 6296 6295
3 6397 6297 6296
3 6398 6298 6297
3 6400 6300 6399
3 6401 6301 6300
3 6402 6302 6301
3 6403 6303 6302
3 6404 6304 6303
3 6405 6305 6304
3 6406 6306 6305
3 6407 6307 6306
3 6408 6308 6307
3 6409 6309 6308
3 6410 6310 6309
3 6411 6311 6310
3 6412 6312 6311
3 6413 6313 6312
3 6414 6314 6313
3 6415 6315 6314
3 6416 6316 6315
3 6417 6317 6316
3 6418 6318 6317
3 6419 6319 6318
3 6420 6320 6319
3 6421 6321 6320
3 6422 6322 6321
3 6423 6323 6322
3 6424 6324 6323
3 6425 6325 6324
3 6426 6326 6325
3 6427 6327 6326
3 6428 6328 6327
3 6429 6329 6328
3 6430 6330 6329
3 6431 6331 6330
3 6432 6332 6331
3 6433 6333 6332
3 6434 6334 6333
3 6435 6335 6334
3 6436 6336 6335
3 6437 6337 6336
3 6438 6338 6337
3 6439 6339 6338
3 6440 6340 6339
3 6441 6341 6340
3 6442 6342 6341
3 6443 6343 6342
3 6444 6344 6343
3 6445 6345 6344
3 6446 6346 6345
3 6447 6347 6346
3 6448 6348 6347
3 6449 6349 6348
3 6450 6350 6349
3 6451 6351 6350
3 6452 6352 6351
3 6453 6353 6352
3 6454 6354 6353
3 6455 6355 6354
3 6456 6356 6355
3 6457 6357 6356
3 6458 6358 6357
3 6459 6359 6358
3 6460 6360 6359
3 6461 6361 6360
3 6462 6362 6361
3 6463 6363 6362
3 6464 6364 6363
3 6465 6365 6364
3 6466 6366 6365
3 6467 6367 6366
3 6468 6368 6367
3 6469 6369 6368
3 6470 6370 6369
3 6471 6371 6370
3 6472 6372 6371
3 6473 6373 6372
3 6474 6374 6373
3 6475 6375 6374
3 6476 6376 6375
3 6477 6377 6376
3 6478 6378 6377
3 6479 6379 6378
3 6480 6380 6379
3 6481 6381 6380
3 6482 6382 6381
3 6483 6383 6382
3 6484 6384 6383
3 6485 6385 6384
3 6486 6386 6385
3 6487 6387 6386
3 6488 6388 6387
3 6489 6389 6388
3 6490 6390 6389
3 6491 6391 6390
3 6492 6392 6391
3 6493 6393 6392
3 6494 6394 6393
3 6495 6395 6394
3 6496 6396 6395
3 6497 6397 6396
3 6498 6398 6397
3 6500 6400 6499
3 6501 6401 6400
3 6502 6402 6401
3 6503 6403 6402
3 6504 6404 6403
3 6505 6405 6404
3 6506 6406 6405
3 6507 6407 6406
3 6508 6408 6407
3 6509 6409 6408
3 6510 6410 6409
3 6511 6411 6410
3 6512 6412 6411
3 6513 6413 6412
3 6514 6414 6413
3 6515 6415 6414
3 6516 6416 6415
3 6517 6417 6416
3 6518 6418 6417
3 6519 6419 6418
3 6520 6420 6419
3 6521 6421 6420
3 6522 6422 6421
3 6523 6423 6422
3 6524 6424 6423
3 6525 6425 6424
3 6526 6426 6425
3 6527 6427 6426
3 6528 6428 6427
3 6529 6429 6428
3 6530 6430 6429
3 6531 6431 6430
3 6532 6432 6431
3 6533 6433 6432
3 6534 6434 6433
3 6535 6435 6434
3 6536 6436 6435
3 6537 6437 6436
3 6538 6438 6437
3 6539 6439 6438
3 6540 6440 6439
3 6541 6441 6440
3 6542 6442 6441
3 6543 6443 6442
3 6544 6444 6443
3 6545 6445 6444
3 6546 6446 6445
3 6547 6447 6446
3 6548 6448 6447
3 6549 6449 6448
3 6550 6450 6449
3 6551 6451 6450
3 6552 6452 6451
3 6553 6453 6452
3 6554 6454 6453
3 6555 6455 6454
3 6556 6456 6455
3 6557 6457 6456
3 6558 6458 6457
3 6559 6459 6458
3 6560 6460 6459
3 6561 6461 6460
3 6562 6462 6461
3 6563 6463 6462
3 6564 6464 6463
3 6565 6465 6464
3 6566 6466 6465
3 6567 6467 6466
3 6568 6468 6467
3 6569 6469 6468
3 6570 6470 6469
3 6571 6471 6470
3 6572 6472 6471
3 6573 6473 6472
3 6574 6474 6473
3 6575 6475 6474
3 6576 6476 6475
3 6577 6477 6476
3 6578 6478 6477
3 6579 6479 6478
3 6580 6480 6479
3 6581 6481 6480
3 6582 6482 6481
3 6583 6483 6482
3 6584 6484 6483
3 6585 6485 6484
3 6586 6486 6485
3 6587 6487 6486
3 6588 6488 6487
3 6589 6489 6488
3 6590 6490 6489
3 6591 6491 6490
3 6592 6492 6491
3 6593 6493 6492
3 6594 6494 6493
3 6595 6495 6494
3 6596 6496 6495
3 6597 6497 6496
3 6598 6498 6497
3 6600 6500 6599
3 6601 6501 6500
3 6602 6502 6501
3 6603 6503 6502
3 6604 6504 6503
3 6605 6505 6504
3 6606 6506 6505
3 6607 6507 6506
3 6608 6508 6507
3 6609 6509 6508
3 6610 6510 6509
3 6611 6511 6510
3 6612 6512 6511
3 6613 6513 6512
3 6614 6514 6513
3 6615 6515 6514
3 6616 6516 6515
3 6617 6517 6516
3 6618 6518 6517
3 6619 6519 6518
3 6620 6520 6519
3 6621 6521 6520
3 6622 6522 6521
3 6623 6523 6522
3 6624 6524 6523
3 6625 6525 6524
3 6626 6526 6525
3 6627 6527 6526
3 6628 6528 6527
3 6629 6529 6528
3 6630 6530 6529
3 6631 6531 6530
3 6632 6532 6531
3 6633 6533 6532
3 6634 6534 6533
3 6635 6535 6534
3 6636 6536 6535
3 6637 6537 6536
3 6638 6538 6537
3 6639 6539 6538
3 6640 6540 6539
3 6641 6541 6540
3 6642 6542 6541
3 6643 6543 6542
3 6644 6544 6543
3 6645 6545 6544
3 6646 6546 6545
3 6647 6547 6546
3 6648 6548 6547
3 6649 6549 6548
3 6650 6550 6549
3 6651 6551 6550
3 6652 6552 6551
3 6653 6553 6552
3 6654 6554 6553
3 6655 6555 6554
3 6656 6556 6555
3 6657 6557 6556
3 6658 6558 6557
3 6659 6559 6558
3 6660 6560 6559
3 6661 6561 6560
3 6662 6562 6561
3 6663 6563 6562
3 6664 6564 6563
3 6665 6565 6564
3 6666 6566 6565
3 6667 6567 6566
3 6668 6568 6567
3 6669 6569 6568
3 6670 6570 6569
3 6671 6571 6570
3 6672 6572 6571
3 6673 6573 6572
3 6674 6574 6573
3 6675 6575 6574
3 6676 6576 6575
3 6677 6577 6576
3 6678 6578 6577
3 6679 6579 6578
3 6680 6580 6579
3 6681 6581 6580
3 6682 6582 6581
3 6683 6583 6582
3 6684 6584 6583
3 6685 6585 6584
3 6686 6586 6585
3 6687 6587 6586
3 6688 6588 6587
3 6689 6589 6588
3 6690 6590 6589
3 6691 6591 6590
3 6692 6592 6591
3 6693 6593 6592
3 6694 6594 6593
3 6695 6595 6594
3 6696 6596 6595
3 6697 6597 6596
3 6698 6598 6597
3 6700 6600 6699
3 6701 6601 6600
3 6702 6602 6601
3 6703 6603 6602
3 6704 6604 6603
3 6705 6605 6604
3 6706 6606 6605
3 6707 6607 6606
3 6708 6608 6607
3 6709 6609 6608
3 6710 6610 6609
3 6711 6611 6610
3 6712 6612 6611
3 6713 6613 6612
3 6714 6614 6613
3 6715 6615 6614
3 6716 6616 6615
3 6717 6617 6616
3 6718 6618 6617
3 6719 6619 6618
3 6720 6620 6619
3 6721 6621 6620
3 6722 6622 6621
3 6723 6623 6622
3 6724 6624 6623
3 6725 6625 6624
3 6726 6626 6625
3 6727 6627 6626
3 6728 6628 6627
3 6729 6629 6628
3 6730 6630 6629
3 6731 6631 6630
3 6732 6632 6631
3 6733 6633 6632
3 6734 6634 6633
3 6735 6635 6634
3 6736 6636 6635
3 6737 6637 6636
3 6738 6638 6637
3 6739 6639 6638
3 6740 6640 6639
3 6741 6641 6640
3 6742 6642 6641
3 6743 6643 6642
3 6744 6644 6643
3 6745 6645 6644
3 6746 6646 6645
3 6747 6647 6646
3 6748 6648 6647
3 6749 6649 6648
3 6750 6650 6649
3 6751 6651 6650
3 6752 6652 6651
3 6753 6653 6652
3 6754 6654 6653
3 6755 6655 6654
3 6756 6656 6655
3 6757 6657 6656
3 6758 6658 6657
3 6759 6659 6658
3 6760 6660 6659
3 6761 6661 6660
3 6762 6662 6661
3 6763 6663 6662
3 6764 6664 6663
3 6765 6665 6664
3 6766 6666 6665
3 6767 6667 6666
3 6768 6668 6667
3 6769 6669 6668
3 6770 6670 6669
3 6771 6671 6670
3 6772 6672 6671
3 6773 6673 6672
3 6774 6674 6673
3 6775 6675 6674
3 6776 6676 6675
3 6777 6677 6676
3 6778 6678 6677
3 6779 6679 6678
3 6780 6680 6679
3 6781 6681 6680
3 6782 6682 6681
3 6783 6683 6682
3 6784 6684 6683
3 6785 6685 6684
3 6786 6686 6685
3 6787 6687 6686
3 6788 6688 6687
3 6789 6689 6688
3 6790 6690 6689
3 6791 6691 6690
3 6792 6692 6691
3 6793 6693 6692
3 6794 6694 6693
3 6795 6695 6694
3 6796 6696 6695
3 6797 6697 6696
3 6798 6698 6697
3 6800 6700 6799
3 6801 6701 6700
3 6802 6702 6701
3 6803 6703 6702
3 6804 6704 6703
3 6805 6705 6704
3 6806 6706 6705
3 6807 6707 6706
3 6808 6708 6707
3 6809 6709 6708
3 6810 6710 6709
3 6811 6711 6710
3 6812 6712 6711
3 6813 6713 6712
3 6814 6714 6713
3 6815 6715 6714
3 6816 6716 6715
3 6817 6717 6716
3 6818 6718 6717
3 6819 6719 6718
3 6820 6720 6719
3 6821 6721 6720
3 6822 6722 6721
3 6823 6723 6722
3 6824 6724 6723
3 6825 6725 6724
3 6826 6726 6725
3 6827 6727 6726
3 6828 6728 6727
3 6829 6729 6728
3 6830 6730 6729
3 6831 6731 6730
3 6832 6732 6731
3 6833 6733 6732
3 6834 6734 6733
3 6835 6735 6734
3 6836 6736 6735
3 6837 6737 6736
3 6838 6738 6737
3 6839 6739 6738
3 6840 6740 6739
3 6841 6741 6740
3 6842 6742 6741
3 6843 6743 6742
3 6844 6744 6743
3 6845 6745 6744
3 6846 6746 6745
3 6847 6747 6746
3 6848 6748 6747
3 6849 6749 6748
3 6850 6750 6749
3 6851 6751 6750
3 6852 6752 6751
3 6853 6753 6752
3 6854 6754 6753
3 6855 6755 6754
3 6856 6756 6755
3 6857 6757 6756
3 6858 6758 6757
3 6859 6759 6758
3 6860 6760 6759
3 6861 6761 6760
3 6862 6762 6761
3 6863 6763 6762
3 6864 6764 6763
3 6865 6765 6764
3 6866 6766 6765
3 6867 6767 6766
3 6868 6768 6767
3 6869 6769 6768
3 6870 6770 6769
3 6871 6771 6770
3 6872 6772 6771
3 6873 6773 6772
3 6874 6774 6773
3 6875 6775 6774
3 6876 6776 6775
3 6877 6777 6776
3 6878 6778 6777
3 6879 6779 6778
3 6880 6780 6779
3 6881 6781 6780
3 6882 6782 6781
3 6883 6783 6782
3 6884 6784 6783
3 6885 6785 6784
3 6886 6786 6785
3 6887 6787 6786
3 6888 6788 6787
3 6889 6789 6788
3 6890 6790 6789
3 6891 6791 6790
3 6892 6792 6791
3 6893 6793 6792
3 6894 6794 6793
3 6895 6795 6794
3 6896 6796 6795
3 6897 6797 6796
3 6898 6798 6797
3 6900 6800 6899
3 6901 6801 6800
3 6902 6802 6801
3 6903 6803 6802
3 6904 6804 6803
3 6905 6805 6804
3 6906 6806 6805
3 6907 6807 6806
3 6908 6808 6807
3 6909 6809 6808
3 6910 6810 6809
3 6911 6811 6810
3 6912 6812 6811
3 6913 6813 6812
3 6914 6814 6813
3 6915 6815 6814
3 6916 6816 6815
3 6917 6817 6816
3 6918 6818 6817
3 6919 6819 6818
3 6920 6820 6819
3 6921 6821 6820
3 6922 6822 6821
3 6923 6823 6822
3 6924 6824 6823
3 6925 6825 6824
3 6926 6826 6825
3 6927 6827 6826
3 6928 6828 6827
3 6929 6829 6828
3 6930 6830 6829
3 6931 6831 6830
3 6932 6832 6831
3 6933 6833 6832
3 6934 6834 6833
3 6935 6835 6834
3 6936 6836 6835
3 6937 6837 6836
3 6938 6838 6837
3 6939 6839 6838
3 6940 6840 6839
3 6941 6841 6840
3 6942 6842 6841
3 6943 6843 6842
3 6944 6844 6843
3 6945 6845 6844
3 6946 6846 6845
3 6947 6847 6846
3 6948 6848 6847
3 6949 6849 6848
3 6950 6850 6849
3 6951 6851 6850
3 6952 6852 6851
3 6953 6853 6852
3 6954 6854 6853
3 6955 6855 6854
3 6956 6856 6855
3 6957 6857 6856
3 6958 6858 6857
3 6959 6859 6858
3 6960 6860 6859
3 6961 6861 6860
3 6962 6862 6861
3 6963 6863 6862
3 6964 6864 6863
3 6965 6865 6864
3 6966 6866 6865
3 6967 6867 6866
3 6968 6868 6867
3 6969 6869 6868
3 6970 6870 6869
3 6971 6871 6870
3 6972 6872 6871
3 6973 6873 6872
3 6974 6874 6873
3 6975 6875 6874
3 6976 6876 6875
3 6977 6877 6876
3 6978 6878 6877
3 6979 6879 6878
3 6980 6880 6879
3 6981 6881 6880
3 6982 6882 6881
3 6983 6883 6882
3 6984 6884 6883
3 6985 6885 6884
3 6986 6886 6885
3 6987 6887 6886
3 6988 6888 6887
3 6989 6889 6888
3 6990 6890 6889
3 6991 6891 6890
3 6992 6892 6891
3 6993 6893 6892
3 6994 6894 6893
3 6995 6895 6894
3 6996 6896 6895
3 6997 6897 6896
3 6998 6898 6897
3 7000 6900 6999
3 7001 6901 6900
3 7002 6902 6901
3 7003 6903 6902
3 7004 6904 6903
3 7005 6905 6904
3 7006 6906 6905
3 7007 6907 6906
3 7008 6908 6907
3 7009 6909 6908
3 7010 6910 6909
3 7011 6911 6910
3 7012 6912 6911
3 7013 6913 6912
3 7014 6914 6913
3 7015 6915 6914
3 7016 6916 6915
3 7017 6917 6916
3 7018 6918 6917
3 7019 6919 6918
3 7020 6920 6919
3 7021 6921 6920
3 7022 6922 6921
3 7023 6923 6922
3 7024 6924 6923
3 7025 6925 6924
3 7026 6926 6925
3 7027 6927 6926
3 7028 6928 6927
3 7029 6929 6928
3 7030 6930 6929
3 7031 6931 6930
3 7032 6932 6931
3 7033 6933 6932
3 7034 6934 6933
3 7035 6935 6934
3 7036 6936 6935
3 7037 6937 6936
3 7038 6938 6937
3 7039 6939 6938
3 7040 6940 6939
3 7041 6941 6940
3 7042 6942 6941
3 7043 6943 6942
3 7044 6944 6943
3 7045 6945 6944
3 7046 6946 6945
3 7047 6947 6946
3 7048 6948 6947
3 7049 6949 6948
3 7050 6950 6949
3 7051 6951 6950
3 7052 6952 6951
3 7053 6953 6952
3 7054 6954 6953
3 7055 6955 6954
3 7056 6956 6955
3 7057 6957 6956
3 7058 6958 6957
3 7059 6959 6958
3 7060 6960 6959
3 7061 6961 6960
3 7062 6962 6961
3 7063 6963 6962
3 7064 6964 6963
3 7065 6965 6964
3 7066 6966 6965
3 7067 6967 6966
3 7068 6968 6967
3 7069 6969 6968
3 7070 6970 6969
3 7071 6971 6970
3 7072 6972 6971
3 7073 6973 6972
3 7074 6974 6973
3 7075 6975 6974
3 7076 6976 6975
3 7077 6977 6976
3 7078 6978 6977
3 7079 6979 6978
3 7080 6980 6979
3 7081 6981 6980
3 7082 6982 6981
3 7083 6983 6982
3 7084 6984 6983
3 7085 6985 6984
3 7086 6986 6985
3 7087 6987 6986
3 7088 6988 6987
3 7089 6989 6988
3 7090 6990 6989
3 7091 6991 6990
3 7092 6992 6991
3 7093 6993 6992
3 7094 6994 6993
3 7095 6995 6994
3 7096 6996 6995
3 7097 6997 6996
3 7098 6998 6997
3 7100 7000 7099
3 7101 7001 7000
3 7102 7002 7001
3 7103 7003 7002
3 7104 7004 7003
3 7105 7005 7004
3 7106 7006 7005
3 7107 7007 7006
3 7108 7008 7007
3 7109 7009 7008
3 7110 7010 7009
3 7111 7011 7010
3 7112 7012 7011
3 7113 7013 7012
3 7114 7014 7013
3 7115 7015 7014
3 7116 7016 7015
3 7117 7017 7016
3 7118 7018 7017
3 7119 7019 7018
3 7120 7020 7019
3 7121 7021 7020
3 7122 7022 7021
3 7123 7023 7022
3 7124 7024 7023
3 7125 7025 7024
3 7126 7026 7025
3 7127 7027 7026
3 7128 7028 7027
3 7129 7029 7028
3 7130 7030 7029
3 7131 7031 7030
3 7132 7032 7031
3 7133 7033 7032
3 7134 7034 7033
3 7135 7035 7034
3 7136 7036 7035
3 7137 7037 7036
3 7138 7038 7037
3 7139 7039 7038
3 7140 7040 7039
3 7141 7041 7040
3 7142 7042 7041
3 7143 7043 7042
3 7144 7044 7043
3 7145 7045 7044
3 7146 7046 7045
3 7147 7047 7046
3 7148 7048 7047
3 7149 7049 7048
3 7150 7050 7049
3 7151 7051 7050
3 7152 7052 7051
3 7153 7053 7052
3 7154 7054 7053
3 7155 7055 7054
3 7156 7056 7055
3 7157 7057 7056
3 7158 7058 7057
3 7159 7059 7058
3 7160 7060 7059
3 7161 7061 7060
3 7162 7062 7061
3 7163 7063 7062
3 7164 7064 7063
3 7165 7065 7064
3 7166 7066 7065
3 7167 7067 7066
3 7168 7068 7067
3 7169 7069 7068
3 7170 7070 7069
3 7171 7071 7070
3 7172 7072 7071
3 7173 7073 7072
3 7174 7074 7073
3 7175 7075 7074
3 7176 7076 7075
3 7177 7077 7076
3 7178 7078 7077
3 7179 7079 7078
3 7180 7080 7079
3 7181 7081 7080
3 7182 7082 7081
3 7183 7083 7082
3 7184 7084 7083
3 7185 7085 7084
3 7186 7086 7085
3 7187 7087 7086
3 7188 7088 7087
3 7189 7089 7088
3 7190 7090 7089
3 7191 7091 7090
3 7192 7092 7091
3 7193 7093 7092
3 7194 7094 7093
3 7195 7095 7094
3 7196 7096 7095
3 7197 7097 7096
3 7198 7098 7097
3 7200 7100 7199
3 7201 7101 7100
3 7202 7102 7101
3 7203 7103 7102
3 7204 7104 7103
3 7205 7105 7104
3 7206 7106 7105
3 7207 7107 7106
3 7208 7108 7107
3 7209 7109 7108
3 7210 7110 7109
3 7211 7111 7110
3 7212 7112 7111
3 7213 7113 7112
3 7214 7114 7113
3 7215 7115 7114
3 7216 7116 7115
3 7217 7117 7116
3 7218 7118 7117
3 7219 7119 7118
3 7220 7120 7119
3 7221 7121 7120
3 7222 7122 7121
3 7223 7123 7122
3 7224 7124 7123
3 7225 7125 7124
3 7226 7126 7125
3 7227 7127 7126
3 7228 7128 7127
3 7229 7129 7128
3 7230 7130 7129
3 7231 7131 7130
3 7232 7132 7131
3 7233 7133 7132
3 7234 7134 7133
3 7235 7135 7134
3 7236 7136 7135
3 7237 7137 7136
3 7238 7138 7137
3 7239 7139 7138
3 7240 7140 7139
3 7241 7141 7140
3 7242 7142 7141
3 7243 7143 7142
3 7244 7144 7143
3 7245 7145 7144
3 7246 7146 7145
3 7247 7147 7146
3 7248 7148 7147
3 7249 7149 7148
3 7250 7150 7149
3 7251 7151 7150
3 7252 7152 7151
3 7253 7153 7152
3 7254 7154 7153
3 7255 7155 7154
3 7256 7156 7155
3 7257 7157 7156
3 7258 7158 7157
3 7259 7159 7158
3 7260 7160 7159
3 7261 7161 7160
3 7262 7162 7161
3 7263 7163 7162
3 7264 7164 7163
3 7265 7165 7164
3 7266 7166 7165
3 7267 7167 7166
3 7268 7168 7167
3 7269 7169 7168
3 7270 7170 7169
3 7271 7171 7170
3 7272 7172 7171
3 7273 7173 7172
3 7274 7174 7173
3 7275 7175 7174
3 7276 7176 7175
3 7277 7177 7176
3 7278 7178 7177
3 7279 7179 7178
3 7280 7180 7179
3 7281 7181 7180
3 7282 7182 7181
3 7283 7183 7182
3 7284 7184 7183
3 7285 7185 7184
3 7286 7186 7185
3 7287 7187 7186
3 7288 7188 7187
3 7289 7189 7188
3 7290 7190 7189
3 7291 7191 7190
3 7292 7192 7191
3 7293 7193 7192
3 7294 7194 7193
3 7295 7195 7194
3 7296 7196 7195
3 7297 7197 7196
3 7298 7198 7197
3 7300 7200 7299
3 7301 7201 7200
3 7302 7202 7201
3 7303 7203 7202
3 7304 7204 7203
3 7305 7205 7204
3 7306 7206 7205
3 7307 7207 7206
3 7308 7208 7207
3 7309 7209 7208
3 7310 7210 7209
3 7311 7211 7210
3 7312 7212 7211
3 7313 7213 7212
3 7314 7214 7213
3 7315 7215 7214
3 7316 7216 7215
3 7317 7217 7216
3 7318 7218 7217
3 7319 7219 7218
3 7320 7220 7219
3 7321 7221 7220
3 7322 7222 7221
3 7323 7223 7222
3 7324 7224 7223
3 7325 7225 7224
3 7326 7226 7225
3 7327 7227 7226
3 7328 7228 7227
3 7329 7229 7228
3 7330 7230 7229
3 7331 7231 7230
3 7332 7232 7231
3 7333 7233 7232
3 7334 7234 7233
3 7335 7235 7234
3 7336 7236 7235
3 7337 7237 7236
3 7338 7238 7237
3 7339 7239 7238
3 7340 7240 7239
3 7341 7241 7240
3 7342 7242 7241
3 7343 7243 7242
3 7344 7244 7243
3 7345 7245 7244
3 7346 7246 7245
3 7347 7247 7246
3 7348 7248 7247
3 7349 7249 7248
3 7350 7250 7249
3 7351 7251 7250
3 7352 7252 7251
3 7353 7253 7252
3 7354 7254 7253
3 7355 7255 7254
3 7356 7256 7255
3 7357 7257 7256
3 7358 7258 7257
3 7359 7259 7258
3 7360 7260 7259
3 7361 7261 7260
3 7362 7262 7261
3 7363 7263 7262
3 7364 7264 7263
3 7365 7265 7264
3 7366 7266 7265
3 7367 7267 7266
3 7368 7268 7267
3 7369 7269 7268
3 7370 7270 7269
3 7371 7271 7270
3 7372 7272 7271
3 7373 7273 7272
3 7374 7274 7273
3 7375 7275 7274
3 7376 7276 7275
3 7377 7277 7276
3 7378 7278 7277
3 7379 7279 7278
3 7380 7280 7279
3 7381 7281 7280
3 7382 7282 7281
3 7383 7283 7282
3 7384 7284 7283
3 7385 7285 7284
3 7386 7286 7285
3 7387 7287 7286
3 7388 7288 7287
3 7389 7289 7288
3 7390 7290 7289
3 7391 7291 7290
3 7392 7292 7291
3 7393 7293 7292
3 7394 7294 7293
3 7395 7295 7294
3 7396 7296 7295
3 7397 7297 7296
3 7398 7298 7297
3 7400 7300 7399
3 7401 7301 7300
3 7402 7302 7301
3 7403 7303 7302
3 7404 7304 7303
3 7405 7305 7304
3 7406 7306 7305
3 7407 7307 7306
3 7408 7308 7307
3 7409 7309 7308
3 7410 7310 7309
3 7411 7311 7310
3 7412 7312 7311
3 7413 7313 7312
3 7414 7314 7313
3 7415 7315 7314
3 7416 7316 7315
3 7417 7317 7316
3 7418 7318 7317
3 7419 7319 7318
3 7420 7320 7319
3 7421 7321 7320
3 7422 7322 7321
3 7423 7323 7322
3 7424 7324 7323
3 7425 7325 7324
3 7426 7326 7325
3 7427 7327 7326
3 7428 7328 7327
3 7429 7329 7328
3 7430 7330 7329
3 7431 7331 7330
3 7432 7332 7331
3 7433 7333 7332
3 7434 7334 7333
3 7435 7335 7334
3 7436 7336 7335
3 7437 7337 7336
3 7438 7338 7337
3 7439 7339 7338
3 7440 7340 7339
3 7441 7341 7340
3 7442 7342 7341
3 7443 7343 7342
3 7444 7344 7343
3 7445 7345 7344
3 7446 7346 7345
3 7447 7347 7346
3 7448 7348 7347
3 7449 7349 7348
3 7450 7350 7349
3 7451 7351 7350
3 7452 7352 7351
3 7453 7353 7352
3 7454 7354 7353
3 7455 7355 7354
3 7456 7356 7355
3 7457 7357 7356
3 7458 7358 7357
3 7459 7359 7358
3 7460 7360 7359
3 7461 7361 7360
3 7462 7362 7361
3 7463 7363 7362
3 7464 7364 7363
3 7465 7365 7364
3 7466 7366 7365
3 7467 7367 7366
3 7468 7368 7367
3 7469 7369 7368
3 7470 7370 7369
3 7471 7371 7370
3 7472 7372 7371
3 7473 7373 7372
3 7474 7374 7373
3 7475 7375 7374
3 7476 7376 7375
3 7477 7377 7376
3 7478 7378 7377
3 7479 7379 7378
3 7480 7380 7379
3 7481 7381 7380
3 7482 7382 7381
3 7483 7383 7382
3 7484 7384 7383
3 7485 7385 7384
3 7486 7386 7385
3 7487 7387 7386
3 7488 7388 7387
3 7489 7389 7388
3 7490 7390 7389
3 7491 7391 7390
3 7492 7392 7391
3 7493 7393 7392
3 7494 7394 7393
3 7495 7395 7394
3 7496 7396 7395
3 7497 7397 7396
3 7498 7398 7397
3 7500 7400 7499
3 7501 7401 7400
3 7502 7402 7401
3 7503 7403 7402
3 7504 7404 7403
3 7505 7405 7404
3 7506 7406 7405
3 7507 7407 7406
3 7508 7408 7407
3 7509 7409 7408
3 7510 7410 7409
3 7511 7411 7410
3 7512 7412 7411
3 7513 7413 7412
3 7514 7414 7413
3 7515 7415 7414
3 7516 7416 7415
3 7517 7417 7416
3 7518 7418 7417
3 7519 7419 7418
3 7520 7420 7419
3 7521 7421 7420
3 7522 7422 7421
3 7523 7423 7422
3 7524 7424 7423
3 7525 7425 7424
3 7526 7426 7425
3 7527 7427 7426
3 7528 7428 7427
3 7529 7429 7428
3 7530 7430 7429
3 7531 7431 7430
3 7532 7432 7431
3 7533 7433 7432
3 7534 7434 7433
3 7535 7435 7434
3 7536 7436 7435
3 7537 7437 7436
3 7538 7438 7437
3 7539 7439 7438
3 7540 7440 7439
3 7541 7441 7440
3 7542 7442 7441
3 7543 7443 7442
3 7544 7444 7443
3 7545 7445 7444
3 7546 7446 7445
3 7547 7447 7446
3 7548 7448 7447
3 7549 7449 7448
3 7550 7450 7449
3 7551 7451 7450
3 7552 7452 7451
3 7553 7453 7452
3 7554 7454 7453
3 7555 7455 7454
3 7556 7456 7455
3 7557 7457 7456
3 7558 7458 7457
3 7559 7459 7458
3 7560 7460 7459
3 7561 7461 7460
3 7562 7462 7461
3 7563 7463 7462
3 7564 7464 7463
3 7565 7465 7464
3 7566 7466 7465
3 7567 7467 7466
3 7568 7468 7467
3 7569 7469 7468
3 7570 7470 7469
3 7571 7471 7470
3 7572 7472 7471
3 7573 7473 7472
3 7574 7474 7473
3 7575 7475 7474
3 7576 7476 7475
3 7577 7477 7476
3 7578 7478 7477
3 7579 7479 7478
3 7580 7480 7479
3 7581 7481 7480
3 7582 7482 7481
3 7583 7483 7482
3 7584 7484 7483
3 7585 7485 7484
3 7586 7486 7485
3 7587 7487 7486
3 7588 7488 7487
3 7589 7489 7488
3 7590 7490 7489
3 7591 7491 7490
3 7592 7492 7491
3 7593 7493 7492
3 7594 7494 7493
3 7595 7495 7494
3 7596 7496 7495
3 7597 7497 7496
3 7598 7498 7497
3 7600 7500 7599
3 7601 7501 7500
3 7602 7502 7501
3 7603 7503 7502
3 7604 7504 7503
3 7605 7505 7504
3 7606 7506 7505
3 7607 7507 7506
3 7608 7508 7507
3 7609 7509 7508
3 7610 7510 7509
3 7611 7511 7510
3 7612 7512 7511
3 7613 7513 7512
3 7614 7514 7513
3 7615 7515 7514
3 7616 7516 7515
3 7617 7517 7516
3 7618 7518 7517
3 7619 7519 7518
3 7620 7520 7519
3 7621 7521 7520
3 7622 7522 7521
3 7623 7523 7522
3 7624 7524 7523
3 7625 7525 7524
3 7626 7526 7525
3 7627 7527 7526
3 7628 7528 7527
3 7629 7529 7528
3 7630 7530 7529
3 7631 7531 7530
3 7632 7532 7531
3 7633 7533 7532
3 7634 7534 7533
3 7635 7535 7534
3 7636 7536 7535
3 7637 7537 7536
3 7638 7538 7537
3 7639 7539 7538
3 7640 7540 7539
3 7641 7541 7540
3 7642 7542 7541
3 7643 7543 7542
3 7644 7544 7543
3 7645 7545 7544
3 7646 7546 7545
3 7647 7547 7546
3 7648 7548 7547
3 7649 7549 7548
3 7650 7550 7549
3 7651 7551 7550
3 7652 7552 7551
3 7653 7553 7552
3 7654 7554 7553
3 7655 7555 7554
3 7656 7556 7555
3 7657 7557 7556
3 7658 7558 7557
3 7659 7559 7558
3 7660 7560 7559
3 7661 7561 7560
3 7662 7562 7561
3 7663 7563 7562
3 7664 7564 7563
3 7665 7565 7564
3 7666 7566 7565
3 7667 7567 7566
3 7668 7568 7567
3 7669 7569 7568
3 7670 7570 7569
3 7671 7571 7570
3 7672 7572 7571
3 7673 7573 7572
3 7674 7574 7573
3 7675 7575 7574
3 7676 7576 7575
3 7677 7577 7576
3 7678 7578 7577
3 7679 7579 7578
3 7680 7580 7579
3 7681 7581 7580
3 7682 7582 7581
3 7683 7583 7582
3 7684 7584 7583
3 7685 7585 7584
3 7686 7586 7585
3 7687 7587 7586
3 7688 7588 7587
3 7689 7589 7588
3 7690 7590 7589
3 7691 7591 7590
3 7692 7592 7591
3 7693 7593 7592
3 7694 7594 7593
3 7695 7595 7594
3 7696 7596 7595
3 7697 7597 7596
3 7698 7598 7597
3 7700 7600 7699
3 7701 7601 7600
3 7702 7602 7601
3 7703 7603 7602
3 7704 7604 7603
3 7705 7605 7604
3 7706 7606 7605
3 7707 7607 7606
3 7708 7608 7607
3 7709 7609 7608
3 7710 7610 7609
3 7711 7611 7610
3 7712 7612 7611
3 7713 7613 7612
3 7714 7614 7613
3 7715 7615 7614
3 7716 7616 7615
3 7717 7617 7616
3 7718 7618 7617
3 7719 7619 7618
3 7720 7620 7619
3 7721 7621 7620
3 7722 7622 7621
3 7723 7623 7622
3 7724 7624 7623
3 7725 7625 7624
3 7726 7626 7625
3 7727 7627 7626
3 7728 7628 7627
3 7729 7629 7628
3 7730 7630 7629
3 7731 7631 7630
3 7732 7632 7631
3 7733 7633 7632
3 7734 7634 7633
3 7735 7635 7634
3 7736 7636 7635
3 7737 7637 7636
3 7738 7638 7637
3 7739 7639 7638
3 7740 7640 7639
3 7741 7641 7640
3 7742 7642 7641
3 7743 7643 7642
3 7744 7644 7643
3 7745 7645 7644
3 7746 7646 7645
3 7747 7647 7646
3 7748 7648 7647
3 7749 7649 7648
3 7750 7650 7649
3 7751 7651 7650
3 7752 7652 7651
3 7753 7653 7652
3 7754 7654 7653
3 7755 7655 7654
3 7756 7656 7655
3 7757 7657 7656
3 7758 7658 7657
3 7759 7659 7658
3 7760 7660 7659
3 7761 7661 7660
3 7762 7662 7661
3 7763 7663 7662
3 7764 7664 7663
3 7765 7665 7664
3 7766 7666 7665
3 7767 7667 7666
3 7768 7668 7667
3 7769 7669 7668
3 7770 7670 7669
3 7771 7671 7670
3 7772 7672 7671
3 7773 7673 7672
3 7774 7674 7673
3 7775 7675 7674
3 7776 7676 7675
3 7777 7677 7676
3 7778 7678 7677
3 7779 7679 7678
3 7780 7680 7679
3 7781 7681 7680
3 7782 7682 7681
3 7783 7683 7682
3 7784 7684 7683
3 7785 7685 7684
3 7786 7686 7685
3 7787 7687 7686
3 7788 7688 7687
3 7789 7689 7688
3 7790 7690 7689
3 7791 7691 7690
3 7792 7692 7691
3 7793 7693 7692
3 7794 7694 7693
3 7795 7695 7694
3 7796 7696 7695
3 7797 7697 7696
3 7798 7698 7697
3 7800 7700 7799
3 7801 7701 7700
3 7802 7702 7701
3 7803 7703 7702
3 7804 7704 7703
3 7805 7705 7704
3 7806 7706 7705
3 7807 7707 7706
3 7808 7708 7707
3 7809 7709 7708
3 7810 7710 7709
3 7811 7711 7710
3 7812 7712 7711
3 7813 7713 7712
3 7814 7714 7713
3 7815 7715 7714
3 7816 7716 7715
3 7817 7717 7716
3 7818 7718 7717
3 7819 7719 7718
3 7820 7720 7719
3 7821 7721 7720
3 7822 7722 7721
3 7823 7723 7722
3 7824 7724 7723
3 7825 7725 7724
3 7826 7726 7725
3 7827 7727 7726
3 7828 7728 7727
3 7829 7729 7728
3 7830 7730 7729
3 7831 7731 7730
3 7832 7732 7731
3 7833 7733 7732
3 7834 7734 7733
3 7835 7735 7734
3 7836 7736 7735
3 7837 7737 7736
3 7838 7738 7737
3 7839 7739 7738
3 7840 7740 7739
3 7841 7741 7740
3 7842 7742 7741
3 7843 7743 7742
3 7844 7744 7743
3 7845 7745 7744
3 7846 7746 7745
3 7847 7747 7746
3 7848 7748 7747
3 7849 7749 7748
3 7850 7750 7749
3 7851 7751 7750
3 7852 7752 7751
3 7853 7753 7752
3 7854 7754 7753
3 7855 7755 7754
3 7856 7756 7755
3 7857 7757 7756
3 7858 7758 7757
3 7859 7759 7758
3 7860 7760 7759
3 7861 7761 7760
3 7862 7762 7761
3 7863 7763 7762
3 7864 7764 7763
3 7865 7765 7764
3 7866 7766 7765
3 7867 7767 7766
3 7868 7768 7767
3 7869 7769 7768
3 7870 7770 7769
3 7871 7771 7770
3 7872 7772 7771
3 7873 7773 7772
3 7874 7774 7773
3 7875 7775 7774
3 7876 7776 7775
3 7877 7777 7776
3 7878 7778 7777
3 7879 7779 7778
3 7880 7780 7779
3 7881 7781 7780
3 7882 7782 7781
3 7883 7783 7782
3 7884 7784 7783
3 7885 7785 7784
3 7886 7786 7785
3 7887 7787 7786
3 7888 7788 7787
3 7889 7789 7788
3 7890 7790 7789
3 7891 7791 7790
3 7892 7792 7791
3 7893 7793 7792
3 7894 7794 7793
3 7895 7795 7794
3 7896 7796 7795
3 7897 7797 7796
3 7898 7798 7797
3 7900 7800 7899
3 7901 7801 7800
3 7902 7802 7801
3 7903 7803 7802
3 7904 7804 7803
3 7905 7805 7804
3 7906 7806 7805
3 7907 7807 7806
3 7908 7808 7807
3 7909 7809 7808
3 7910 7810 7809
3 7911 7811 7810
3 7912 7812 7811
3 7913 7813 7812
3 7914 7814 7813
3 7915 7815 7814
3 7916 7816 7815
3 7917 7817 7816
3 7918 7818 7817
3 7919 7819 7818
3 7920 7820 7819
3 7921 7821 7820
3 7922 7822 7821
3 7923 7823 7822
3 7924 7824 7823
3 7925 7825 7824
3 7926 7826 7825
3 7927 7827 7826
3 7928 7828 7827
3 7929 7829 7828
3 7930 7830 7829
3 7931 7831 7830
3 7932 7832 7831
3 7933 7833 7832
3 7934 7834 7833
3 7935 7835 7834
3 7936 7836 7835
3 7937 7837 7836
3 7938 7838 7837
3 7939 7839 7838
3 7940 7840 7839
3 7941 7841 7840
3 7942 7842 7841
3 7943 7843 7842
3 7944 7844 7843
3 7945 7845 7844
3 7946 7846 7845
3 7947 7847 7846
3 7948 7848 7847
3 7949 7849 7848
3 7950 7850 7849
3 7951 7851 7850
3 7952 7852 7851
3 7953 7853 7852
3 7954 7854 7853
3 7955 7855 7854
3 7956 7856 7855
3 7957 7857 7856
3 7958 7858 7857
3 7959 7859 7858
3 7960 7860 7859
3 7961 7861 7860
3 7962 7862 7861
3 7963 7863 7862
3 7964 7864 7863
3 7965 7865 7864
3 7966 7866 7865
3 7967 7867 7866
3 7968 7868 7867
3 7969 7869 7868
3 7970 7870 7869
3 7971 7871 7870
3 7972 7872 7871
3 7973 7873 7872
3 7974 7874 7873
3 7975 7875 7874
3 7976 7876 7875
3 7977 7877 7876
3 7978 7878 7877
3 7979 7879 7878
3 7980 7880 7879
3 7981 7881 7880
3 7982 7882 7881
3 7983 7883 7882
3 7984 7884 7883
3 7985 7885 7884
3 7986 7886 7885
3 7987 7887 7886
3 7988 7888 7887
3 7989 7889 7888
3 7990 7890 7889
3 7991 7891 7890
3 7992 7892 7891
3 7993 7893 7892
3 7994 7894 7893
3 7995 7895 7894
3 7996 7896 7895
3 7997 7897 7896
3 7998 7898 7897
3 8000 7900 7999
3 8001 7901 7900
3 8002 7902 7901
3 8003 7903 7902
3 8004 7904 7903
3 8005 7905 7904
3 8006 7906 7905
3 8007 7907 7906
3 8008 7908 7907
3 8009 7909 7908
3 8010 7910 7909
3 8011 7911 7910
3 8012 7912 7911
3 8013 7913 7912
3 8014 7914 7913
3 8015 7915 7914
3 8016 7916 7915
3 8017 7917 7916
3 8018 7918 7917
3 8019 7919 7918
3 8020 7920 7919
3 8021 7921 7920
3 8022 7922 7921
3 8023 7923 7922
3 8024 7924 7923
3 8025 7925 7924
3 8026 7926 7925
3 8027 7927 7926
3 8028 7928 7927
3 8029 7929 7928
3 8030 7930 7929
3 8031 7931 7930
3 8032 7932 7931
3 8033 7933 7932
3 8034 7934 7933
3 8035 7935 7934
3 8036 7936 7935
3 8037 7937 7936
3 8038 7938 7937
3 8039 7939 7938
3 8040 7940 7939
3 8041 7941 7940
3 8042 7942 7941
3 8043 7943 7942
3 8044 7944 7943
3 8045 7945 7944
3 8046 7946 7945
3 8047 7947 7946
3 8048 7948 7947
3 8049 7949 7948
3 8050 7950 7949
3 8051 7951 7950
3 8052 7952 7951
3 8053 7953 7952
3 8054 7954 7953
3 8055 7955 7954
3 8056 7956 7955
3 8057 7957 7956
3 8058 7958 7957
3 8059 7959 7958
3 8060 7960 7959
3 8061 7961 7960
3 8062 7962 7961
3 8063 7963 7962
3 8064 7964 7963
3 8065 7965 7964
3 8066 7966 7965
3 8067 7967 7966
3 8068 7968 7967
3 8069 7969 7968
3 8070 7970 7969
3 8071 7971 7970
3 8072 7972 7971
3 8073 7973 7972
3 8074 7974 7973
3 8075 7975 7974
3 8076 7976 7975
3 8077 7977 7976
3 8078 7978 7977
3 8079 7979 7978
3 8080 7980 7979
3 8081 7981 7980
3 8082 7982 7981
3 8083 7983 7982
3 8084 7984 7983
3 8085 7985 7984
3 8086 7986 7985
3 8087 7987 7986
3 8088 7988 7987
3 8089 7989 7988
3 8090 7990 7989
3 8091 7991 7990
3 8092 7992 7991
3 8093 7993 7992
3 8094 7994 7993
3 8095 7995 7994
3 8096 7996 7995
3 8097 7997 7996
3 8098 7998 7997
3 8100 8000 8099
3 8101 8001 8000
3 8102 8002 8001
3 8103 8003 8002
3 8104 8004 8003
3 8105 8005 8004
3 8106 8006 8005
3 8107 8007 8006
3 8108 8008 8007
3 8109 8009 8008
3 8110 8010 8009
3 8111 8011 8010
3 8112 8012 8011
3 8113 8013 8012
3 8114 8014 8013
3 8115 8015 8014
3 8116 8016 8015
3 8117 8017 8016
3 8118 8018 8017
3 8119 8019 8018
3 8120 8020 8019
3 8121 8021 8020
3 8122 8022 8021
3 8123 8023 8022
3 8124 8024 8023
3 8125 8025 8024
3 8126 8026 8025
3 8127 8027 8026
3 8128 8028 8027
3 8129 8029 8028
3 8130 8030 8029
3 8131 8031 8030
3 8132 8032 8031
3 8133 8033 8032
3 8134 8034 8033
3 8135 8035 8034
3 8136 8036 8035
3 8137 8037 8036
3 8138 8038 8037
3 8139 8039 8038
3 8140 8040 8039
3 8141 8041 8040
3 8142 8042 8041
3 8143 8043 8042
3 8144 8044 8043
3 8145 8045 8044
3 8146 8046 8045
3 8147 8047 8046
3 8148 8048 8047
3 8149 8049 8048
3 8150 8050 8049
3 8151 8051 8050
3 8152 8052 8051
3 8153 8053 8052
3 8154 8054 8053
3 8155 8055 8054
3 8156 8056 8055
3 8157 8057 8056
3 8158 8058 8057
3 8159 8059 8058
3 8160 8060 8059
3 8161 8061 8060
3 8162 8062 8061
3 8163 8063 8062
3 8164 8064 8063
3 8165 8065 8064
3 8166 8066 8065
3 8167 8067 8066
3 8168 8068 8067
3 8169 8069 8068
3 8170 8070 8069
3 8171 8071 8070
3 8172 8072 8071
3 8173 8073 8072
3 8174 8074 8073
3 8175 8075 8074
3 8176 8076 8075
3 8177 8077 8076
3 8178 8078 8077
3 8179 8079 8078
3 8180 8080 8079
3 8181 8081 8080
3 8182 8082 8081
3 8183 8083 8082
3 8184 8084 8083
3 8185 8085 8084
3 8186 8086 8085
3 8187 8087 8086
3 8188 8088 8087
3 8189 8089 8088
3 8190 8090 8089
3 8191 8091 8090
3 8192 8092 8091
3 8193 8093 8092
3 8194 8094 8093
3 8195 8095 8094
3 8196 8096 8095
3 8197 8097 8096
3 8198 8098 8097
3 8200 8100 8199
3 8201 8101 8100
3 8202 8102 8101
3 8203 8103 8102
3 8204 8104 8103
3 8205 8105 8104
3 8206 8106 8105
3 8207 8107 8106
3 8208 8108 8107
3 8209 8109 8108
3 8210 8110 8109
3 8211 8111 8110
3 8212 8112 8111
3 8213 8113 8112
3 8214 8114 8113
3 8215 8115 8114
3 8216 8116 8115
3 8217 8117 8116
3 8218 8118 8117
3 8219 8119 8118
3 8220 8120 8119
3 8221 8121 8120
3 8222 8122 8121
3 8223 8123 8122
3 8224 8124 8123
3 8225 8125 8124
3 8226 8126 8125
3 8227 8127 8126
3 8228 8128 8127
3 8229 8129 8128
3 8230 8130 8129
3 8231 8131 8130
3 8232 8132 8131
3 8233 8133 8132
3 8234 8134 8133
3 8235 8135 8134
3 8236 8136 8135
3 8237 8137 8136
3 8238 8138 8137
3 8239 8139 8138
3 8240 8140 8139
3 8241 8141 8140
3 8242 8142 8141
3 8243 8143 8142
3 8244 8144 8143
3 8245 8145 8144
3 8246 8146 8145
3 8247 8147 8146
3 8248 8148 8147
3 8249 8149 8148
3 8250 8150 8149
3 8251 8151 8150
3 8252 8152 8151
3 8253 8153 8152
3 8254 8154 8153
3 8255 8155 8154
3 8256 8156 8155
3 8257 8157 8156
3 8258 8158 8157
3 8259 8159 8158
3 8260 8160 8159
3 8261 8161 8160
3 8262 8162 8161
3 8263 8163 8162
3 8264 8164 8163
3 8265 8165 8164
3 8266 8166 8165
3 8267 8167 8166
3 8268 8168 8167
3 8269 8169 8168
3 8270 8170 8169
3 8271 8171 8170
3 8272 8172 8171
3 8273 8173 8172
3 8274 8174 8173
3 8275 8175 8174
3 8276 8176 8175
3 8277 8177 8176
3 8278 8178 8177
3 8279 8179 8178
3 8280 8180 8179
3 8281 8181 8180
3 8282 8182 8181
3 8283 8183 8182
3 8284 8184 8183
3 8285 8185 8184
3 8286 8186 8185
3 8287 8187 8186
3 8288 8188 8187
3 8289 8189 8188
3 8290 8190 8189
3 8291 8191 8190
3 8292 8192 8191
3 8293 8193 8192
3 8294 8194 8193
3 8295 8195 8194
3 8296 8196 8195
3 8297 8197 8196
3 8298 8198 8197
3 8300 8200 8299
3 8301 8201 8200
3 8302 8202 8201
3 8303 8203 8202
3 8304 8204 8203
3 8305 8205 8204
3 8306 8206 8205
3 8307 8207 8206
3 8308 8208 8207
3 8309 8209 8208
3 8310 8210 8209
3 8311 8211 8210
3 8312 8212 8211
3 8313 8213 8212
3 8314 8214 8213
3 8315 8215 8214
3 8316 8216 8215
3 8317 8217 8216
3 8318 8218 8217
3 8319 8219 8218
3 8320 8220 8219
3 8321 8221 8220
3 8322 8222 8221
3 8323 8223 8222
3 8324 8224 8223
3 8325 8225 8224
3 8326 8226 8225
3 8327 8227 8226
3 8328 8228 8227
3 8329 8229 8228
3 8330 8230 8229
3 8331 8231 8230
3 8332 8232 8231
3 8333 8233 8232
3 8334 8234 8233
3 8335 8235 8234
3 8336 8236 8235
3 8337 8237 8236
3 8338 8238 8237
3 8339 8239 8238
3 8340 8240 8239
3 8341 8241 8240
3 8342 8242 8241
3 8343 8243 8242
3 8344 8244 8243
3 8345 8245 8244
3 8346 8246 8245
3 8347 8247 8246
3 8348 8248 8247
3 8349 8249 8248
3 8350 8250 8249
3 8351 8251 8250
3 8352 8252 8251
3 8353 8253 8252
3 8354 8254 8253
3 8355 8255 8254
3 8356 8256 8255
3 8357 8257 8256
3 8358 8258 8257
3 8359 8259 8258
3 8360 8260 8259
3 8361 8261 8260
3 8362 8262 8261
3 8363 8263 8262
3 8364 8264 8263
3 8365 8265 8264
3 8366 8266 8265
3 8367 8267 8266
3 8368 8268 8267
3 8369 8269 8268
3 8370 8270 8269
3 8371 8271 8270
3 8372 8272 8271
3 8373 8273 8272
3 8374 8274 8273
3 8375 8275 8274
3 8376 8276 8275
3 8377 8277 8276
3 8378 8278 8277
3 8379 8279 8278
3 8380 8280 8279
3 8381 8281 8280
3 8382 8282 8281
3 8383 8283 8282
3 8384 8284 8283
3 8385 8285 8284
3 8386 8286 8285
3 8387 8287 8286
3 8388 8288 8287
3 8389 8289 8288
3 8390 8290 8289
3 8391 8291 8290
3 8392 8292 8291
3 8393 8293 8292
3 8394 8294 8293
3 8395 8295 8294
3 8396 8296 8295
3 8397 8297 8296
3 8398 8298 8297
3 8400 8300 8399
3 8401 8301 8300
3 8402 8302 8301
3 8403 8303 8302
3 8404 8304 8303
3 8405 8305 8304
3 8406 8306 8305
3 8407 8307 8306
3 8408 8308 8307
3 8409 8309 8308
3 8410 8310 8309
3 8411 8311 8310
3 8412 8312 8311
3 8413 8313 8312
3 8414 8314 8313
3 8415 8315 8314
3 8416 8316 8315
3 8417 8317 8316
3 8418 8318 8317
3 8419 8319 8318
3 8420 8320 8319
3 8421 8321 8320
3 8422 8322 8321
3 8423 8323 8322
3 8424 8324 8323
3 8425 8325 8324
3 8426 8326 8325
3 8427 8327 8326
3 8428 8328 8327
3 8429 8329 8328
3 8430 8330 8329
3 8431 8331 8330
3 8432 8332 8331
3 8433 8333 8332
3 8434 8334 8333
3 8435 8335 8334
3 8436 8336 8335
3 8437 8337 8336
3 8438 8338 8337
3 8439 8339 8338
3 8440 8340 8339
3 8441 8341 8340
3 8442 8342 8341
3 8443 8343 8342
3 8444 8344 8343
3 8445 8345 8344
3 8446 8346 8345
3 8447 8347 8346
3 8448 8348 8347
3 8449 8349 8348
3 8450 8350 8349
3 8451 8351 8350
3 8452 8352 8351
3 8453 8353 8352
3 8454 8354 8353
3 8455 8355 8354
3 8456 8356 8355
3 8457 8357 8356
3 8458 8358 8357
3 8459 8359 8358
3 8460 8360 8359
3 8461 8361 8360
3 8462 8362 8361
3 8463 8363 8362
3 8464 8364 8363
3 8465 8365 8364
3 8466 8366 8365
3 8467 8367 8366
3 8468 8368 8367
3 8469 8369 8368
3 8470 8370 8369
3 8471 8371 8370
3 8472 8372 8371
3 8473 8373 8372
3 8474 8374 8373
3 8475 8375 8374
3 8476 8376 8375
3 8477 8377 8376
3 8478 8378 8377
3 8479 8379 8378
3 8480 8380 8379
3 8481 8381 8380
3 8482 8382 8381
3 8483 8383 8382
3 8484 8384 8383
3 8485 8385 8384
3 8486 8386 8385
3 8487 8387 8386
3 8488 8388 8387
3 8489 8389 8388
3 8490 8390 8389
3 8491 8391 8390
3 8492 8392 8391
3 8493 8393 8392
3 8494 8394 8393
3 8495 8395 8394
3 8496 8396 8395
3 8497 8397 8396
3 8498 8398 8397
3 8500 8400 8499
3 8501 8401 8400
3 8502 8402 8401
3 8503 8403 8402
3 8504 8404 8403
3 8505 8405 8404
3 8506 8406 8405
3 8507 8407 8406
3 8508 8408 8407
3 8509 8409 8408
3 8510 8410 8409
3 8511 8411 8410
3 8512 8412 8411
3 8513 8413 8412
3 8514 8414 8413
3 8515 8415 8414
3 8516 8416 8415
3 8517 8417 8416
3 8518 8418 8417
3 8519 8419 8418
3 8520 8420 8419
3 8521 8421 8420
3 8522 8422 8421
3 8523 8423 8422
3 8524 8424 8423
3 8525 8425 8424
3 8526 8426 8425
3 8527 8427 8426
3 8528 8428 8427
3 8529 8429 8428
3 8530 8430 8429
3 8531 8431 8430
3 8532 8432 8431
3 8533 8433 8432
3 8534 8434 8433
3 8535 8435 8434
3 8536 8436 8435
3 8537 8437 8436
3 8538 8438 8437
3 8539 8439 8438
3 8540 8440 8439
3 8541 8441 8440
3 8542 8442 8441
3 8543 8443 8442
3 8544 8444 8443
3 8545 8445 8444
3 8546 8446 8445
3 8547 8447 8446
3 8548 8448 8447
3 8549 8449 8448
3 8550 8450 8449
3 8551 8451 8450
3 8552 8452 8451
3 8553 8453 8452
3 8554 8454 8453
3 8555 8455 8454
3 8556 8456 8455
3 8557 8457 8456
3 8558 8458 8457
3 8559 8459 8458
3 8560 8460 8459
3 8561 8461 8460
3 8562 8462 8461
3 8563 8463 8462
3 8564 8464 8463
3 8565 8465 8464
3 8566 8466 8465
3 8567 8467 8466
3 8568 8468 8467
3 8569 8469 8468
3 8570 8470 8469
3 8571 8471 8470
3 8572 8472 8471
3 8573 8473 8472
3 8574 8474 8473
3 8575 8475 8474
3 8576 8476 8475
3 8577 8477 8476
3 8578 8478 8477
3 8579 8479 8478
3 8580 8480 8479
3 8581 8481 8480
3 8582 8482 8481
3 8583 8483 8482
3 8584 8484 8483
3 8585 8485 8484
3 8586 8486 8485
3 8587 8487 8486
3 8588 8488 8487
3 8589 8489 8488
3 8590 8490 8489
3 8591 8491 8490
3 8592 8492 8491
3 8593 8493 8492
3 8594 8494 8493
3 8595 8495 8494
3 8596 8496 8495
3 8597 8497 8496
3 8598 8498 8497
3 8600 8500 8599
3 8601 8501 8500
3 8602 8502 8501
3 8603 8503 8502
3 8604 8504 8503
3 8605 8505 8504
3 8606 8506 8505
3 8607 8507 8506
3 8608 8508 8507
3 8609 8509 8508
3 8610 8510 8509
3 8611 8511 8510
3 8612 8512 8511
3 8613 8513 8512
3 8614 8514 8513
3 8615 8515 8514
3 8616 8516 8515
3 8617 8517 8516
3 8618 8518 8517
3 8619 8519 8518
3 8620 8520 8519
3 8621 8521 8520
3 8622 8522 8521
3 8623 8523 8522
3 8624 8524 8523
3 8625 8525 8524
3 8626 8526 8525
3 8627 8527 8526
3 8628 8528 8527
3 8629 8529 8528
3 8630 8530 8529
3 8631 8531 8530
3 8632 8532 8531
3 8633 8533 8532
3 8634 8534 8533
3 8635 8535 8534
3 8636 8536 8535
3 8637 8537 8536
3 8638 8538 8537
3 8639 8539 8538
3 8640 8540 8539
3 8641 8541 8540
3 8642 8542 8541
3 8643 8543 8542
3 8644 8544 8543
3 8645 8545 8544
3 8646 8546 8545
3 8647 8547 8546
3 8648 8548 8547
3 8649 8549 8548
3 8650 8550 8549
3 8651 8551 8550
3 8652 8552 8551
3 8653 8553 8552
3 8654 8554 8553
3 8655 8555 8554
3 8656 8556 8555
3 8657 8557 8556
3 8658 8558 8557
3 8659 8559 8558
3 8660 8560 8559
3 8661 8561 8560
3 8662 8562 8561
3 8663 8563 8562
3 8664 8564 8563
3 8665 8565 8564
3 8666 8566 8565
3 8667 8567 8566
3 8668 8568 8567
3 8669 8569 8568
3 8670 8570 8569
3 8671 8571 8570
3 8672 8572 8571
3 8673 8573 8572
3 8674 8574 8573
3 8675 8575 8574
3 8676 8576 8575
3 8677 8577 8576
3 8678 8578 8577
3 8679 8579 8578
3 8680 8580 8579
3 8681 8581 8580
3 8682 8582 8581
3 8683 8583 8582
3 8684 8584 8583
3 8685 8585 8584
3 8686 8586 8585
3 8687 8587 8586
3 8688 8588 8587
3 8689 8589 8588
3 8690 8590 8589
3 8691 8591 8590
3 8692 8592 8591
3 8693 8593 8592
3 8694 8594 8593
3 8695 8595 8594
3 8696 8596 8595
3 8697 8597 8596
3 8698 8598 8597
3 8700 8600 8699
3 8701 8601 8600
3 8702 8602 8601
3 8703 8603 8602
3 8704 8604 8603
3 8705 8605 8604
3 8706 8606 8605
3 8707 8607 8606
3 8708 8608 8607
3 8709 8609 8608
3 8710 8610 8609
3 8711 8611 8610
3 8712 8612 8611
3 8713 8613 8612
3 8714 8614 8613
3 8715 8615 8614
3 8716 8616 8615
3 8717 8617 8616
3 8718 8618 8617
3 8719 8619 8618
3 8720 8620 8619
3 8721 8621 8620
3 8722 8622 8621
3 8723 8623 8622
3 8724 8624 8623
3 8725 8625 8624
3 8726 8626 8625
3 8727 8627 8626
3 8728 8628 8627
3 8729 8629 8628
3 8730 8630 8629
3 8731 8631 8630
3 8732 8632 8631
3 8733 8633 8632
3 8734 8634 8633
3 8735 8635 8634
3 8736 8636 8635
3 8737 8637 8636
3 8738 8638 8637
3 8739 8639 8638
3 8740 8640 8639
3 8741 8641 8640
3 8742 8642 8641
3 8743 8643 8642
3 8744 8644 8643
3 8745 8645 8644
3 8746 8646 8645
3 8747 8647 8646
3 8748 8648 8647
3 8749 8649 8648
3 8750 8650 8649
3 8751 8651 8650
3 8752 8652 8651
3 8753 8653 8652
3 8754 8654 8653
3 8755 8655 8654
3 8756 8656 8655
3 8757 8657 8656
3 8758 8658 8657
3 8759 8659 8658
3 8760 8660 8659
3 8761 8661 8660
3 8762 8662 8661
3 8763 8663 8662
3 8764 8664 8663
3 8765 8665 8664
3 8766 8666 8665
3 8767 8667 8666
3 8768 8668 8667
3 8769 8669 8668
3 8770 8670 8669
3 8771 8671 8670
3 8772 8672 8671
3 8773 8673 8672
3 8774 8674 8673
3 8775 8675 8674
3 8776 8676 8675
3 8777 8677 8676
3 8778 8678 8677
3 8779 8679 8678
3 8780 8680 8679
3 8781 8681 8680
3 8782 8682 8681
3 8783 8683 8682
3 8784 8684 8683
3 8785 8685 8684
3 8786 8686 8685
3 8787 8687 8686
3 8788 8688 8687
3 8789 8689 8688
3 8790 8690 8689
3 8791 8691 8690
3 8792 8692 8691
3 8793 8693 8692
3 8794 8694 8693
3 8795 8695 8694
3 8796 8696 8695
3 8797 8697 8696
3 8798 8698 8697
3 8800 8700 8799
3 8801 8701 8700
3 8802 8702 8701
3 8803 8703 8702
3 8804 8704 8703
3 8805 8705 8704
3 8806 8706 8705
3 8807 8707 8706
3 8808 8708 8707
3 8809 8709 8708
3 8810 8710 8709
3 8811 8711 8710
3 8812 8712 8711
3 8813 8713 8712
3 8814 8714 8713
3 8815 8715 8714
3 8816 8716 8715
3 8817 8717 8716
3 8818 8718 8717
3 8819 8719 8718
3 8820 8720 8719
3 8821 8721 8720
3 8822 8722 8721
3 8823 8723 8722
3 8824 8724 8723
3 8825 8725 8724
3 8826 8726 8725
3 8827 8727 8726
3 8828 8728 8727
3 8829 8729 8728
3 8830 8730 8729
3 8831 8731 8730
3 8832 8732 8731
3 8833 8733 8732
3 8834 8734 8733
3 8835 8735 8734
3 8836 8736 8735
3 8837 8737 8736
3 8838 8738 8737
3 8839 8739 8738
3 8840 8740 8739
3 8841 8741 8740
3 8842 8742 8741
3 8843 8743 8742
3 8844 8744 8743
3 8845 8745 8744
3 8846 8746 8745
3 8847 8747 8746
3 8848 8748 8747
3 8849 8749 8748
3 8850 8750 8749
3 8851 8751 8750
3 8852 8752 8751
3 8853 8753 8752
3 8854 8754 8753
3 8855 8755 8754
3 8856 8756 8755
3 8857 8757 8756
3 8858 8758 8757
3 8859 8759 8758
3 8860 8760 8759
3 8861 8761 8760
3 8862 8762 8761
3 8863 8763 8762
3 8864 8764 8763
3 8865 8765 8764
3 8866 8766 8765
3 8867 8767 8766
3 8868 8768 8767
3 8869 8769 8768
3 8870 8770 8769
3 8871 8771 8770
3 8872 8772 8771
3 8873 8773 8772
3 8874 8774 8773
3 8875 8775 8774
3 8876 8776 8775
3 8877 8777 8776
3 8878 8778 8777
3 8879 8779 8778
3 8880 8780 8779
3 8881 8781 8780
3 8882 8782 8781
3 8883 8783 8782
3 8884 8784 8783
3 8885 8785 8784
3 8886 8786 8785
3 8887 8787 8786
3 8888 8788 8787
3 8889 8789 8788
3 8890 8790 8789
3 8891 8791 8790
3 8892 8792 8791
3 8893 8793 8792
3 8894 8794 8793
3 8895 8795 8794
3 8896 8796 8795
3 8897 8797 8796
3 8898 8798 8797
3 8900 8800 8899
3 8901 8801 8800
3 8902 8802 8801
3 8903 8803 8802
3 8904 8804 8803
3 8905 8805 8804
3 8906 8806 8805
3 8907 8807 8806
3 8908 8808 8807
3 8909 8809 8808
3 8910 8810 8809
3 8911 8811 8810
3 8912 8812 8811
3 8913 8813 8812
3 8914 8814 8813
3 8915 8815 8814
3 8916 8816 8815
3 8917 8817 8816
3 8918 8818 8817
3 8919 8819 8818
3 8920 8820 8819
3 8921 8821 8820
3 8922 8822 8821
3 8923 8823 8822
3 8924 8824 8823
3 8925 8825 8824
3 8926 8826 8825
3 8927 8827 8826
3 8928 8828 8827
3 8929 8829 8828
3 8930 8830 8829
3 8931 8831 8830
3 8932 8832 8831
3 8933 8833 8832
3 8934 8834 8833
3 8935 8835 8834
3 8936 8836 8835
3 8937 8837 8836
3 8938 8838 8837
3 8939 8839 8838
3 8940 8840 8839
3 8941 8841 8840
3 8942 8842 8841
3 8943 8843 8842
3 8944 8844 8843
3 8945 8845 8844
3 8946 8846 8845
3 8947 8847 8846
3 8948 8848 8847
3 8949 8849 8848
3 8950 8850 8849
3 8951 8851 8850
3 8952 8852 8851
3 8953 8853 8852
3 8954 8854 8853
3 8955 8855 8854
3 8956 8856 8855
3 8957 8857 8856
3 8958 8858 8857
3 8959 8859 8858
3 8960 8860 8859
3 8961 8861 8860
3 8962 8862 8861
3 8963 8863 8862
3 8964 8864 8863
3 8965 8865 8864
3 8966 8866 8865
3 8967 8867 8866
3 8968 8868 8867
3 8969 8869 8868
3 8970 8870 8869
3 8971 8871 8870
3 8972 8872 8871
3 8973 8873 8872
3 8974 8874 8873
3 8975 8875 8874
3 8976 8876 8875
3 8977 8877 8876
3 8978 8878 8877
3 8979 8879 8878
3 8980 8880 8879
3 8981 8881 8880
3 8982 8882 8881
3 8983 8883 8882
3 8984 8884 8883
3 8985 8885 8884
3 8986 8886 8885
3 8987 8887 8886
3 8988 8888 8887
3 8989 8889 8888
3 8990 8890 8889
3 8991 8891 8890
3 8992 8892 8891
3 8993 8893 8892
3 8994 8894 8893
3 8995 8895 8894
3 8996 8896 8895
3 8997 8897 8896
3 8998 8898 8897
3 9000 8900 8999
3 9001 8901 8900
3 9002 8902 8901
3 9003 8903 8902
3 9004 8904 8903
3 9005 8905 8904
3 9006 8906 8905
3 9007 8907 8906
3 9008 8908 8907
3 9009 8909 8908
3 9010 8910 8909
3 9011 8911 8910
3 9012 8912 8911
3 9013 8913 8912
3 9014 8914 8913
3 9015 8915 8914
3 9016 8916 8915
3 9017 8917 8916
3 9018 8918 8917
3 9019 8919 8918
3 9020 8920 8919
3 9021 8921 8920
3 9022 8922 8921
3 9023 8923 8922
3 9024 8924 8923
3 9025 8925 8924
3 9026 8926 8925
3 9027 8927 8926
3 9028 8928 8927
3 9029 8929 8928
3 9030 8930 8929
3 9031 8931 8930
3 9032 8932 8931
3 9033 8933 8932
3 9034 8934 8933
3 9035 8935 8934
3 9036 8936 8935
3 9037 8937 8936
3 9038 8938 8937
3 9039 8939 8938
3 9040 8940 8939
3 9041 8941 8940
3 9042 8942 8941
3 9043 8943 8942
3 9044 8944 8943
3 9045 8945 8944
3 9046 8946 8945
3 9047 8947 8946
3 9048 8948 8947
3 9049 8949 8948
3 9050 8950 8949
3 9051 8951 8950
3 9052 8952 8951
3 9053 8953 8952
3 9054 8954 8953
3 9055 8955 8954
3 9056 8956 8955
3 9057 8957 8956
3 9058 8958 8957
3 9059 8959 8958
3 9060 8960 8959
3 9061 8961 8960
3 9062 8962 8961
3 9063 8963 8962
3 9064 8964 8963
3 9065 8965 8964
3 9066 8966 8965
3 9067 8967 8966
3 9068 8968 8967
3 9069 8969 8968
3 9070 8970 8969
3 9071 8971 8970
3 9072 8972 8971
3 9073 8973 8972
3 9074 8974 8973
3 9075 8975 8974
3 9076 8976 8975
3 9077 8977 8976
3 9078 8978 8977
3 9079 8979 8978
3 9080 8980 8979
3 9081 8981 8980
3 9082 8982 8981
3 9083 8983 8982
3 9084 8984 8983
3 9085 8985 8984
3 9086 8986 8985
3 9087 8987 8986
3 9088 8988 8987
3 9089 8989 8988
3 9090 8990 8989
3 9091 8991 8990
3 9092 8992 8991
3 9093 8993 8992
3 9094 8994 8993
3 9095 8995 8994
3 9096 8996 8995
3 9097 8997 8996
3 9098 8998 8997
3 9100 9000 9099
3 9101 9001 9000
3 9102 9002 9001
3 9103 9003 9002
3 9104 9004 9003
3 9105 9005 9004
3 9106 9006 9005
3 9107 9007 9006
3 9108 9008 9007
3 9109 9009 9008
3 9110 9010 9009
3 9111 9011 9010
3 9112 9012 9011
3 9113 9013 9012
3 9114 9014 9013
3 9115 9015 9014
3 9116 9016 9015
3 9117 9017 9016
3 9118 9018 9017
3 9119 9019 9018
3 9120 9020 9019
3 9121 9021 9020
3 9122 9022 9021
3 9123 9023 9022
3 9124 9024 9023
3 9125 9025 9024
3 9126 9026 9025
3 9127 9027 9026
3 9128 9028 9027
3 9129 9029 9028
3 9130 9030 9029
3 9131 9031 9030
3 9132 9032 9031
3 9133 9033 9032
3 9134 9034 9033
3 9135 9035 9034
3 9136 9036 9035
3 9137 9037 9036
3 9138 9038 9037
3 9139 9039 9038
3 9140 9040 9039
3 9141 9041 9040
3 9142 9042 9041
3 9143 9043 9042
3 9144 9044 9043
3 9145 9045 9044
3 9146 9046 9045
3 9147 9047 9046
3 9148 9048 9047
3 9149 9049 9048
3 9150 9050 9049
3 9151 9051 9050
3 9152 9052 9051
3 9153 9053 9052
3 9154 9054 9053
3 9155 9055 9054
3 9156 9056 9055
3 9157 9057 9056
3 9158 9058 9057
3 9159 9059 9058
3 9160 9060 9059
3 9161 9061 9060
3 9162 9062 9061
3 9163 9063 9062
3 9164 9064 9063
3 9165 9065 9064
3 9166 9066 9065
3 9167 9067 9066
3 9168 9068 9067
3 9169 9069 9068
3 9170 9070 9069
3 9171 9071 9070
3 9172 9072 9071
3 9173 9073 9072
3 9174 9074 9073
3 9175 9075 9074
3 9176 9076 9075
3 9177 9077 9076
3 9178 9078 9077
3 9179 9079 9078
3 9180 9080 9079
3 9181 9081 9080
3 9182 9082 9081
3 9183 9083 9082
3 9184 9084 9083
3 9185 9085 9084
3 9186 9086 9085
3 9187 9087 9086
3 9188 9088 9087
3 9189 9089 9088
3 9190 9090 9089
3 9191 9091 9090
3 9192 9092 9091
3 9193 9093 9092
3 9194 9094 9093
3 9195 9095 9094
3 9196 9096 9095
3 9197 9097 9096
3 9198 9098 9097
3 9200 9100 9199
3 9201 9101 9100
3 9202 9102 9101
3 9203 9103 9102
3 9204 9104 9103
3 9205 9105 9104
3 9206 9106 9105
3 9207 9107 9106
3 9208 9108 9107
3 9209 9109 9108
3 9210 9110 9109
3 9211 9111 9110
3 9212 9112 9111
3 9213 9113 9112
3 9214 9114 9113
3 9215 9115 9114
3 9216 9116 9115
3 9217 9117 9116
3 9218 9118 9117
3 9219 9119 9118
3 9220 9120 9119
3 9221 9121 9120
3 9222 9122 9121
3 9223 9123 9122
3 9224 9124 9123
3 9225 9125 9124
3 9226 9126 9125
3 9227 9127 9126
3 9228 9128 9127
3 9229 9129 9128
3 9230 9130 9129
3 9231 9131 9130
3 9232 9132 9131
3 9233 9133 9132
3 9234 9134 9133
3 9235 9135 9134
3 9236 9136 9135
3 9237 9137 9136
3 9238 9138 9137
3 9239 9139 9138
3 9240 9140 9139
3 9241 9141 9140
3 9242 9142 9141
3 9243 9143 9142
3 9244 9144 9143
3 9245 9145 9144
3 9246 9146 9145
3 9247 9147 9146
3 9248 9148 9147
3 9249 9149 9148
3 9250 9150 9149
3 9251 9151 9150
3 9252 9152 9151
3 9253 9153 9152
3 9254 9154 9153
3 9255 9155 9154
3 9256 9156 9155
3 9257 9157 9156
3 9258 9158 9157
3 9259 9159 9158
3 9260 9160 9159
3 9261 9161 9160
3 9262 9162 9161
3 9263 9163 9162
3 9264 9164 9163
3 9265 9165 9164
3 9266 9166 9165
3 9267 9167 9166
3 9268 9168 9167
3 9269 9169 9168
3 9270 9170 9169
3 9271 9171 9170
3 9272 9172 9171
3 9273 9173 9172
3 9274 9174 9173
3 9275 9175 9174
3 9276 9176 9175
3 9277 9177 9176
3 9278 9178 9177
3 9279 9179 9178
3 9280 9180 9179
3 9281 9181 9180
3 9282 9182 9181
3 9283 9183 9182
3 9284 9184 9183
3 9285 9185 9184
3 9286 9186 9185
3 9287 9187 9186
3 9288 9188 9187
3 9289 9189 9188
3 9290 9190 9189
3 9291 9191 9190
3 9292 9192 9191
3 9293 9193 9192
3 9294 9194 9193
3 9295 9195 9194
3 9296 9196 9195
3 9297 9197 9196
3 9298 9198 9197
3 9300 9200 9299
3 9301 9201 9200
3 9302 9202 9201
3 9303 9203 9202
3 9304 9204 9203
3 9305 9205 9204
3 9306 9206 9205
3 9307 9207 9206
3 9308 9208 9207
3 9309 9209 9208
3 9310 9210 9209
3 9311 9211 9210
3 9312 9212 9211
3 9313 9213 9212
3 9314 9214 9213
3 9315 9215 9214
3 9316 9216 9215
3 9317 9217 9216
3 9318 9218 9217
3 9319 9219 9218
3 9320 9220 9219
3 9321 9221 9220
3 9322 9222 9221
3 9323 9223 9222
3 9324 9224 9223
3 9325 9225 9224
3 9326 9226 9225
3 9327 9227 9226
3 9328 9228 9227
3 9329 9229 9228
3 9330 9230 9229
3 9331 9231 9230
3 9332 9232 9231
3 9333 9233 9232
3 9334 9234 9233
3 9335 9235 9234
3 9336 9236 9235
3 9337 9237 9236
3 9338 9238 9237
3 9339 9239 9238
3 9340 9240 9239
3 9341 9241 9240
3 9342 9242 9241
3 9343 9243 9242
3 9344 9244 9243
3 9345 9245 9244
3 9346 9246 9245
3 9347 9247 9246
3 9348 9248 9247
3 9349 9249 9248
3 9350 9250 9249
3 9351 9251 9250
3 9352 9252 9251
3 9353 9253 9252
3 9354 9254 9253
3 9355 9255 9254
3 9356 9256 9255
3 9357 9257 9256
3 9358 9258 9257
3 9359 9259 9258
3 9360 9260 9259
3 9361 9261 9260
3 9362 9262 9261
3 9363 9263 9262
3 9364 9264 9263
3 9365 9265 9264
3 9366 9266 9265
3 9367 9267 9266
3 9368 9268 9267
3 9369 9269 9268
3 9370 9270 9269
3 9371 9271 9270
3 9372 9272 9271
3 9373 9273 9272
3 9374 9274 9273
3 9375 9275 9274
3 9376 9276 9275
3 9377 9277 9276
3 9378 9278 9277
3 9379 9279 9278
3 9380 9280 9279
3 9381 9281 9280
3 9382 9282 9281
3 9383 9283 9282
3 9384 9284 9283
3 9385 9285 9284
3 9386 9286 9285
3 9387 9287 9286
3 9388 9288 9287
3 9389 9289 9288
3 9390 9290 9289
3 9391 9291 9290
3 9392 9292 9291
3 9393 9293 9292
3 9394 9294 9293
3 9395 9295 9294
3 9396 9296 9295
3 9397 9297 9296
3 9398 9298 9297
3 9400 9300 9399
3 9401 9301 9300
3 9402 9302 9301
3 9403 9303 9302
3 9404 9304 9303
3 9405 9305 9304
3 9406 9306 9305
3 9407 9307 9306
3 9408 9308 9307
3 9409 9309 9308
3 9410 9310 9309
3 9411 9311 9310
3 9412 9312 9311
3 9413 9313 9312
3 9414 9314 9313
3 9415 9315 9314
3 9416 9316 9315
3 9417 9317 9316
3 9418 9318 9317
3 9419 9319 9318
3 9420 9320 9319
3 9421 9321 9320
3 9422 9322 9321
3 9423 9323 9322
3 9424 9324 9323
3 9425 9325 9324
3 9426 9326 9325
3 9427 9327 9326
3 9428 9328 9327
3 9429 9329 9328
3 9430 9330 9329
3 9431 9331 9330
3 9432 9332 9331
3 9433 9333 9332
3 9434 9334 9333
3 9435 9335 9334
3 9436 9336 9335
3 9437 9337 9336
3 9438 9338 9337
3 9439 9339 9338
3 9440 9340 9339
3 9441 9341 9340
3 9442 9342 9341
3 9443 9343 9342
3 9444 9344 9343
3 9445 9345 9344
3 9446 9346 9345
3 9447 9347 9346
3 9448 9348 9347
3 9449 9349 9348
3 9450 9350 9349
3 9451 9351 9350
3 9452 9352 9351
3 9453 9353 9352
3 9454 9354 9353
3 9455 9355 9354
3 9456 9356 9355
3 9457 9357 9356
3 9458 9358 9357
3 9459 9359 9358
3 9460 9360 9359
3 9461 9361 9360
3 9462 9362 9361
3 9463 9363 9362
3 9464 9364 9363
3 9465 9365 9364
3 9466 9366 9365
3 9467 9367 9366
3 9468 9368 9367
3 9469 9369 9368
3 9470 9370 9369
3 9471 9371 9370
3 9472 9372 9371
3 9473 9373 9372
3 9474 9374 9373
3 9475 9375 9374
3 9476 9376 9375
3 9477 9377 9376
3 9478 9378 9377
3 9479 9379 9378
3 9480 9380 9379
3 9481 9381 9380
3 9482 9382 9381
3 9483 9383 9382
3 9484 9384 9383
3 9485 9385 9384
3 9486 9386 9385
3 9487 9387 9386
3 9488 9388 9387
3 9489 9389 9388
3 9490 9390 9389
3 9491 9391 9390
3 9492 9392 9391
3 9493 9393 9392
3 9494 9394 9393
3 9495 9395 9394
3 9496 9396 9395
3 9497 9397 9396
3 9498 9398 9397
3 9500 9400 9499
3 9501 9401 9400
3 9502 9402 9401
3 9503 9403 9402
3 9504 9404 9403
3 9505 9405 9404
3 9506 9406 9405
3 9507 9407 9406
3 9508 9408 9407
3 9509 9409 9408
3 9510 9410 9409
3 9511 9411 9410
3 9512 9412 9411
3 9513 9413 9412
3 9514 9414 9413
3 9515 9415 9414
3 9516 9416 9415
3 9517 9417 9416
3 9518 9418 9417
3 9519 9419 9418
3 9520 9420 9419
3 9521 9421 9420
3 9522 9422 9421
3 9523 9423 9422
3 9524 9424 9423
3 9525 9425 9424
3 9526 9426 9425
3 9527 9427 9426
3 9528 9428 9427
3 9529 9429 9428
3 9530 9430 9429
3 9531 9431 9430
3 9532 9432 9431
3 9533 9433 9432
3 9534 9434 9433
3 9535 9435 9434
3 9536 9436 9435
3 9537 9437 9436
3 9538 9438 9437
3 9539 9439 9438
3 9540 9440 9439
3 9541 9441 9440
3 9542 9442 9441
3 9543 9443 9442
3 9544 9444 9443
3 9545 9445 9444
3 9546 9446 9445
3 9547 9447 9446
3 9548 9448 9447
3 9549 9449 9448
3 9550 9450 9449
3 9551 9451 9450
3 9552 9452 9451
3 9553 9453 9452
3 9554 9454 9453
3 9555 9455 9454
3 9556 9456 9455
3 9557 9457 9456
3 9558 9458 9457
3 9559 9459 9458
3 9560 9460 9459
3 9561 9461 9460
3 9562 9462 9461
3 9563 9463 9462
3 9564 9464 9463
3 9565 9465 9464
3 9566 9466 9465
3 9567 9467 9466
3 9568 9468 9467
3 9569 9469 9468
3 9570 9470 9469
3 9571 9471 9470
3 9572 9472 9471
3 9573 9473 9472
3 9574 9474 9473
3 9575 9475 9474
3 9576 9476 9475
3 9577 9477 9476
3 9578 9478 9477
3 9579 9479 9478
3 9580 9480 9479
3 9581 9481 9480
3 9582 9482 9481
3 9583 9483 9482
3 9584 9484 9483
3 9585 9485 9484
3 9586 9486 9485
3 9587 9487 9486
3 9588 9488 9487
3 9589 9489 9488
3 9590 9490 9489
3 9591 9491 9490
3 9592 9492 9491
3 9593 9493 9492
3 9594 9494 9493
3 9595 9495 9494
3 9596 9496 9495
3 9597 9497 9496
3 9598 9498 9497
3 9600 9500 9599
3 9601 9501 9500
3 9602 9502 9501
3 9603 9503 9502
3 9604 9504 9503
3 9605 9505 9504
3 9606 9506 9505
3 9607 9507 9506
3 9608 9508 9507
3 9609 9509 9508
3 9610 9510 9509
3 9611 9511 9510
3 9612 9512 9511
3 9613 9513 9512
3 9614 9514 9513
3 9615 9515 9514
3 9616 9516 9515
3 9617 9517 9516
3 9618 9518 9517
3 9619 9519 9518
3 9620 9520 9519
3 9621 9521 9520
3 9622 9522 9521
3 9623 9523 9522
3 9624 9524 9523
3 9625 9525 9524
3 9626 9526 9525
3 9627 9527 9526
3 9628 9528 9527
3 9629 9529 9528
3 9630 9530 9529
3 9631 9531 9530
3 9632 9532 9531
3 9633 9533 9532
3 9634 9534 9533
3 9635 9535 9534
3 9636 9536 9535
3 9637 9537 9536
3 9638 9538 9537
3 9639 9539 9538
3 9640 9540 9539
3 9641 9541 9540
3 9642 9542 9541
3 9643 9543 9542
3 9644 9544 9543
3 9645 9545 9544
3 9646 9546 9545
3 9647 9547 9546
3 9648 9548 9547
3 9649 9549 9548
3 9650 9550 9549
3 9651 9551 9550
3 9652 9552 9551
3 9653 9553 9552
3 9654 9554 9553
3 9655 9555 9554
3 9656 9556 9555
3 9657 9557 9556
3 9658 9558 9557
3 9659 9559 9558
3 9660 9560 9559
3 9661 9561 9560
3 9662 9562 9561
3 9663 9563 9562
3 9664 9564 9563
3 9665 9565 9564
3 9666 9566 9565
3 9667 9567 9566
3 9668 9568 9567
3 9669 9569 9568
3 9670 9570 9569
3 9671 9571 9570
3 9672 9572 9571
3 9673 9573 9572
3 9674 9574 9573
3 9675 9575 9574
3 9676 9576 9575
3 9677 9577 9576
3 9678 9578 9577
3 9679 9579 9578
3 9680 9580 9579
3 9681 9581 9580
3 9682 9582 9581
3 9683 9583 9582
3 9684 9584 9583
3 9685 9585 9584
3 9686 9586 9585
3 9687 9587 9586
3 9688 9588 9587
3 9689 9589 9588
3 9690 9590 9589
3 9691 9591 9590
3 9692 9592 9591
3 9693 9593 9592
3 9694 9594 9593
3 9695 9595 9594
3 9696 9596 9595
3 9697 9597 9596
3 9698 9598 9597
3 9700 9600 9699
3 9701 9601 9600
3 9702 9602 9601
3 9703 9603 9602
3 9704 9604 9603
3 9705 9605 9604
3 9706 9606 9605
3 9707 9607 9606
3 9708 9608 9607
3 9709 9609 9608
3 9710 9610 9609
3 9711 9611 9610
3 9712 9612 9611
3 9713 9613 9612
3 9714 9614 9613
3 9715 9615 9614
3 9716 9616 9615
3 9717 9617 9616
3 9718 9618 9617
3 9719 9619 9618
3 9720 9620 9619
3 9721 9621 9620
3 9722 9622 9621
3 9723 9623 9622
3 9724 9624 9623
3 9725 9625 9624
3 9726 9626 9625
3 9727 9627 9626
3 9728 9628 9627
3 9729 9629 9628
3 9730 9630 9629
3 9731 9631 9630
3 9732 9632 9631
3 9733 9633 9632
3 9734 9634 9633
3 9735 9635 9634
3 9736 9636 9635
3 9737 9637 9636
3 9738 9638 9637
3 9739 9639 9638
3 9740 9640 9639
3 9741 9641 9640
3 9742 9642 9641
3 9743 9643 9642
3 9744 9644 9643
3 9745 9645 9644
3 9746 9646 9645
3 9747 9647 9646
3 9748 9648 9647
3 9749 9649 9648
3 9750 9650 9649
3 9751 9651 9650
3 9752 9652 9651
3 9753 9653 9652
3 9754 9654 9653
3 9755 9655 9654
3 9756 9656 9655
3 9757 9657 9656
3 9758 9658 9657
3 9759 9659 9658
3 9760 9660 9659
3 9761 9661 9660
3 9762 9662 9661
3 9763 9663 9662
3 9764 9664 9663
3 9765 9665 9664
3 9766 9666 9665
3 9767 9667 9666
3 9768 9668 9667
3 9769 9669 9668
3 9770 9670 9669
3 9771 9671 9670
3 9772 9672 9671
3 9773 9673 9672
3 9774 9674 9673
3 9775 9675 9674
3 9776 9676 9675
3 9777 9677 9676
3 9778 9678 9677
3 9779 9679 9678
3 9780 9680 9679
3 9781 9681 9680
3 9782 9682 9681
3 9783 9683 9682
3 9784 9684 9683
3 9785 9685 9684
3 9786 9686 9685
3 9787 9687 9686
3 9788 9688 9687
3 9789 9689 9688
3 9790 9690 9689
3 9791 9691 9690
3 9792 9692 9691
3 9793 9693 9692
3 9794 9694 9693
3 9795 9695 9694
3 9796 9696 9695
3 9797 9697 9696
3 9798 9698 9697
3 9800 9700 9799
3 9801 9701 9700
3 9802 9702 9701
3 9803 9703 9702
3 9804 9704 9703
3 9805 9705 9704
3 9806 9706 9705
3 9807 9707 9706
3 9808 9708 9707
3 9809 9709 9708
3 9810 9710 9709
3 9811 9711 9710
3 9812 9712 9711
3 9813 9713 9712
3 9814 9714 9713
3 9815 9715 9714
3 9816 9716 9715
3 9817 9717 9716
3 9818 9718 9717
3 9819 9719 9718
3 9820 9720 9719
3 9821 9721 9720
3 9822 9722 9721
3 9823 9723 9722
3 9824 9724 9723
3 9825 9725 9724
3 9826 9726 9725
3 9827 9727 9726
3 9828 9728 9727
3 9829 9729 9728
3 9830 9730 9729
3 9831 9731 9730
3 9832 9732 9731
3 9833 9733 9732
3 9834 9734 9733
3 9835 9735 9734
3 9836 9736 9735
3 9837 9737 9736
3 9838 9738 9737
3 9839 9739 9738
3 9840 9740 9739
3 9841 9741 9740
3 9842 9742 9741
3 9843 9743 9742
3 9844 9744 9743
3 9845 9745 9744
3 9846 9746 9745
3 9847 9747 9746
3 9848 9748 9747
3 9849 9749 9748
3 9850 9750 9749
3 9851 9751 9750
3 9852 9752 9751
3 9853 9753 9752
3 9854 9754 9753
3 9855 9755 9754
3 9856 9756 9755
3 9857 9757 9756
3 9858 9758 9757
3 9859 9759 9758
3 9860 9760 9759
3 9861 9761 9760
3 9862 9762 9761
3 9863 9763 9762
3 9864 9764 9763
3 9865 9765 9764
3 9866 9766 9765
3 9867 9767 9766
3 9868 9768 9767
3 9869 9769 9768
3 9870 9770 9769
3 9871 9771 9770
3 9872 9772 9771
3 9873 9773 9772
3 9874 9774 9773
3 9875 9775 9774
3 9876 9776 9775
3 9877 9777 9776
3 9878 9778 9777
3 9879 9779 9778
3 9880 9780 9779
3 9881 9781 9780
3 9882 9782 9781
3 9883 9783 9782
3 9884 9784 9783
3 9885 9785 9784
3 9886 9786 9785
3 9887 9787 9786
3 9888 9788 9787
3 9889 9789 9788
3 9890 9790 9789
3 9891 9791 9790
3 9892 9792 9791
3 9893 9793 9792
3 9894 9794 9793
3 9895 9795 9794
3 9896 9796 9795
3 9897 9797 9796
3 9898 9798 9797
3 9900 9800 9899
3 9901 9801 9800
3 9902 9802 9801
3 9903 9803 9802
3 9904 9804 9803
3 9905 9805 9804
3 9906 9806 9805
3 9907 9807 9806
3 9908 9808 9807
3 9909 9809 9808
3 9910 9810 9809
3 9911 9811 9810
3 9912 9812 9811
3 9913 9813 9812
3 9914 9814 9813
3 9915 9815 9814
3 9916 9816 9815
3 9917 9817 9816
3 9918 9818 9817
3 9919 9819 9818
3 9920 9820 9819
3 9921 9821 9820
3 9922 9822 9821
3 9923 9823 9822
3 9924 9824 9823
3 9925 9825 9824
3 9926 9826 9825
3 9927 9827 9826
3 9928 9828 9827
3 9929 9829 9828
3 9930 9830 9829
3 9931 9831 9830
3 9932 9832 9831
3 9933 9833 9832
3 9934 9834 9833
3 9935 9835 9834
3 9936 9836 9835
3 9937 9837 9836
3 9938 9838 9837
3 9939 9839 9838
3 9940 9840 9839
3 9941 9841 9840
3 9942 9842 9841
3 9943 9843 9842
3 9944 9844 9843
3 9945 9845 9844
3 9946 9846 9845
3 9947 9847 9846
3 9948 9848 9847
3 9949 9849 9848
3 9950 9850 9849
3 9951 9851 9850
3 9952 9852 9851
3 9953 9853 9852
3 9954 9854 9853
3 9955 9855 9854
3 9956 9856 9855
3 9957 9857 9856
3 9958 9858 9857
3 9959 9859 9858
3 9960 9860 9859
3 9961 9861 9860
3 9962 9862 9861
3 9963 9863 9862
3 9964 9864 9863
3 9965 9865 9864
3 9966 9866 9865
3 9967 9867 9866
3 9968 9868 9867
3 9969 9869 9868
3 9970 9870 9869
3 9971 9871 9870
3 9972 9872 9871
3 9973 9873 9872
3 9974 9874 9873
3 9975 9875 9874
3 9976 9876 9875
3 9977 9877 9876
3 9978 9878 9877
3 9979 9879 9878
3 9980 9880 9879
3 9981 9881 9880
3 9982 9882 9881
3 9983 9883 9882
3 9984 9884 9883
3 9985 9885 9884
3 9986 9886 9885
3 9987 9887 9886
3 9988 9888 9887
3 9989 9889 9888
3 9990 9890 9889
3 9991 9891 9890
3 9992 9892 9891
3 9993 9893 9892
3 9994 9894 9893
3 9995 9895 9894
3 9996 9896 9895
3 9997 9897 9896
3 9998 9898 9897
3 9897 9997 9998
3 9896 9996 9997
3 9895 9995 9996
3 9894 9994 9995
3 9893 9993 9994
3 9892 9992 9993
3 9891 9991 9992
3 9890 9990 9991
3 9889 9989 9990
3 9888 9988 9989
3 9887 9987 9988
3 9886 9986 9987
3 9885 9985 9986
3 9884 9984 9985
3 9883 9983 9984
3 9882 9982 9983
3 9881 9981 9982
3 9880 9980 9981
3 9879 9979 9980
3 9878 9978 9979
3 9877 9977 9978
3 9876 9976 9977
3 9875 9975 9976
3 9874 9974 9975
3 9873 9973 9974
3 9872 9972 9973
3 9871 9971 9972
3 9870 9970 9971
3 9869 9969 9970
3 9868 9968 9969
3 9867 9967 9968
3 9866 9966 9967
3 9865 9965 9966
3 9864 9964 9965
3 9863 9963 9964
3 9862 9962 9963
3 9861 9961 9962
3 9860 9960 9961
3 9859 9959 9960
3 9858 9958 9959
3 9857 9957 9958
3 9856 9956 9957
3 9855 9955 9956
3 9854 9954 9955
3 9853 9953 9954
3 9852 9952 9953
3 9851 9951 9952
3 9850 9950 9951
3 9849 9949 9950
3 9848 9948 9949
3 9847 9947 9948
3 9846 9946 9947
3 9845 9945 9946
3 9844 9944 9945
3 9843 9943 9944
3 9842 9942 9943
3 9841 9941 9942
3 9840 9940 9941
3 9839 9939 9940
3 9838 9938 9939
3 9837 9937 9938
3 9836 9936 9937
3 9835 9935 9936
3 9834 9934 9935
3 9833 9933 9934
3 9832 9932 9933
3 9831 9931 9932
3 9830 9930 9931
3 9829 9929 9930
3 9828 9928 9929
3 9827 9927 9928
3 9826 9926 9927
3 9825 9925 9926
3 9824 9924 9925
3 9823 9923 9924
3 9822 9922 9923
3 9821 9921 9922
3 9820 9920 9921
3 9819 9919 9920
3 9818 9918 9919
3 9817 9917 9918
3 9816 9916 9917
3 9815 9915 9916
3 9814 9914 9915
3 9813 9913 9914
3 9812 9912 9913
3 9811 9911 9912
3 9810 9910 9911
3 9809 9909 9910
3 9808 9908 9909
3 9807 9907 9908
3 9806 9906 9907
3 9805 9905 9906
3 9804 9904 9905
3 9803 9903 9904
3 9802 9902 9903
3 9801 9901 9902
3 9800 9900 9901
3 9899 9999 9900
3 9797 9897 9898
3 9796 9896 9897
3 9795 9895 9896
3 9794 9894 9895
3 9793 9893 9894
3 9792 9892 9893
3 9791 9891 9892
3 9790 9890 9891
3 9789 9889 9890
3 9788 9888 9889
3 9787 9887 9888
3 9786 9886 9887
3 9785 9885 9886
3 9784 9884 9885
3 9783 9883 9884
3 9782 9882 9883
3 9781 9881 9882
3 9780 9880 9881
3 9779 9879 9880
3 9778 9878 9879
3 9777 9877 9878
3 9776 9876 9877
3 9775 9875 9876
3 9774 9874 9875
3 9773 9873 9874
3 9772 9872 9873
3 9771 9871 9872
3 9770 9870 9871
3 9769 9869 9870
3 9768 9868 9869
3 9767 9867 9868
3 9766 9866 9867
3 9765 9865 9866
3 9764 9864 9865
3 9763 9863 9864
3 9762 9862 9863
3 9761 9861 9862
3 9760 9860 9861
3 9759 9859 9860
3 9758 9858 9859
3 9757 9857 9858
3 9756 9856 9857
3 9755 9855 9856
3 9754 9854 9855
3 9753 9853 9854
3 9752 9852 9853
3 9751 9851 9852
3 9750 9850 9851
3 9749 9849 9850
3 9748 9848 9849
3 9747 9847 9848
3 9746 9846 9847
3 9745 9845 9846
3 9744 9844 9845
3 9743 9843 9844
3 9742 9842 9843
3 9741 9841 9842
3 9740 9840 9841
3 9739 9839 9840
3 9738 9838 9839
3 9737 9837 9838
3 9736 9836 9837
3 9735 9835 9836
3 9734 9834 9835
3 9733 9833 9834
3 9732 9832 9833
3 9731 9831 9832
3 9730 9830 9831
3 9729 9829 9830
3 9728 9828 9829
3 9727 9827 9828
3 9726 9826 9827
3 9725 9825 9826
3 9724 9824 9825
3 9723 9823 9824
3 9722 9822 9823
3 9721 9821 9822
3 9720 9820 9821
3 9719 9819 9820
3 9718 9818 9819
3 9717 9817 9818
3 9716 9816 9817
3 9715 9815 9816
3 9714 9814 9815
3 9713 9813 9814
3 9712 9812 9813
3 9711 9811 9812
3 9710 9810 9811
3 9709 9809 9810
3 9708 9808 9809
3 9707 9807 9808
3 9706 9806 9807
3 9705 9805 9806
3 9704 9804 9805
3 9703 9803 9804
3 9702 9802 9803
3 9701 9801 9802
3 9700 9800 9801
3 9799 9899 9800
3 9697 9797 9798
3 9696 9796 9797
3 9695 9795 9796
3 9694 9794 9795
3 9693 9793 9794
3 9692 9792 9793
3 9691 9791 9792
3 9690 9790 9791
3 9689 9789 9790
3 9688 9788 9789
3 9687 9787 9788
3 9686 9786 9787
3 9685 9785 9786
3 9684 9784 9785
3 9683 9783 9784
3 9682 9782 9783
3 9681 9781 9782
3 9680 9780 9781
3 9679 9779 9780
3 9678 9778 9779
3 9677 9777 9778
3 9676 9776 9777
3 9675 9775 9776
3 9674 9774 9775
3 9673 9773 9774
3 9672 9772 9773
3 9671 9771 9772
3 9670 9770 9771
3 9669 9769 9770
3 9668 9768 9769
3 9667 9767 9768
3 9666 9766 9767
3 9665 9765 9766
3 9664 9764 9765
3 9663 9763 9764
3 9662 9762 9763
3 9661 9761 9762
3 9660 9760 9761
3 9659 9759 9760
3 9658 9758 9759
3 9657 9757 9758
3 9656 9756 9757
3 9655 9755 9756
3 9654 9754 9755
3 9653 9753 9754
3 9652 9752 9753
3 9651 9751 9752
3 9650 9750 9751
3 9649 9749 9750
3 9648 9748 9749
3 9647 9747 9748
3 9646 9746 9747
3 9645 9745 9746
3 9644 9744 9745
3 9643 9743 9744
3 9642 9742 9743
3 9641 9741 9742
3 9640 9740 9741
3 9639 9739 9740
3 9638 9738 9739
3 9637 9737 9738
3 9636 9736 9737
3 9635 9735 9736
3 9634 9734 9735
3 9633 9733 9734
3 9632 9732 9733
3 9631 9731 9732
3 9630 9730 9731
3 9629 9729 9730
3 9628 9728 9729
3 9627 9727 9728
3 9626 9726 9727
3 9625 9725 9726
3 9624 9724 9725
3 9623 9723 9724
3 9622 9722 9723
3 9621 9721 9722
3 9620 9720 9721
3 9619 9719 9720
3 9618 9718 9719
3 9617 9717 9718
3 9616 9716 9717
3 9615 9715 9716
3 9614 9714 9715
3 9613 9713 9714
3 9612 9712 9713
3 9611 9711 9712
3 9610 9710 9711
3 9609 9709 9710
3 9608 9708 9709
3 9607 9707 9708
3 9606 9706 9707
3 9605 9705 9706
3 9604 9704 9705
3 9603 9703 9704
3 9602 9702 9703
3 9601 9701 9702
3 9600 9700 9701
3 9699 9799 9700
3 9597 9697 9698
3 9596 9696 9697
3 9595 9695 9696
3 9594 9694 9695
3 9593 9693 9694
3 9592 9692 9693
3 9591 9691 9692
3 9590 9690 9691
3 9589 9689 9690
3 9588 9688 9689
3 9587 9687 9688
3 9586 9686 9687
3 9585 9685 9686
3 9584 9684 9685
3 9583 9683 9684
3 9582 9682 9683
3 9581 9681 9682
3 9580 9680 9681
3 9579 9679 9680
3 9578 9678 9679
3 9577 9677 9678
3 9576 9676 9677
3 9575 9675 9676
3 9574 9674 9675
3 9573 9673 9674
3 9572 9672 9673
3 9571 9671 9672
3 9570 9670 9671
3 9569 9669 9670
3 9568 9668 9669
3 9567 9667 9668
3 9566 9666 9667
3 9565 9665 9666
3 9564 9664 9665
3 9563 9663 9664
3 9562 9662 9663
3 9561 9661 9662
3 9560 9660 9661
3 9559 9659 9660
3 9558 9658 9659
3 9557 9657 9658
3 9556 9656 9657
3 9555 9655 9656
3 9554 9654 9655
3 9553 9653 9654
3 9552 9652 9653
3 9551 9651 9652
3 9550 9650 9651
3 9549 9649 9650
3 9548 9648 9649
3 9547 9647 9648
3 9546 9646 9647
3 9545 9645 9646
3 9544 9644 9645
3 9543 9643 9644
3 9542 9642 9643
3 9541 9641 9642
3 9540 9640 9641
3 9539 9639 9640
3 9538 9638 9639
3 9537 9637 9638
3 9536 9636 9637
3 9535 9635 9636
3 9534 9634 9635
3 9533 9633 9634
3 9532 9632 9633
3 9531 9631 9632
3 9530 9630 9631
3 9529 9629 9630
3 9528 9628 9629
3 9527 9627 9628
3 9526 9626 9627
3 9525 9625 9626
3 9524 9624 9625
3 9523 9623 9624
3 9522 9622 9623
3 9521 9621 9622
3 9520 9620 9621
3 9519 9619 9620
3 9518 9618 9619
3 9517 9617 9618
3 9516 9616 9617
3 9515 9615 9616
3 9514 9614 9615
3 9513 9613 9614
3 9512 9612 9613
3 9511 9611 9612
3 9510 9610 9611
3 9509 9609 9610
3 9508 9608 9609
3 9507 9607 9608
3 9506 9606 9607
3 9505 9605 9606
3 9504 9604 9605
3 9503 9603 9604
3 9502 9602 9603
3 9501 9601 9602
3 9500 9600 9601
3 9599 9699 9600
3 9497 9597 9598
3 9496 9596 9597
3 9495 9595 9596
3 9494 9594 9595
3 9493 9593 9594
3 9492 9592 9593
3 9491 9591 9592
3 9490 9590 9591
3 9489 9589 9590
3 9488 9588 9589
3 9487 9587 9588
3 9486 9586 9587
3 9485 9585 9586
3 9484 9584 9585
3 9483 9583 9584
3 9482 9582 9583
3 9481 9581 9582
3 9480 9580 9581
3 9479 9579 9580
3 9478 9578 9579
3 9477 9577 9578
3 9476 9576 9577
3 9475 9575 9576
3 9474 9574 9575
3 9473 9573 9574
3 9472 9572 9573
3 9471 9571 9572
3 9470 9570 9571
3 9469 9569 9570
3 9468 9568 9569
3 9467 9567 9568
3 9466 9566 9567
3 9465 9565 9566
3 9464 9564 9565
3 9463 9563 9564
3 9462 9562 9563
3 9461 9561 9562
3 9460 9560 9561
3 9459 9559 9560
3 9458 9558 9559
3 9457 9557 9558
3 9456 9556 9557
3 9455 9555 9556
3 9454 9554 9555
3 9453 9553 9554
3 9452 9552 9553
3 9451 9551 9552
3 9450 9550 9551
3 9449 9549 9550
3 9448 9548 9549
3 9447 9547 9548
3 9446 9546 9547
3 9445 9545 9546
3 9444 9544 9545
3 9443 9543 9544
3 9442 9542 9543
3 9441 9541 9542
3 9440 9540 9541
3 9439 9539 9540
3 9438 9538 9539
3 9437 9537 9538
3 9436 9536 9537
3 9435 9535 9536
3 9434 9534 9535
3 9433 9533 9534
3 9432 9532 9533
3 9431 9531 9532
3 9430 9530 9531
3 9429 9529 9530
3 9428 9528 9529
3 9427 9527 9528
3 9426 9526 9527
3 9425 9525 9526
3 9424 9524 9525
3 9423 9523 9524
3 9422 9522 9523
3 9421 9521 9522
3 9420 9520 9521
3 9419 9519 9520
3 9418 9518 9519
3 9417 9517 9518
3 9416 9516 9517
3 9415 9515 9516
3 9414 9514 9515
3 9413 9513 9514
3 9412 9512 9513
3 9411 9511 9512
3 9410 9510 9511
3 9409 9509 9510
3 9408 9508 9509
3 9407 9507 9508
3 9406 9506 9507
3 9405 9505 9506
3 9404 9504 9505
3 9403 9503 9504
3 9402 9502 9503
3 9401 9501 9502
3 9400 9500 9501
3 9499 9599 9500
3 9397 9497 9498
3 9396 9496 9497
3 9395 9495 9496
3 9394 9494 9495
3 9393 9493 9494
3 9392 9492 9493
3 9391 9491 9492
3 9390 9490 9491
3 9389 9489 9490
3 9388 9488 9489
3 9387 9487 9488
3 9386 9486 9487
3 9385 9485 9486
3 9384 9484 9485
3 9383 9483 9484
3 9382 9482 9483
3 9381 9481 9482
3 9380 9480 9481
3 9379 9479 9480
3 9378 9478 9479
3 9377 9477 9478
3 9376 9476 9477
3 9375 9475 9476
3 9374 9474 9475
3 9373 9473 9474
3 9372 9472 9473
3 9371 9471 9472
3 9370 9470 9471
3 9369 9469 9470
3 9368 9468 9469
3 9367 9467 9468
3 9366 9466 9467
3 9365 9465 9466
3 9364 9464 9465
3 9363 9463 9464
3 9362 9462 9463
3 9361 9461 9462
3 9360 9460 9461
3 9359 9459 9460
3 9358 9458 9459
3 9357 9457 9458
3 9356 9456 9457
3 9355 9455 9456
3 9354 9454 9455
3 9353 9453 9454
3 9352 9452 9453
3 9351 9451 9452
3 9350 9450 9451
3 9349 9449 9450
3 9348 9448 9449
3 9347 9447 9448
3 9346 9446 9447
3 9345 9445 9446
3 9344 9444 9445
3 9343 9443 9444
3 9342 9442 9443
3 9341 9441 9442
3 9340 9440 9441
3 9339 9439 9440
3 9338 9438 9439
3 9337 9437 9438
3 9336 9436 9437
3 9335 9435 9436
3 9334 9434 9435
3 9333 9433 9434
3 9332 9432 9433
3 9331 9431 9432
3 9330 9430 9431
3 9329 9429 9430
3 9328 9428 9429
3 9327 9427 9428
3 9326 9426 9427
3 9325 9425 9426
3 9324 9424 9425
3 9323 9423 9424
3 9322 9422 9423
3 9321 9421 9422
3 9320 9420 9421
3 9319 9419 9420
3 9318 9418 9419
3 9317 9417 9418
3 9316 9416 9417
3 9315 9415 9416
3 9314 9414 9415
3 9313 9413 9414
3 9312 9412 9413
3 9311 9411 9412
3 9310 9410 9411
3 9309 9409 9410
3 9308 9408 9409
3 9307 9407 9408
3 9306 9406 9407
3 9305 9405 9406
3 9304 9404 9405
3 9303 9403 9404
3 9302 9402 9403
3 9301 9401 9402
3 9300 9400 9401
3 9399 9499 9400
3 9297 9397 9398
3 9296 9396 9397
3 9295 9395 9396
3 9294 9394 9395
3 9293 9393 9394
3 9292 9392 9393
3 9291 9391 9392
3 9290 9390 9391
3 9289 9389 9390
3 9288 9388 9389
3 9287 9387 9388
3 9286 9386 9387
3 9285 9385 9386
3 9284 9384 9385
3 9283 9383 9384
3 9282 9382 9383
3 9281 9381 9382
3 9280 9380 9381
3 9279 9379 9380
3 9278 9378 9379
3 9277 9377 9378
3 9276 9376 9377
3 9275 9375 9376
3 9274 9374 9375
3 9273 9373 9374
3 9272 9372 9373
3 9271 9371 9372
3 9270 9370 9371
3 9269 9369 9370
3 9268 9368 9369
3 9267 9367 9368
3 9266 9366 9367
3 9265 9365 9366
3 9264 9364 9365
3 9263 9363 9364
3 9262 9362 9363
3 9261 9361 9362
3 9260 9360 9361
3 9259 9359 9360
3 9258 9358 9359
3 9257 9357 9358
3 9256 9356 9357
3 9255 9355 9356
3 9254 9354 9355
3 9253 9353 9354
3 9252 9352 9353
3 9251 9351 9352
3 9250 9350 9351
3 9249 9349 9350
3 9248 9348 9349
3 9247 9347 9348
3 9246 9346 9347
3 9245 9345 9346
3 9244 9344 9345
3 9243 9343 9344
3 9242 9342 9343
3 9241 9341 9342
3 9240 9340 9341
3 9239 9339 9340
3 9238 9338 9339
3 9237 9337 9338
3 9236 9336 9337
3 9235 9335 9336
3 9234 9334 9335
3 9233 9333 9334
3 9232 9332 9333
3 9231 9331 9332
3 9230 9330 9331
3 9229 9329 9330
3 9228 9328 9329
3 9227 9327 9328
3 9226 9326 9327
3 9225 9325 9326
3 9224 9324 9325
3 9223 9323 9324
3 9222 9322 9323
3 9221 9321 9322
3 9220 9320 9321
3 9219 9319 9320
3 9218 9318 9319
3 9217 9317 9318
3 9216 9316 9317
3 9215 9315 9316
3 9214 9314 9315
3 9213 9313 9314
3 9212 9312 9313
3 9211 9311 9312
3 9210 9310 9311
3 9209 9309 9310
3 9208 9308 9309
3 9207 9307 9308
3 9206 9306 9307
3 9205 9305 9306
3 9204 9304 9305
3 9203 9303 9304
3 9202 9302 9303
3 9201 9301 9302
3 9200 9300 9301
3 9299 9399 9300
3 9197 9297 9298
3 9196 9296 9297
3 9195 9295 9296
3 9194 9294 9295
3 9193 9293 9294
3 9192 9292 9293
3 9191 9291 9292
3 9190 9290 9291
3 9189 9289 9290
3 9188 9288 9289
3 9187 9287 9288
3 9186 9286 9287
3 9185 9285 9286
3 9184 9284 9285
3 9183 9283 9284
3 9182 9282 9283
3 9181 9281 9282
3 9180 9280 9281
3 9179 9279 9280
3 9178 9278 9279
3 9177 9277 9278
3 9176 9276 9277
3 9175 9275 9276
3 9174 9274 9275
3 9173 9273 9274
3 9172 9272 9273
3 9171 9271 9272
3 9170 9270 9271
3 9169 9269 9270
3 9168 9268 9269
3 9167 9267 9268
3 9166 9266 9267
3 9165 9265 9266
3 9164 9264 9265
3 9163 9263 9264
3 9162 9262 9263
3 9161 9261 9262
3 9160 9260 9261
3 9159 9259 9260
3 9158 9258 9259
3 9157 9257 9258
3 9156 9256 9257
3 9155 9255 9256
3 9154 9254 9255
3 9153 9253 9254
3 9152 9252 9253
3 9151 9251 9252
3 9150 9250 9251
3 9149 9249 9250
3 9148 9248 9249
3 9147 9247 9248
3 9146 9246 9247
3 9145 9245 9246
3 9144 9244 9245
3 9143 9243 9244
3 9142 9242 9243
3 9141 9241 9242
3 9140 9240 9241
3 9139 9239 9240
3 9138 9238 9239
3 9137 9237 9238
3 9136 9236 9237
3 9135 9235 9236
3 9134 9234 9235
3 9133 9233 9234
3 9132 9232 9233
3 9131 9231 9232
3 9130 9230 9231
3 9129 9229 9230
3 9128 9228 9229
3 9127 9227 9228
3 9126 9226 9227
3 9125 9225 9226
3 9124 9224 9225
3 9123 9223 9224
3 9122 9222 9223
3 9121 9221 9222
3 9120 9220 9221
3 9119 9219 9220
3 9118 9218 9219
3 9117 9217 9218
3 9116 9216 9217
3 9115 9215 9216
3 9114 9214 9215
3 9113 9213 9214
3 9112 9212 9213
3 9111 9211 9212
3 9110 9210 9211
3 9109 9209 9210
3 9108 9208 9209
3 9107 9207 9208
3 9106 9206 9207
3 9105 9205 9206
3 9104 9204 9205
3 9103 9203 9204
3 9102 9202 9203
3 9101 9201 9202
3 9100 9200 9201
3 9199 9299 9200
3 9097 9197 9198
3 9096 9196 9197
3 9095 9195 9196
3 9094 9194 9195
3 9093 9193 9194
3 9092 9192 9193
3 9091 9191 9192
3 9090 9190 9191
3 9089 9189 9190
3 9088 9188 9189
3 9087 9187 9188
3 9086 9186 9187
3 9085 9185 9186
3 9084 9184 9185
3 9083 9183 9184
3 9082 9182 9183
3 9081 9181 9182
3 9080 9180 9181
3 9079 9179 9180
3 9078 9178 9179
3 9077 9177 9178
3 9076 9176 9177
3 9075 9175 9176
3 9074 9174 9175
3 9073 9173 9174
3 9072 9172 9173
3 9071 9171 9172
3 9070 9170 9171
3 9069 9169 9170
3 9068 9168 9169
3 9067 9167 9168
3 9066 9166 9167
3 9065 9165 9166
3 9064 9164 9165
3 9063 9163 9164
3 9062 9162 9163
3 9061 9161 9162
3 9060 9160 9161
3 9059 9159 9160
3 9058 9158 9159
3 9057 9157 9158
3 9056 9156 9157
3 9055 9155 9156
3 9054 9154 9155
3 9053 9153 9154
3 9052 9152 9153
3 9051 9151 9152
3 9050 9150 9151
3 9049 9149 9150
3 9048 9148 9149
3 9047 9147 9148
3 9046 9146 9147
3 9045 9145 9146
3 9044 9144 9145
3 9043 9143 9144
3 9042 9142 9143
3 9041 9141 9142
3 9040 9140 9141
3 9039 9139 9140
3 9038 9138 9139
3 9037 9137 9138
3 9036 9136 9137
3 9035 9135 9136
3 9034 9134 9135
3 9033 9133 9134
3 9032 9132 9133
3 9031 9131 9132
3 9030 9130 9131
3 9029 9129 9130
3 9028 9128 9129
3 9027 9127 9128
3 9026 9126 9127
3 9025 9125 9126
3 9024 9124 9125
3 9023 9123 9124
3 9022 9122 9123
3 9021 9121 9122
3 9020 9120 9121
3 9019 9119 9120
3 9018 9118 9119
3 9017 9117 9118
3 9016 9116 9117
3 9015 9115 9116
3 9014 9114 9115
3 9013 9113 9114
3 9012 9112 9113
3 9011 9111 9112
3 9010 9110 9111
3 9009 9109 9110
3 9008 9108 9109
3 9007 9107 9108
3 9006 9106 9107
3 9005 9105 9106
3 9004 9104 9105
3 9003 9103 9104
3 9002 9102 9103
3 9001 9101 9102
3 9000 9100 9101
3 9099 9199 9100
3 8997 9097 9098
3 8996 9096 9097
3 8995 9095 9096
3 8994 9094 9095
3 8993 9093 9094
3 8992 9092 9093
3 8991 9091 9092
3 8990 9090 9091
3 8989 9089 9090
3 8988 9088 9089
3 8987 9087 9088
3 8986 9086 9087
3 8985 9085 9086
3 8984 9084 9085
3 8983 9083 9084
3 8982 9082 9083
3 8981 9081 9082
3 8980 9080 9081
3 8979 9079 9080
3 8978 9078 9079
3 8977 9077 9078
3 8976 9076 9077
3 8975 9075 9076
3 8974 9074 9075
3 8973 9073 9074
3 8972 9072 9073
3 8971 9071 9072
3 8970 9070 9071
3 8969 9069 9070
3 8968 9068 9069
3 8967 9067 9068
3 8966 9066 9067
3 8965 9065 9066
3 8964 9064 9065
3 8963 9063 9064
3 8962 9062 9063
3 8961 9061 9062
3 8960 9060 9061
3 8959 9059 9060
3 8958 9058 9059
3 8957 9057 9058
3 8956 9056 9057
3 8955 9055 9056
3 8954 9054 9055
3 8953 9053 9054
3 8952 9052 9053
3 8951 9051 9052
3 8950 9050 9051
3 8949 9049 9050
3 8948 9048 9049
3 8947 9047 9048
3 8946 9046 9047
3 8945 9045 9046
3 8944 9044 9045
3 8943 9043 9044
3 8942 9042 9043
3 8941 9041 9042
3 8940 9040 9041
3 8939 9039 9040
3 8938 9038 9039
3 8937 9037 9038
3 8936 9036 9037
3 8935 9035 9036
3 8934 9034 9035
3 8933 9033 9034
3 8932 9032 9033
3 8931 9031 9032
3 8930 9030 9031
3 8929 9029 9030
3 8928 9028 9029
3 8927 9027 9028
3 8926 9026 9027
3 8925 9025 9026
3 8924 9024 9025
3 8923 9023 9024
3 8922 9022 9023
3 8921 9021 9022
3 8920 9020 9021
3 8919 9019 9020
3 8918 9018 9019
3 8917 9017 9018
3 8916 9016 9017
3 8915 9015 9016
3 8914 9014 9015
3 8913 9013 9014
3 8912 9012 9013
3 8911 9011 9012
3 8910 9010 9011
3 8909 9009 9010
3 8908 9008 9009
3 8907 9007 9008
3 8906 9006 9007
3 8905 9005 9006
3 8904 9004 9005
3 8903 9003 9004
3 8902 9002 9003
3 8901 9001 9002
3 8900 9000 9001
3 8999 9099 9000
3 8897 8997 8998
3 8896 8996 8997
3 8895 8995 8996
3 8894 8994 8995
3 8893 8993 8994
3 8892 8992 8993
3 8891 8991 8992
3 8890 8990 8991
3 8889 8989 8990
3 8888 8988 8989
3 8887 8987 8988
3 8886 8986 8987
3 8885 8985 8986
3 8884 8984 8985
3 8883 8983 8984
3 8882 8982 8983
3 8881 8981 8982
3 8880 8980 8981
3 8879 8979 8980
3 8878 8978 8979
3 8877 8977 8978
3 8876 8976 8977
3 8875 8975 8976
3 8874 8974 8975
3 8873 8973 8974
3 8872 8972 8973
3 8871 8971 8972
3 8870 8970 8971
3 8869 8969 8970
3 8868 8968 8969
3 8867 8967 8968
3 8866 8966 8967
3 8865 8965 8966
3 8864 8964 8965
3 8863 8963 8964
3 8862 8962 8963
3 8861 8961 8962
3 8860 8960 8961
3 8859 8959 8960
3 8858 8958 8959
3 8857 8957 8958
3 8856 8956 8957
3 8855 8955 8956
3 8854 8954 8955
3 8853 8953 8954
3 8852 8952 8953
3 8851 8951 8952
3 8850 8950 8951
3 8849 8949 8950
3 8848 8948 8949
3 8847 8947 8948
3 8846 8946 8947
3 8845 8945 8946
3 8844 8944 8945
3 8843 8943 8944
3 8842 8942 8943
3 8841 8941 8942
3 8840 8940 8941
3 8839 8939 8940
3 8838 8938 8939
3 8837 8937 8938
3 8836 8936 8937
3 8835 8935 8936
3 8834 8934 8935
3 8833 8933 8934
3 8832 8932 8933
3 8831 8931 8932
3 8830 8930 8931
3 8829 8929 8930
3 8828 8928 8929
3 8827 8927 8928
3 8826 8926 8927
3 8825 8925 8926
3 8824 8924 8925
3 8823 8923 8924
3 8822 8922 8923
3 8821 8921 8922
3 8820 8920 8921
3 8819 8919 8920
3 8818 8918 8919
3 8817 8917 8918
3 8816 8916 8917
3 8815 8915 8916
3 8814 8914 8915
3 8813 8913 8914
3 8812 8912 8913
3 8811 8911 8912
3 8810 8910 8911
3 8809 8909 8910
3 8808 8908 8909
3 8807 8907 8908
3 8806 8906 8907
3 8805 8905 8906
3 8804 8904 8905
3 8803 8903 8904
3 8802 8902 8903
3 8801 8901 8902
3 8800 8900 8901
3 8899 8999 8900
3 8797 8897 8898
3 8796 8896 8897
3 8795 8895 8896
3 8794 8894 8895
3 8793 8893 8894
3 8792 8892 8893
3 8791 8891 8892
3 8790 8890 8891
3 8789 8889 8890
3 8788 8888 8889
3 8787 8887 8888
3 8786 8886 8887
3 8785 8885 8886
3 8784 8884 8885
3 8783 8883 8884
3 8782 8882 8883
3 8781 8881 8882
3 8780 8880 8881
3 8779 8879 8880
3 8778 8878 8879
3 8777 8877 8878
3 8776 8876 8877
3 8775 8875 8876
3 8774 8874 8875
3 8773 8873 8874
3 8772 8872 8873
3 8771 8871 8872
3 8770 8870 8871
3 8769 8869 8870
3 8768 8868 8869
3 8767 8867 8868
3 8766 8866 8867
3 8765 8865 8866
3 8764 8864 8865
3 8763 8863 8864
3 8762 8862 8863
3 8761 8861 8862
3 8760 8860 8861
3 8759 8859 8860
3 8758 8858 8859
3 8757 8857 8858
3 8756 8856 8857
3 8755 8855 8856
3 8754 8854 8855
3 8753 8853 8854
3 8752 8852 8853
3 8751 8851 8852
3 8750 8850 8851
3 8749 8849 8850
3 8748 8848 8849
3 8747 8847 8848
3 8746 8846 8847
3 8745 8845 8846
3 8744 8844 8845
3 8743 8843 8844
3 8742 8842 8843
3 8741 8841 8842
3 8740 8840 8841
3 8739 8839 8840
3 8738 8838 8839
3 8737 8837 8838
3 8736 8836 8837
3 8735 8835 8836
3 8734 8834 8835
3 8733 8833 8834
3 8732 8832 8833
3 8731 8831 8832
3 8730 8830 8831
3 8729 8829 8830
3 8728 8828 8829
3 8727 8827 8828
3 8726 8826 8827
3 8725 8825 8826
3 8724 8824 8825
3 8723 8823 8824
3 8722 8822 8823
3 8721 8821 8822
3 8720 8820 8821
3 8719 8819 8820
3 8718 8818 8819
3 8717 8817 8818
3 8716 8816 8817
3 8715 8815 8816
3 8714 8814 8815
3 8713 8813 8814
3 8712 8812 8813
3 8711 8811 8812
3 8710 8810 8811
3 8709 8809 8810
3 8708 8808 8809
3 8707 8807 8808
3 8706 8806 8807
3 8705 8805 8806
3 8704 8804 8805
3 8703 8803 8804
3 8702 8802 8803
3 8701 8801 8802
3 8700 8800 8801
3 8799 8899 8800
3 8697 8797 8798
3 8696 8796 8797
3 8695 8795 8796
3 8694 8794 8795
3 8693 8793 8794
3 8692 8792 8793
3 8691 8791 8792
3 8690 8790 8791
3 8689 8789 8790
3 8688 8788 8789
3 8687 8787 8788
3 8686 8786 8787
3 8685 8785 8786
3 8684 8784 8785
3 8683 8783 8784
3 8682 8782 8783
3 8681 8781 8782
3 8680 8780 8781
3 8679 8779 8780
3 8678 8778 8779
3 8677 8777 8778
3 8676 8776 8777
3 8675 8775 8776
3 8674 8774 8775
3 8673 8773 8774
3 8672 8772 8773
3 8671 8771 8772
3 8670 8770 8771
3 8669 8769 8770
3 8668 8768 8769
3 8667 8767 8768
3 8666 8766 8767
3 8665 8765 8766
3 8664 8764 8765
3 8663 8763 8764
3 8662 8762 8763
3 8661 8761 8762
3 8660 8760 8761
3 8659 8759 8760
3 8658 8758 8759
3 8657 8757 8758
3 8656 8756 8757
3 8655 8755 8756
3 8654 8754 8755
3 8653 8753 8754
3 8652 8752 8753
3 8651 8751 8752
3 8650 8750 8751
3 8649 8749 8750
3 8648 8748 8749
3 8647 8747 8748
3 8646 8746 8747
3 8645 8745 8746
3 8644 8744 8745
3 8643 8743 8744
3 8642 8742 8743
3 8641 8741 8742
3 8640 8740 8741
3 8639 8739 8740
3 8638 8738 8739
3 8637 8737 8738
3 8636 8736 8737
3 8635 8735 8736
3 8634 8734 8735
3 8633 8733 8734
3 8632 8732 8733
3 8631 8731 8732
3 8630 8730 8731
3 8629 8729 8730
3 8628 8728 8729
3 8627 8727 8728
3 8626 8726 8727
3 8625 8725 8726
3 8624 8724 8725
3 8623 8723 8724
3 8622 8722 8723
3 8621 8721 8722
3 8620 8720 8721
3 8619 8719 8720
3 8618 8718 8719
3 8617 8717 8718
3 8616 8716 8717
3 8615 8715 8716
3 8614 8714 8715
3 8613 8713 8714
3 8612 8712 8713
3 8611 8711 8712
3 8610 8710 8711
3 8609 8709 8710
3 8608 8708 8709
3 8607 8707 8708
3 8606 8706 8707
3 8605 8705 8706
3 8604 8704 8705
3 8603 8703 8704
3 8602 8702 8703
3 8601 8701 8702
3 8600 8700 8701
3 8699 8799 8700
3 8597 8697 8698
3 8596 8696 8697
3 8595 8695 8696
3 8594 8694 8695
3 8593 8693 8694
3 8592 8692 8693
3 8591 8691 8692
3 8590 8690 8691
3 8589 8689 8690
3 8588 8688 8689
3 8587 8687 8688
3 8586 8686 8687
3 8585 8685 8686
3 8584 8684 8685
3 8583 8683 8684
3 8582 8682 8683
3 8581 8681 8682
3 8580 8680 8681
3 8579 8679 8680
3 8578 8678 8679
3 8577 8677 8678
3 8576 8676 8677
3 8575 8675 8676
3 8574 8674 8675
3 8573 8673 8674
3 8572 8672 8673
3 8571 8671 8672
3 8570 8670 8671
3 8569 8669 8670
3 8568 8668 8669
3 8567 8667 8668
3 8566 8666 8667
3 8565 8665 8666
3 8564 8664 8665
3 8563 8663 8664
3 8562 8662 8663
3 8561 8661 8662
3 8560 8660 8661
3 8559 8659 8660
3 8558 8658 8659
3 8557 8657 8658
3 8556 8656 8657
3 8555 8655 8656
3 8554 8654 8655
3 8553 8653 8654
3 8552 8652 8653
3 8551 8651 8652
3 8550 8650 8651
3 8549 8649 8650
3 8548 8648 8649
3 8547 8647 8648
3 8546 8646 8647
3 8545 8645 8646
3 8544 8644 8645
3 8543 8643 8644
3 8542 8642 8643
3 8541 8641 8642
3 8540 8640 8641
3 8539 8639 8640
3 8538 8638 8639
3 8537 8637 8638
3 8536 8636 8637
3 8535 8635 8636
3 8534 8634 8635
3 8533 8633 8634
3 8532 8632 8633
3 8531 8631 8632
3 8530 8630 8631
3 8529 8629 8630
3 8528 8628 8629
3 8527 8627 8628
3 8526 8626 8627
3 8525 8625 8626
3 8524 8624 8625
3 8523 8623 8624
3 8522 8622 8623
3 8521 8621 8622
3 8520 8620 8621
3 8519 8619 8620
3 8518 8618 8619
3 8517 8617 8618
3 8516 8616 8617
3 8515 8615 8616
3 8514 8614 8615
3 8513 8613 8614
3 8512 8612 8613
3 8511 8611 8612
3 8510 8610 8611
3 8509 8609 8610
3 8508 8608 8609
3 8507 8607 8608
3 8506 8606 8607
3 8505 8605 8606
3 8504 8604 8605
3 8503 8603 8604
3 8502 8602 8603
3 8501 8601 8602
3 8500 8600 8601
3 8599 8699 8600
3 8497 8597 8598
3 8496 8596 8597
3 8495 8595 8596
3 8494 8594 8595
3 8493 8593 8594
3 8492 8592 8593
3 8491 8591 8592
3 8490 8590 8591
3 8489 8589 8590
3 8488 8588 8589
3 8487 8587 8588
3 8486 8586 8587
3 8485 8585 8586
3 8484 8584 8585
3 8483 8583 8584
3 8482 8582 8583
3 8481 8581 8582
3 8480 8580 8581
3 8479 8579 8580
3 8478 8578 8579
3 8477 8577 8578
3 8476 8576 8577
3 8475 8575 8576
3 8474 8574 8575
3 8473 8573 8574
3 8472 8572 8573
3 8471 8571 8572
3 8470 8570 8571
3 8469 8569 8570
3 8468 8568 8569
3 8467 8567 8568
3 8466 8566 8567
3 8465 8565 8566
3 8464 8564 8565
3 8463 8563 8564
3 8462 8562 8563
3 8461 8561 8562
3 8460 8560 8561
3 8459 8559 8560
3 8458 8558 8559
3 8457 8557 8558
3 8456 8556 8557
3 8455 8555 8556
3 8454 8554 8555
3 8453 8553 8554
3 8452 8552 8553
3 8451 8551 8552
3 8450 8550 8551
3 8449 8549 8550
3 8448 8548 8549
3 8447 8547 8548
3 8446 8546 8547
3 8445 8545 8546
3 8444 8544 8545
3 8443 8543 8544
3 8442 8542 8543
3 8441 8541 8542
3 8440 8540 8541
3 8439 8539 8540
3 8438 8538 8539
3 8437 8537 8538
3 8436 8536 8537
3 8435 8535 8536
3 8434 8534 8535
3 8433 8533 8534
3 8432 8532 8533
3 8431 8531 8532
3 8430 8530 8531
3 8429 8529 8530
3 8428 8528 8529
3 8427 8527 8528
3 8426 8526 8527
3 8425 8525 8526
3 8424 8524 8525
3 8423 8523 8524
3 8422 8522 8523
3 8421 8521 8522
3 8420 8520 8521
3 8419 8519 8520
3 8418 8518 8519
3 8417 8517 8518
3 8416 8516 8517
3 8415 8515 8516
3 8414 8514 8515
3 8413 8513 8514
3 8412 8512 8513
3 8411 8511 8512
3 8410 8510 8511
3 8409 8509 8510
3 8408 8508 8509
3 8407 8507 8508
3 8406 8506 8507
3 8405 8505 8506
3 8404 8504 8505
3 8403 8503 8504
3 8402 8502 8503
3 8401 8501 8502
3 8400 8500 8501
3 8499 8599 8500
3 8397 8497 8498
3 8396 8496 8497
3 8395 8495 8496
3 8394 8494 8495
3 8393 8493 8494
3 8392 8492 8493
3 8391 8491 8492
3 8390 8490 8491
3 8389 8489 8490
3 8388 8488 8489
3 8387 8487 8488
3 8386 8486 8487
3 8385 8485 8486
3 8384 8484 8485
3 8383 8483 8484
3 8382 8482 8483
3 8381 8481 8482
3 8380 8480 8481
3 8379 8479 8480
3 8378 8478 8479
3 8377 8477 8478
3 8376 8476 8477
3 8375 8475 8476
3 8374 8474 8475
3 8373 8473 8474
3 8372 8472 8473
3 8371 8471 8472
3 8370 8470 8471
3 8369 8469 8470
3 8368 8468 8469
3 8367 8467 8468
3 8366 8466 8467
3 8365 8465 8466
3 8364 8464 8465
3 8363 8463 8464
3 8362 8462 8463
3 8361 8461 8462
3 8360 8460 8461
3 8359 8459 8460
3 8358 8458 8459
3 8357 8457 8458
3 8356 8456 8457
3 8355 8455 8456
3 8354 8454 8455
3 8353 8453 8454
3 8352 8452 8453
3 8351 8451 8452
3 8350 8450 8451
3 8349 8449 8450
3 8348 8448 8449
3 8347 8447 8448
3 8346 8446 8447
3 8345 8445 8446
3 8344 8444 8445
3 8343 8443 8444
3 8342 8442 8443
3 8341 8441 8442
3 8340 8440 8441
3 8339 8439 8440
3 8338 8438 8439
3 8337 8437 8438
3 8336 8436 8437
3 8335 8435 8436
3 8334 8434 8435
3 8333 8433 8434
3 8332 8432 8433
3 8331 8431 8432
3 8330 8430 8431
3 8329 8429 8430
3 8328 8428 8429
3 8327 8427 8428
3 8326 8426 8427
3 8325 8425 8426
3 8324 8424 8425
3 8323 8423 8424
3 8322 8422 8423
3 8321 8421 8422
3 8320 8420 8421
3 8319 8419 8420
3 8318 8418 8419
3 8317 8417 8418
3 8316 8416 8417
3 8315 8415 8416
3 8314 8414 8415
3 8313 8413 8414
3 8312 8412 8413
3 8311 8411 8412
3 8310 8410 8411
3 8309 8409 8410
3 8308 8408 8409
3 8307 8407 8408
3 8306 8406 8407
3 8305 8405 8406
3 8304 8404 8405
3 8303 8403 8404
3 8302 8402 8403
3 8301 8401 8402
3 8300 8400 8401
3 8399 8499 8400
3 8297 8397 8398
3 8296 8396 8397
3 8295 8395 8396
3 8294 8394 8395
3 8293 8393 8394
3 8292 8392 8393
3 8291 8391 8392
3 8290 8390 8391
3 8289 8389 8390
3 8288 8388 8389
3 8287 8387 8388
3 8286 8386 8387
3 8285 8385 8386
3 8284 8384 8385
3 8283 8383 8384
3 8282 8382 8383
3 8281 8381 8382
3 8280 8380 8381
3 8279 8379 8380
3 8278 8378 8379
3 8277 8377 8378
3 8276 8376 8377
3 8275 8375 8376
3 8274 8374 8375
3 8273 8373 8374
3 8272 8372 8373
3 8271 8371 8372
3 8270 8370 8371
3 8269 8369 8370
3 8268 8368 8369
3 8267 8367 8368
3 8266 8366 8367
3 8265 8365 8366
3 8264 8364 8365
3 8263 8363 8364
3 8262 8362 8363
3 8261 8361 8362
3 8260 8360 8361
3 8259 8359 8360
3 8258 8358 8359
3 8257 8357 8358
3 8256 8356 8357
3 8255 8355 8356
3 8254 8354 8355
3 8253 8353 8354
3 8252 8352 8353
3 8251 8351 8352
3 8250 8350 8351
3 8249 8349 8350
3 8248 8348 8349
3 8247 8347 8348
3 8246 8346 8347
3 8245 8345 8346
3 8244 8344 8345
3 8243 8343 8344
3 8242 8342 8343
3 8241 8341 8342
3 8240 8340 8341
3 8239 8339 8340
3 8238 8338 8339
3 8237 8337 8338
3 8236 8336 8337
3 8235 8335 8336
3 8234 8334 8335
3 8233 8333 8334
3 8232 8332 8333
3 8231 8331 8332
3 8230 8330 8331
3 8229 8329 8330
3 8228 8328 8329
3 8227 8327 8328
3 8226 8326 8327
3 8225 8325 8326
3 8224 8324 8325
3 8223 8323 8324
3 8222 8322 8323
3 8221 8321 8322
3 8220 8320 8321
3 8219 8319 8320
3 8218 8318 8319
3 8217 8317 8318
3 8216 8316 8317
3 8215 8315 8316
3 8214 8314 8315
3 8213 8313 8314
3 8212 8312 8313
3 8211 8311 8312
3 8210 8310 8311
3 8209 8309 8310
3 8208 8308 8309
3 8207 8307 8308
3 8206 8306 8307
3 8205 8305 8306
3 8204 8304 8305
3 8203 8303 8304
3 8202 8302 8303
3 8201 8301 8302
3 8200 8300 8301
3 8299 8399 8300
3 8197 8297 8298
3 8196 8296 8297
3 8195 8295 8296
3 8194 8294 8295
3 8193 8293 8294
3 8192 8292 8293
3 8191 8291 8292
3 8190 8290 8291
3 8189 8289 8290
3 8188 8288 8289
3 8187 8287 8288
3 8186 8286 8287
3 8185 8285 8286
3 8184 8284 8285
3 8183 8283 8284
3 8182 8282 8283
3 8181 8281 8282
3 8180 8280 8281
3 8179 8279 8280
3 8178 8278 8279
3 8177 8277 8278
3 8176 8276 8277
3 8175 8275 8276
3 8174 8274 8275
3 8173 8273 8274
3 8172 8272 8273
3 8171 8271 8272
3 8170 8270 8271
3 8169 8269 8270
3 8168 8268 8269
3 8167 8267 8268
3 8166 8266 8267
3 8165 8265 8266
3 8164 8264 8265
3 8163 8263 8264
3 8162 8262 8263
3 8161 8261 8262
3 8160 8260 8261
3 8159 8259 8260
3 8158 8258 8259
3 8157 8257 8258
3 8156 8256 8257
3 8155 8255 8256
3 8154 8254 8255
3 8153 8253 8254
3 8152 8252 8253
3 8151 8251 8252
3 8150 8250 8251
3 8149 8249 8250
3 8148 8248 8249
3 8147 8247 8248
3 8146 8246 8247
3 8145 8245 8246
3 8144 8244 8245
3 8143 8243 8244
3 8142 8242 8243
3 8141 8241 8242
3 8140 8240 8241
3 8139 8239 8240
3 8138 8238 8239
3 8137 8237 8238
3 8136 8236 8237
3 8135 8235 8236
3 8134 8234 8235
3 8133 8233 8234
3 8132 8232 8233
3 8131 8231 8232
3 8130 8230 8231
3 8129 8229 8230
3 8128 8228 8229
3 8127 8227 8228
3 8126 8226 8227
3 8125 8225 8226
3 8124 8224 8225
3 8123 8223 8224
3 8122 8222 8223
3 8121 8221 8222
3 8120 8220 8221
3 8119 8219 8220
3 8118 8218 8219
3 8117 8217 8218
3 8116 8216 8217
3 8115 8215 8216
3 8114 8214 8215
3 8113 8213 8214
3 8112 8212 8213
3 8111 8211 8212
3 8110 8210 8211
3 8109 8209 8210
3 8108 8208 8209
3 8107 8207 8208
3 8106 8206 8207
3 8105 8205 8206
3 8104 8204 8205
3 8103 8203 8204
3 8102 8202 8203
3 8101 8201 8202
3 8100 8200 8201
3 8199 8299 8200
3 8097 8197 8198
3 8096 8196 8197
3 8095 8195 8196
3 8094 8194 8195
3 8093 8193 8194
3 8092 8192 8193
3 8091 8191 8192
3 8090 8190 8191
3 8089 8189 8190
3 8088 8188 8189
3 8087 8187 8188
3 8086 8186 8187
3 8085 8185 8186
3 8084 8184 8185
3 8083 8183 8184
3 8082 8182 8183
3 8081 8181 8182
3 8080 8180 8181
3 8079 8179 8180
3 8078 8178 8179
3 8077 8177 8178
3 8076 8176 8177
3 8075 8175 8176
3 8074 8174 8175
3 8073 8173 8174
3 8072 8172 8173
3 8071 8171 8172
3 8070 8170 8171
3 8069 8169 8170
3 8068 8168 8169
3 8067 8167 8168
3 8066 8166 8167
3 8065 8165 8166
3 8064 8164 8165
3 8063 8163 8164
3 8062 8162 8163
3 8061 8161 8162
3 8060 8160 8161
3 8059 8159 8160
3 8058 8158 8159
3 8057 8157 8158
3 8056 8156 8157
3 8055 8155 8156
3 8054 8154 8155
3 8053 8153 8154
3 8052 8152 8153
3 8051 8151 8152
3 8050 8150 8151
3 8049 8149 8150
3 8048 8148 8149
3 8047 8147 8148
3 8046 8146 8147
3 8045 8145 8146
3 8044 8144 8145
3 8043 8143 8144
3 8042 8142 8143
3 8041 8141 8142
3 8040 8140 8141
3 8039 8139 8140
3 8038 8138 8139
3 8037 8137 8138
3 8036 8136 8137
3 8035 8135 8136
3 8034 8134 8135
3 8033 8133 8134
3 8032 8132 8133
3 8031 8131 8132
3 8030 8130 8131
3 8029 8129 8130
3 8028 8128 8129
3 8027 8127 8128
3 8026 8126 8127
3 8025 8125 8126
3 8024 8124 8125
3 8023 8123 8124
3 8022 8122 8123
3 8021 8121 8122
3 8020 8120 8121
3 8019 8119 8120
3 8018 8118 8119
3 8017 8117 8118
3 8016 8116 8117
3 8015 8115 8116
3 8014 8114 8115
3 8013 8113 8114
3 8012 8112 8113
3 8011 8111 8112
3 8010 8110 8111
3 8009 8109 8110
3 8008 8108 8109
3 8007 8107 8108
3 8006 8106 8107
3 8005 8105 8106
3 8004 8104 8105
3 8003 8103 8104
3 8002 8102 8103
3 8001 8101 8102
3 8000 8100 8101
3 8099 8199 8100
3 7997 8097 8098
3 7996 8096 8097
3 7995 8095 8096
3 7994 8094 8095
3 7993 8093 8094
3 7992 8092 8093
3 7991 8091 8092
3 7990 8090 8091
3 7989 8089 8090
3 7988 8088 8089
3 7987 8087 8088
3 7986 8086 8087
3 7985 8085 8086
3 7984 8084 8085
3 7983 8083 8084
3 7982 8082 8083
3 7981 8081 8082
3 7980 8080 8081
3 7979 8079 8080
3 7978 8078 8079
3 7977 8077 8078
3 7976 8076 8077
3 7975 8075 8076
3 7974 8074 8075
3 7973 8073 8074
3 7972 8072 8073
3 7971 8071 8072
3 7970 8070 8071
3 7969 8069 8070
3 7968 8068 8069
3 7967 8067 8068
3 7966 8066 8067
3 7965 8065 8066
3 7964 8064 8065
3 7963 8063 8064
3 7962 8062 8063
3 7961 8061 8062
3 7960 8060 8061
3 7959 8059 8060
3 7958 8058 8059
3 7957 8057 8058
3 7956 8056 8057
3 7955 8055 8056
3 7954 8054 8055
3 7953 8053 8054
3 7952 8052 8053
3 7951 8051 8052
3 7950 8050 8051
3 7949 8049 8050
3 7948 8048 8049
3 7947 8047 8048
3 7946 8046 8047
3 7945 8045 8046
3 7944 8044 8045
3 7943 8043 8044
3 7942 8042 8043
3 7941 8041 8042
3 7940 8040 8041
3 7939 8039 8040
3 7938 8038 8039
3 7937 8037 8038
3 7936 8036 8037
3 7935 8035 8036
3 7934 8034 8035
3 7933 8033 8034
3 7932 8032 8033
3 7931 8031 8032
3 7930 8030 8031
3 7929 8029 8030
3 7928 8028 8029
3 7927 8027 8028
3 7926 8026 8027
3 7925 8025 8026
3 7924 8024 8025
3 7923 8023 8024
3 7922 8022 8023
3 7921 8021 8022
3 7920 8020 8021
3 7919 8019 8020
3 7918 8018 8019
3 7917 8017 8018
3 7916 8016 8017
3 7915 8015 8016
3 7914 8014 8015
3 7913 8013 8014
3 7912 8012 8013
3 7911 8011 8012
3 7910 8010 8011
3 7909 8009 8010
3 7908 8008 8009
3 7907 8007 8008
3 7906 8006 8007
3 7905 8005 8006
3 7904 8004 8005
3 7903 8003 8004
3 7902 8002 8003
3 7901 8001 8002
3 7900 8000 8001
3 7999 8099 8000
3 7897 7997 7998
3 7896 7996 7997
3 7895 7995 7996
3 7894 7994 7995
3 7893 7993 7994
3 7892 7992 7993
3 7891 7991 7992
3 7890 7990 7991
3 7889 7989 7990
3 7888 7988 7989
3 7887 7987 7988
3 7886 7986 7987
3 7885 7985 7986
3 7884 7984 7985
3 7883 7983 7984
3 7882 7982 7983
3 7881 7981 7982
3 7880 7980 7981
3 7879 7979 7980
3 7878 7978 7979
3 7877 7977 7978
3 7876 7976 7977
3 7875 7975 7976
3 7874 7974 7975
3 7873 7973 7974
3 7872 7972 7973
3 7871 7971 7972
3 7870 7970 7971
3 7869 7969 7970
3 7868 7968 7969
3 7867 7967 7968
3 7866 7966 7967
3 7865 7965 7966
3 7864 7964 7965
3 7863 7963 7964
3 7862 7962 7963
3 7861 7961 7962
3 7860 7960 7961
3 7859 7959 7960
3 7858 7958 7959
3 7857 7957 7958
3 7856 7956 7957
3 7855 7955 7956
3 7854 7954 7955
3 7853 7953 7954
3 7852 7952 7953
3 7851 7951 7952
3 7850 7950 7951
3 7849 7949 7950
3 7848 7948 7949
3 7847 7947 7948
3 7846 7946 7947
3 7845 7945 7946
3 7844 7944 7945
3 7843 7943 7944
3 7842 7942 7943
3 7841 7941 7942
3 7840 7940 7941
3 7839 7939 7940
3 7838 7938 7939
3 7837 7937 7938
3 7836 7936 7937
3 7835 7935 7936
3 7834 7934 7935
3 7833 7933 7934
3 7832 7932 7933
3 7831 7931 7932
3 7830 7930 7931
3 7829 7929 7930
3 7828 7928 7929
3 7827 7927 7928
3 7826 7926 7927
3 7825 7925 7926
3 7824 7924 7925
3 7823 7923 7924
3 7822 7922 7923
3 7821 7921 7922
3 7820 7920 7921
3 7819 7919 7920
3 7818 7918 7919
3 7817 7917 7918
3 7816 7916 7917
3 7815 7915 7916
3 7814 7914 7915
3 7813 7913 7914
3 7812 7912 7913
3 7811 7911 7912
3 7810 7910 7911
3 7809 7909 7910
3 7808 7908 7909
3 7807 7907 7908
3 7806 7906 7907
3 7805 7905 7906
3 7804 7904 7905
3 7803 7903 7904
3 7802 7902 7903
3 7801 7901 7902
3 7800 7900 7901
3 7899 7999 7900
3 7797 7897 7898
3 7796 7896 7897
3 7795 7895 7896
3 7794 7894 7895
3 7793 7893 7894
3 7792 7892 7893
3 7791 7891 7892
3 7790 7890 7891
3 7789 7889 7890
3 7788 7888 7889
3 7787 7887 7888
3 7786 7886 7887
3 7785 7885 7886
3 7784 7884 7885
3 7783 7883 7884
3 7782 7882 7883
3 7781 7881 7882
3 7780 7880 7881
3 7779 7879 7880
3 7778 7878 7879
3 7777 7877 7878
3 7776 7876 7877
3 7775 7875 7876
3 7774 7874 7875
3 7773 7873 7874
3 7772 7872 7873
3 7771 7871 7872
3 7770 7870 7871
3 7769 7869 7870
3 7768 7868 7869
3 7767 7867 7868
3 7766 7866 7867
3 7765 7865 7866
3 7764 7864 7865
3 7763 7863 7864
3 7762 7862 7863
3 7761 7861 7862
3 7760 7860 7861
3 7759 7859 7860
3 7758 7858 7859
3 7757 7857 7858
3 7756 7856 7857
3 7755 7855 7856
3 7754 7854 7855
3 7753 7853 7854
3 7752 7852 7853
3 7751 7851 7852
3 7750 7850 7851
3 7749 7849 7850
3 7748 7848 7849
3 7747 7847 7848
3 7746 7846 7847
3 7745 7845 7846
3 7744 7844 7845
3 7743 7843 7844
3 7742 7842 7843
3 7741 7841 7842
3 7740 7840 7841
3 7739 7839 7840
3 7738 7838 7839
3 7737 7837 7838
3 7736 7836 7837
3 7735 7835 7836
3 7734 7834 7835
3 7733 7833 7834
3 7732 7832 7833
3 7731 7831 7832
3 7730 7830 7831
3 7729 7829 7830
3 7728 7828 7829
3 7727 7827 7828
3 7726 7826 7827
3 7725 7825 7826
3 7724 7824 7825
3 7723 7823 7824
3 7722 7822 7823
3 7721 7821 7822
3 7720 7820 7821
3 7719 7819 7820
3 7718 7818 7819
3 7717 7817 7818
3 7716 7816 7817
3 7715 7815 7816
3 7714 7814 7815
3 7713 7813 7814
3 7712 7812 7813
3 7711 7811 7812
3 7710 7810 7811
3 7709 7809 7810
3 7708 7808 7809
3 7707 7807 7808
3 7706 7806 7807
3 7705 7805 7806
3 7704 7804 7805
3 7703 7803 7804
3 7702 7802 7803
3 7701 7801 7802
3 7700 7800 7801
3 7799 7899 7800
3 7697 7797 7798
3 7696 7796 7797
3 7695 7795 7796
3 7694 7794 7795
3 7693 7793 7794
3 7692 7792 7793
3 7691 7791 7792
3 7690 7790 7791
3 7689 7789 7790
3 7688 7788 7789
3 7687 7787 7788
3 7686 7786 7787
3 7685 7785 7786
3 7684 7784 7785
3 7683 7783 7784
3 7682 7782 7783
3 7681 7781 7782
3 7680 7780 7781
3 7679 7779 7780
3 7678 7778 7779
3 7677 7777 7778
3 7676 7776 7777
3 7675 7775 7776
3 7674 7774 7775
3 7673 7773 7774
3 7672 7772 7773
3 7671 7771 7772
3 7670 7770 7771
3 7669 7769 7770
3 7668 7768 7769
3 7667 7767 7768
3 7666 7766 7767
3 7665 7765 7766
3 7664 7764 7765
3 7663 7763 7764
3 7662 7762 7763
3 7661 7761 7762
3 7660 7760 7761
3 7659 7759 7760
3 7658 7758 7759
3 7657 7757 7758
3 7656 7756 7757
3 7655 7755 7756
3 7654 7754 7755
3 7653 7753 7754
3 7652 7752 7753
3 7651 7751 7752
3 7650 7750 7751
3 7649 7749 7750
3 7648 7748 7749
3 7647 7747 7748
3 7646 7746 7747
3 7645 7745 7746
3 7644 7744 7745
3 7643 7743 7744
3 7642 7742 7743
3 7641 7741 7742
3 7640 7740 7741
3 7639 7739 7740
3 7638 7738 7739
3 7637 7737 7738
3 7636 7736 7737
3 7635 7735 7736
3 7634 7734 7735
3 7633 7733 7734
3 7632 7732 7733
3 7631 7731 7732
3 7630 7730 7731
3 7629 7729 7730
3 7628 7728 7729
3 7627 7727 7728
3 7626 7726 7727
3 7625 7725 7726
3 7624 7724 7725
3 7623 7723 7724
3 7622 7722 7723
3 7621 7721 7722
3 7620 7720 7721
3 7619 7719 7720
3 7618 7718 7719
3 7617 7717 7718
3 7616 7716 7717
3 7615 7715 7716
3 7614 7714 7715
3 7613 7713 7714
3 7612 7712 7713
3 7611 7711 7712
3 7610 7710 7711
3 7609 7709 7710
3 7608 7708 7709
3 7607 7707 7708
3 7606 7706 7707
3 7605 7705 7706
3 7604 7704 7705
3 7603 7703 7704
3 7602 7702 7703
3 7601 7701 7702
3 7600 7700 7701
3 7699 7799 7700
3 7597 7697 7698
3 7596 7696 7697
3 7595 7695 7696
3 7594 7694 7695
3 7593 7693 7694
3 7592 7692 7693
3 7591 7691 7692
3 7590 7690 7691
3 7589 7689 7690
3 7588 7688 7689
3 7587 7687 7688
3 7586 7686 7687
3 7585 7685 7686
3 7584 7684 7685
3 7583 7683 7684
3 7582 7682 7683
3 7581 7681 7682
3 7580 7680 7681
3 7579 7679 7680
3 7578 7678 7679
3 7577 7677 7678
3 7576 7676 7677
3 7575 7675 7676
3 7574 7674 7675
3 7573 7673 7674
3 7572 7672 7673
3 7571 7671 7672
3 7570 7670 7671
3 7569 7669 7670
3 7568 7668 7669
3 7567 7667 7668
3 7566 7666 7667
3 7565 7665 7666
3 7564 7664 7665
3 7563 7663 7664
3 7562 7662 7663
3 7561 7661 7662
3 7560 7660 7661
3 7559 7659 7660
3 7558 7658 7659
3 7557 7657 7658
3 7556 7656 7657
3 7555 7655 7656
3 7554 7654 7655
3 7553 7653 7654
3 7552 7652 7653
3 7551 7651 7652
3 7550 7650 7651
3 7549 7649 7650
3 7548 7648 7649
3 7547 7647 7648
3 7546 7646 7647
3 7545 7645 7646
3 7544 7644 7645
3 7543 7643 7644
3 7542 7642 7643
3 7541 7641 7642
3 7540 7640 7641
3 7539 7639 7640
3 7538 7638 7639
3 7537 7637 7638
3 7536 7636 7637
3 7535 7635 7636
3 7534 7634 7635
3 7533 7633 7634
3 7532 7632 7633
3 7531 7631 7632
3 7530 7630 7631
3 7529 7629 7630
3 7528 7628 7629
3 7527 7627 7628
3 7526 7626 7627
3 7525 7625 7626
3 7524 7624 7625
3 7523 7623 7624
3 7522 7622 7623
3 7521 7621 7622
3 7520 7620 7621
3 7519 7619 7620
3 7518 7618 7619
3 7517 7617 7618
3 7516 7616 7617
3 7515 7615 7616
3 7514 7614 7615
3 7513 7613 7614
3 7512 7612 7613
3 7511 7611 7612
3 7510 7610 7611
3 7509 7609 7610
3 7508 7608 7609
3 7507 7607 7608
3 7506 7606 7607
3 7505 7605 7606
3 7504 7604 7605
3 7503 7603 7604
3 7502 7602 7603
3 7501 7601 7602
3 7500 7600 7601
3 7599 7699 7600
3 7497 7597 7598
3 7496 7596 7597
3 7495 7595 7596
3 7494 7594 7595
3 7493 7593 7594
3 7492 7592 7593
3 7491 7591 7592
3 7490 7590 7591
3 7489 7589 7590
3 7488 7588 7589
3 7487 7587 7588
3 7486 7586 7587
3 7485 7585 7586
3 7484 7584 7585
3 7483 7583 7584
3 7482 7582 7583
3 7481 7581 7582
3 7480 7580 7581
3 7479 7579 7580
3 7478 7578 7579
3 7477 7577 7578
3 7476 7576 7577
3 7475 7575 7576
3 7474 7574 7575
3 7473 7573 7574
3 7472 7572 7573
3 7471 7571 7572
3 7470 7570 7571
3 7469 7569 7570
3 7468 7568 7569
3 7467 7567 7568
3 7466 7566 7567
3 7465 7565 7566
3 7464 7564 7565
3 7463 7563 7564
3 7462 7562 7563
3 7461 7561 7562
3 7460 7560 7561
3 7459 7559 7560
3 7458 7558 7559
3 7457 7557 7558
3 7456 7556 7557
3 7455 7555 7556
3 7454 7554 7555
3 7453 7553 7554
3 7452 7552 7553
3 7451 7551 7552
3 7450 7550 7551
3 7449 7549 7550
3 7448 7548 7549
3 7447 7547 7548
3 7446 7546 7547
3 7445 7545 7546
3 7444 7544 7545
3 7443 7543 7544
3 7442 7542 7543
3 7441 7541 7542
3 7440 7540 7541
3 7439 7539 7540
3 7438 7538 7539
3 7437 7537 7538
3 7436 7536 7537
3 7435 7535 7536
3 7434 7534 7535
3 7433 7533 7534
3 7432 7532 7533
3 7431 7531 7532
3 7430 7530 7531
3 7429 7529 7530
3 7428 7528 7529
3 7427 7527 7528
3 7426 7526 7527
3 7425 7525 7526
3 7424 7524 7525
3 7423 7523 7524
3 7422 7522 7523
3 7421 7521 7522
3 7420 7520 7521
3 7419 7519 7520
3 7418 7518 7519
3 7417 7517 7518
3 7416 7516 7517
3 7415 7515 7516
3 7414 7514 7515
3 7413 7513 7514
3 7412 7512 7513
3 7411 7511 7512
3 7410 7510 7511
3 7409 7509 7510
3 7408 7508 7509
3 7407 7507 7508
3 7406 7506 7507
3 7405 7505 7506
3 7404 7504 7505
3 7403 7503 7504
3 7402 7502 7503
3 7401 7501 7502
3 7400 7500 7501
3 7499 7599 7500
3 7397 7497 7498
3 7396 7496 7497
3 7395 7495 7496
3 7394 7494 7495
3 7393 7493 7494
3 7392 7492 7493
3 7391 7491 7492
3 7390 7490 7491
3 7389 7489 7490
3 7388 7488 7489
3 7387 7487 7488
3 7386 7486 7487
3 7385 7485 7486
3 7384 7484 7485
3 7383 7483 7484
3 7382 7482 7483
3 7381 7481 7482
3 7380 7480 7481
3 7379 7479 7480
3 7378 7478 7479
3 7377 7477 7478
3 7376 7476 7477
3 7375 7475 7476
3 7374 7474 7475
3 7373 7473 7474
3 7372 7472 7473
3 7371 7471 7472
3 7370 7470 7471
3 7369 7469 7470
3 7368 7468 7469
3 7367 7467 7468
3 7366 7466 7467
3 7365 7465 7466
3 7364 7464 7465
3 7363 7463 7464
3 7362 7462 7463
3 7361 7461 7462
3 7360 7460 7461
3 7359 7459 7460
3 7358 7458 7459
3 7357 7457 7458
3 7356 7456 7457
3 7355 7455 7456
3 7354 7454 7455
3 7353 7453 7454
3 7352 7452 7453
3 7351 7451 7452
3 7350 7450 7451
3 7349 7449 7450
3 7348 7448 7449
3 7347 7447 7448
3 7346 7446 7447
3 7345 7445 7446
3 7344 7444 7445
3 7343 7443 7444
3 7342 7442 7443
3 7341 7441 7442
3 7340 7440 7441
3 7339 7439 7440
3 7338 7438 7439
3 7337 7437 7438
3 7336 7436 7437
3 7335 7435 7436
3 7334 7434 7435
3 7333 7433 7434
3 7332 7432 7433
3 7331 7431 7432
3 7330 7430 7431
3 7329 7429 7430
3 7328 7428 7429
3 7327 7427 7428
3 7326 7426 7427
3 7325 7425 7426
3 7324 7424 7425
3 7323 7423 7424
3 7322 7422 7423
3 7321 7421 7422
3 7320 7420 7421
3 7319 7419 7420
3 7318 7418 7419
3 7317 7417 7418
3 7316 7416 7417
3 7315 7415 7416
3 7314 7414 7415
3 7313 7413 7414
3 7312 7412 7413
3 7311 7411 7412
3 7310 7410 7411
3 7309 7409 7410
3 7308 7408 7409
3 7307 7407 7408
3 7306 7406 7407
3 7305 7405 7406
3 7304 7404 7405
3 7303 7403 7404
3 7302 7402 7403
3 7301 7401 7402
3 7300 7400 7401
3 7399 7499 7400
3 7297 7397 7398
3 7296 7396 7397
3 7295 7395 7396
3 7294 7394 7395
3 7293 7393 7394
3 7292 7392 7393
3 7291 7391 7392
3 7290 7390 7391
3 7289 7389 7390
3 7288 7388 7389
3 7287 7387 7388
3 7286 7386 7387
3 7285 7385 7386
3 7284 7384 7385
3 7283 7383 7384
3 7282 7382 7383
3 7281 7381 7382
3 7280 7380 7381
3 7279 7379 7380
3 7278 7378 7379
3 7277 7377 7378
3 7276 7376 7377
3 7275 7375 7376
3 7274 7374 7375
3 7273 7373 7374
3 7272 7372 7373
3 7271 7371 7372
3 7270 7370 7371
3 7269 7369 7370
3 7268 7368 7369
3 7267 7367 7368
3 7266 7366 7367
3 7265 7365 7366
3 7264 7364 7365
3 7263 7363 7364
3 7262 7362 7363
3 7261 7361 7362
3 7260 7360 7361
3 7259 7359 7360
3 7258 7358 7359
3 7257 7357 7358
3 7256 7356 7357
3 7255 7355 7356
3 7254 7354 7355
3 7253 7353 7354
3 7252 7352 7353
3 7251 7351 7352
3 7250 7350 7351
3 7249 7349 7350
3 7248 7348 7349
3 7247 7347 7348
3 7246 7346 7347
3 7245 7345 7346
3 7244 7344 7345
3 7243 7343 7344
3 7242 7342 7343
3 7241 7341 7342
3 7240 7340 7341
3 7239 7339 7340
3 7238 7338 7339
3 7237 7337 7338
3 7236 7336 7337
3 7235 7335 7336
3 7234 7334 7335
3 7233 7333 7334
3 7232 7332 7333
3 7231 7331 7332
3 7230 7330 7331
3 7229 7329 7330
3 7228 7328 7329
3 7227 7327 7328
3 7226 7326 7327
3 7225 7325 7326
3 7224 7324 7325
3 7223 7323 7324
3 7222 7322 7323
3 7221 7321 7322
3 7220 7320 7321
3 7219 7319 7320
3 7218 7318 7319
3 7217 7317 7318
3 7216 7316 7317
3 7215 7315 7316
3 7214 7314 7315
3 7213 7313 7314
3 7212 7312 7313
3 7211 7311 7312
3 7210 7310 7311
3 7209 7309 7310
3 7208 7308 7309
3 7207 7307 7308
3 7206 7306 7307
3 7205 7305 7306
3 7204 7304 7305
3 7203 7303 7304
3 7202 7302 7303
3 7201 7301 7302
3 7200 7300 7301
3 7299 7399 7300
3 7197 7297 7298
3 7196 7296 7297
3 7195 7295 7296
3 7194 7294 7295
3 7193 7293 7294
3 7192 7292 7293
3 7191 7291 7292
3 7190 7290 7291
3 7189 7289 7290
3 7188 7288 7289
3 7187 7287 7288
3 7186 7286 7287
3 7185 7285 7286
3 7184 7284 7285
3 7183 7283 7284
3 7182 7282 7283
3 7181 7281 7282
3 7180 7280 7281
3 7179 7279 7280
3 7178 7278 7279
3 7177 7277 7278
3 7176 7276 7277
3 7175 7275 7276
3 7174 7274 7275
3 7173 7273 7274
3 7172 7272 7273
3 7171 7271 7272
3 7170 7270 7271
3 7169 7269 7270
3 7168 7268 7269
3 7167 7267 7268
3 7166 7266 7267
3 7165 7265 7266
3 7164 7264 7265
3 7163 7263 7264
3 7162 7262 7263
3 7161 7261 7262
3 7160 7260 7261
3 7159 7259 7260
3 7158 7258 7259
3 7157 7257 7258
3 7156 7256 7257
3 7155 7255 7256
3 7154 7254 7255
3 7153 7253 7254
3 7152 7252 7253
3 7151 7251 7252
3 7150 7250 7251
3 7149 7249 7250
3 7148 7248 7249
3 7147 7247 7248
3 7146 7246 7247
3 7145 7245 7246
3 7144 7244 7245
3 7143 7243 7244
3 7142 7242 7243
3 7141 7241 7242
3 7140 7240 7241
3 7139 7239 7240
3 7138 7238 7239
3 7137 7237 7238
3 7136 7236 7237
3 7135 7235 7236
3 7134 7234 7235
3 7133 7233 7234
3 7132 7232 7233
3 7131 7231 7232
3 7130 7230 7231
3 7129 7229 7230
3 7128 7228 7229
3 7127 7227 7228
3 7126 7226 7227
3 7125 7225 7226
3 7124 7224 7225
3 7123 7223 7224
3 7122 7222 7223
3 7121 7221 7222
3 7120 7220 7221
3 7119 7219 7220
3 7118 7218 7219
3 7117 7217 7218
3 7116 7216 7217
3 7115 7215 7216
3 7114 7214 7215
3 7113 7213 7214
3 7112 7212 7213
3 7111 7211 7212
3 7110 7210 7211
3 7109 7209 7210
3 7108 7208 7209
3 7107 7207 7208
3 7106 7206 7207
3 7105 7205 7206
3 7104 7204 7205
3 7103 7203 7204
3 7102 7202 7203
3 7101 7201 7202
3 7100 7200 7201
3 7199 7299 7200
3 7097 7197 7198
3 7096 7196 7197
3 7095 7195 7196
3 7094 7194 7195
3 7093 7193 7194
3 7092 7192 7193
3 7091 7191 7192
3 7090 7190 7191
3 7089 7189 7190
3 7088 7188 7189
3 7087 7187 7188
3 7086 7186 7187
3 7085 7185 7186
3 7084 7184 7185
3 7083 7183 7184
3 7082 7182 7183
3 7081 7181 7182
3 7080 7180 7181
3 7079 7179 7180
3 7078 7178 7179
3 7077 7177 7178
3 7076 7176 7177
3 7075 7175 7176
3 7074 7174 7175
3 7073 7173 7174
3 7072 7172 7173
3 7071 7171 7172
3 7070 7170 7171
3 7069 7169 7170
3 7068 7168 7169
3 7067 7167 7168
3 7066 7166 7167
3 7065 7165 7166
3 7064 7164 7165
3 7063 7163 7164
3 7062 7162 7163
3 7061 7161 7162
3 7060 7160 7161
3 7059 7159 7160
3 7058 7158 7159
3 7057 7157 7158
3 7056 7156 7157
3 7055 7155 7156
3 7054 7154 7155
3 7053 7153 7154
3 7052 7152 7153
3 7051 7151 7152
3 7050 7150 7151
3 7049 7149 7150
3 7048 7148 7149
3 7047 7147 7148
3 7046 7146 7147
3 7045 7145 7146
3 7044 7144 7145
3 7043 7143 7144
3 7042 7142 7143
3 7041 7141 7142
3 7040 7140 7141
3 7039 7139 7140
3 7038 7138 7139
3 7037 7137 7138
3 7036 7136 7137
3 7035 7135 7136
3 7034 7134 7135
3 7033 7133 7134
3 7032 7132 7133
3 7031 7131 7132
3 7030 7130 7131
3 7029 7129 7130
3 7028 7128 7129
3 7027 7127 7128
3 7026 7126 7127
3 7025 7125 7126
3 7024 7124 7125
3 7023 7123 7124
3 7022 7122 7123
3 7021 7121 7122
3 7020 7120 7121
3 7019 7119 7120
3 7018 7118 7119
3 7017 7117 7118
3 7016 7116 7117
3 7015 7115 7116
3 7014 7114 7115
3 7013 7113 7114
3 7012 7112 7113
3 7011 7111 7112
3 7010 7110 7111
3 7009 7109 7110
3 7008 7108 7109
3 7007 7107 7108
3 7006 7106 7107
3 7005 7105 7106
3 7004 7104 7105
3 7003 7103 7104
3 7002 7102 7103
3 7001 7101 7102
3 7000 7100 7101
3 7099 7199 7100
3 6997 7097 7098
3 6996 7096 7097
3 6995 7095 7096
3 6994 7094 7095
3 6993 7093 7094
3 6992 7092 7093
3 6991 7091 7092
3 6990 7090 7091
3 6989 7089 7090
3 6988 7088 7089
3 6987 7087 7088
3 6986 7086 7087
3 6985 7085 7086
3 6984 7084 7085
3 6983 7083 7084
3 6982 7082 7083
3 6981 7081 7082
3 6980 7080 7081
3 6979 7079 7080
3 6978 7078 7079
3 6977 7077 7078
3 6976 7076 7077
3 6975 7075 7076
3 6974 7074 7075
3 6973 7073 7074
3 6972 7072 7073
3 6971 7071 7072
3 6970 7070 7071
3 6969 7069 7070
3 6968 7068 7069
3 6967 7067 7068
3 6966 7066 7067
3 6965 7065 7066
3 6964 7064 7065
3 6963 7063 7064
3 6962 7062 7063
3 6961 7061 7062
3 6960 7060 7061
3 6959 7059 7060
3 6958 7058 7059
3 6957 7057 7058
3 6956 7056 7057
3 6955 7055 7056
3 6954 7054 7055
3 6953 7053 7054
3 6952 7052 7053
3 6951 7051 7052
3 6950 7050 7051
3 6949 7049 7050
3 6948 7048 7049
3 6947 7047 7048
3 6946 7046 7047
3 6945 7045 7046
3 6944 7044 7045
3 6943 7043 7044
3 6942 7042 7043
3 6941 7041 7042
3 6940 7040 7041
3 6939 7039 7040
3 6938 7038 7039
3 6937 7037 7038
3 6936 7036 7037
3 6935 7035 7036
3 6934 7034 7035
3 6933 7033 7034
3 6932 7032 7033
3 6931 7031 7032
3 6930 7030 7031
3 6929 7029 7030
3 6928 7028 7029
3 6927 7027 7028
3 6926 7026 7027
3 6925 7025 7026
3 6924 7024 7025
3 6923 7023 7024
3 6922 7022 7023
3 6921 7021 7022
3 6920 7020 7021
3 6919 7019 7020
3 6918 7018 7019
3 6917 7017 7018
3 6916 7016 7017
3 6915 7015 7016
3 6914 7014 7015
3 6913 7013 7014
3 6912 7012 7013
3 6911 7011 7012
3 6910 7010 7011
3 6909 7009 7010
3 6908 7008 7009
3 6907 7007 7008
3 6906 7006 7007
3 6905 7005 7006
3 6904 7004 7005
3 6903 7003 7004
3 6902 7002 7003
3 6901 7001 7002
3 6900 7000 7001
3 6999 7099 7000
3 6897 6997 6998
3 6896 6996 6997
3 6895 6995 6996
3 6894 6994 6995
3 6893 6993 6994
3 6892 6992 6993
3 6891 6991 6992
3 6890 6990 6991
3 6889 6989 6990
3 6888 6988 6989
3 6887 6987 6988
3 6886 6986 6987
3 6885 6985 6986
3 6884 6984 6985
3 6883 6983 6984
3 6882 6982 6983
3 6881 6981 6982
3 6880 6980 6981
3 6879 6979 6980
3 6878 6978 6979
3 6877 6977 6978
3 6876 6976 6977
3 6875 6975 6976
3 6874 6974 6975
3 6873 6973 6974
3 6872 6972 6973
3 6871 6971 6972
3 6870 6970 6971
3 6869 6969 6970
3 6868 6968 6969
3 6867 6967 6968
3 6866 6966 6967
3 6865 6965 6966
3 6864 6964 6965
3 6863 6963 6964
3 6862 6962 6963
3 6861 6961 6962
3 6860 6960 6961
3 6859 6959 6960
3 6858 6958 6959
3 6857 6957 6958
3 6856 6956 6957
3 6855 6955 6956
3 6854 6954 6955
3 6853 6953 6954
3 6852 6952 6953
3 6851 6951 6952
3 6850 6950 6951
3 6849 6949 6950
3 6848 6948 6949
3 6847 6947 6948
3 6846 6946 6947
3 6845 6945 6946
3 6844 6944 6945
3 6843 6943 6944
3 6842 6942 6943
3 6841 6941 6942
3 6840 6940 6941
3 6839 6939 6940
3 6838 6938 6939
3 6837 6937 6938
3 6836 6936 6937
3 6835 6935 6936
3 6834 6934 6935
3 6833 6933 6934
3 6832 6932 6933
3 6831 6931 6932
3 6830 6930 6931
3 6829 6929 6930
3 6828 6928 6929
3 6827 6927 6928
3 6826 6926 6927
3 6825 6925 6926
3 6824 6924 6925
3 6823 6923 6924
3 6822 6922 6923
3 6821 6921 6922
3 6820 6920 6921
3 6819 6919 6920
3 6818 6918 6919
3 6817 6917 6918
3 6816 6916 6917
3 6815 6915 6916
3 6814 6914 6915
3 6813 6913 6914
3 6812 6912 6913
3 6811 6911 6912
3 6810 6910 6911
3 6809 6909 6910
3 6808 6908 6909
3 6807 6907 6908
3 6806 6906 6907
3 6805 6905 6906
3 6804 6904 6905
3 6803 6903 6904
3 6802 6902 6903
3 6801 6901 6902
3 6800 6900 6901
3 6899 6999 6900
3 6797 6897 6898
3 6796 6896 6897
3 6795 6895 6896
3 6794 6894 6895
3 6793 6893 6894
3 6792 6892 6893
3 6791 6891 6892
3 6790 6890 6891
3 6789 6889 6890
3 6788 6888 6889
3 6787 6887 6888
3 6786 6886 6887
3 6785 6885 6886
3 6784 6884 6885
3 6783 6883 6884
3 6782 6882 6883
3 6781 6881 6882
3 6780 6880 6881
3 6779 6879 6880
3 6778 6878 6879
3 6777 6877 6878
3 6776 6876 6877
3 6775 6875 6876
3 6774 6874 6875
3 6773 6873 6874
3 6772 6872 6873
3 6771 6871 6872
3 6770 6870 6871
3 6769 6869 6870
3 6768 6868 6869
3 6767 6867 6868
3 6766 6866 6867
3 6765 6865 6866
3 6764 6864 6865
3 6763 6863 6864
3 6762 6862 6863
3 6761 6861 6862
3 6760 6860 6861
3 6759 6859 6860
3 6758 6858 6859
3 6757 6857 6858
3 6756 6856 6857
3 6755 6855 6856
3 6754 6854 6855
3 6753 6853 6854
3 6752 6852 6853
3 6751 6851 6852
3 6750 6850 6851
3 6749 6849 6850
3 6748 6848 6849
3 6747 6847 6848
3 6746 6846 6847
3 6745 6845 6846
3 6744 6844 6845
3 6743 6843 6844
3 6742 6842 6843
3 6741 6841 6842
3 6740 6840 6841
3 6739 6839 6840
3 6738 6838 6839
3 6737 6837 6838
3 6736 6836 6837
3 6735 6835 6836
3 6734 6834 6835
3 6733 6833 6834
3 6732 6832 6833
3 6731 6831 6832
3 6730 6830 6831
3 6729 6829 6830
3 6728 6828 6829
3 6727 6827 6828
3 6726 6826 6827
3 6725 6825 6826
3 6724 6824 6825
3 6723 6823 6824
3 6722 6822 6823
3 6721 6821 6822
3 6720 6820 6821
3 6719 6819 6820
3 6718 6818 6819
3 6717 6817 6818
3 6716 6816 6817
3 6715 6815 6816
3 6714 6814 6815
3 6713 6813 6814
3 6712 6812 6813
3 6711 6811 6812
3 6710 6810 6811
3 6709 6809 6810
3 6708 6808 6809
3 6707 6807 6808
3 6706 6806 6807
3 6705 6805 6806
3 6704 6804 6805
3 6703 6803 6804
3 6702 6802 6803
3 6701 6801 6802
3 6700 6800 6801
3 6799 6899 6800
3 6697 6797 6798
3 6696 6796 6797
3 6695 6795 6796
3 6694 6794 6795
3 6693 6793 6794
3 6692 6792 6793
3 6691 6791 6792
3 6690 6790 6791
3 6689 6789 6790
3 6688 6788 6789
3 6687 6787 6788
3 6686 6786 6787
3 6685 6785 6786
3 6684 6784 6785
3 6683 6783 6784
3 6682 6782 6783
3 6681 6781 6782
3 6680 6780 6781
3 6679 6779 6780
3 6678 6778 6779
3 6677 6777 6778
3 6676 6776 6777
3 6675 6775 6776
3 6674 6774 6775
3 6673 6773 6774
3 6672 6772 6773
3 6671 6771 6772
3 6670 6770 6771
3 6669 6769 6770
3 6668 6768 6769
3 6667 6767 6768
3 6666 6766 6767
3 6665 6765 6766
3 6664 6764 6765
3 6663 6763 6764
3 6662 6762 6763
3 6661 6761 6762
3 6660 6760 6761
3 6659 6759 6760
3 6658 6758 6759
3 6657 6757 6758
3 6656 6756 6757
3 6655 6755 6756
3 6654 6754 6755
3 6653 6753 6754
3 6652 6752 6753
3 6651 6751 6752
3 6650 6750 6751
3 6649 6749 6750
3 6648 6748 6749
3 6647 6747 6748
3 6646 6746 6747
3 6645 6745 6746
3 6644 6744 6745
3 6643 6743 6744
3 6642 6742 6743
3 6641 6741 6742
3 6640 6740 6741
3 6639 6739 6740
3 6638 6738 6739
3 6637 6737 6738
3 6636 6736 6737
3 6635 6735 6736
3 6634 6734 6735
3 6633 6733 6734
3 6632 6732 6733
3 6631 6731 6732
3 6630 6730 6731
3 6629 6729 6730
3 6628 6728 6729
3 6627 6727 6728
3 6626 6726 6727
3 6625 6725 6726
3 6624 6724 6725
3 6623 6723 6724
3 6622 6722 6723
3 6621 6721 6722
3 6620 6720 6721
3 6619 6719 6720
3 6618 6718 6719
3 6617 6717 6718
3 6616 6716 6717
3 6615 6715 6716
3 6614 6714 6715
3 6613 6713 6714
3 6612 6712 6713
3 6611 6711 6712
3 6610 6710 6711
3 6609 6709 6710
3 6608 6708 6709
3 6607 6707 6708
3 6606 6706 6707
3 6605 6705 6706
3 6604 6704 6705
3 6603 6703 6704
3 6602 6702 6703
3 6601 6701 6702
3 6600 6700 6701
3 6699 6799 6700
3 6597 6697 6698
3 6596 6696 6697
3 6595 6695 6696
3 6594 6694 6695
3 6593 6693 6694
3 6592 6692 6693
3 6591 6691 6692
3 6590 6690 6691
3 6589 6689 6690
3 6588 6688 6689
3 6587 6687 6688
3 6586 6686 6687
3 6585 6685 6686
3 6584 6684 6685
3 6583 6683 6684
3 6582 6682 6683
3 6581 6681 6682
3 6580 6680 6681
3 6579 6679 6680
3 6578 6678 6679
3 6577 6677 6678
3 6576 6676 6677
3 6575 6675 6676
3 6574 6674 6675
3 6573 6673 6674
3 6572 6672 6673
3 6571 6671 6672
3 6570 6670 6671
3 6569 6669 6670
3 6568 6668 6669
3 6567 6667 6668
3 6566 6666 6667
3 6565 6665 6666
3 6564 6664 6665
3 6563 6663 6664
3 6562 6662 6663
3 6561 6661 6662
3 6560 6660 6661
3 6559 6659 6660
3 6558 6658 6659
3 6557 6657 6658
3 6556 6656 6657
3 6555 6655 6656
3 6554 6654 6655
3 6553 6653 6654
3 6552 6652 6653
3 6551 6651 6652
3 6550 6650 6651
3 6549 6649 6650
3 6548 6648 6649
3 6547 6647 6648
3 6546 6646 6647
3 6545 6645 6646
3 6544 6644 6645
3 6543 6643 6644
3 6542 6642 6643
3 6541 6641 6642
3 6540 6640 6641
3 6539 6639 6640
3 6538 6638 6639
3 6537 6637 6638
3 6536 6636 6637
3 6535 6635 6636
3 6534 6634 6635
3 6533 6633 6634
3 6532 6632 6633
3 6531 6631 6632
3 6530 6630 6631
3 6529 6629 6630
3 6528 6628 6629
3 6527 6627 6628
3 6526 6626 6627
3 6525 6625 6626
3 6524 6624 6625
3 6523 6623 6624
3 6522 6622 6623
3 6521 6621 6622
3 6520 6620 6621
3 6519 6619 6620
3 6518 6618 6619
3 6517 6617 6618
3 6516 6616 6617
3 6515 6615 6616
3 6514 6614 6615
3 6513 6613 6614
3 6512 6612 6613
3 6511 6611 6612
3 6510 6610 6611
3 6509 6609 6610
3 6508 6608 6609
3 6507 6607 6608
3 6506 6606 6607
3 6505 6605 6606
3 6504 6604 6605
3 6503 6603 6604
3 6502 6602 6603
3 6501 6601 6602
3 6500 6600 6601
3 6599 6699 6600
3 6497 6597 6598
3 6496 6596 6597
3 6495 6595 6596
3 6494 6594 6595
3 6493 6593 6594
3 6492 6592 6593
3 6491 6591 6592
3 6490 6590 6591
3 6489 6589 6590
3 6488 6588 6589
3 6487 6587 6588
3 6486 6586 6587
3 6485 6585 6586
3 6484 6584 6585
3 6483 6583 6584
3 6482 6582 6583
3 6481 6581 6582
3 6480 6580 6581
3 6479 6579 6580
3 6478 6578 6579
3 6477 6577 6578
3 6476 6576 6577
3 6475 6575 6576
3 6474 6574 6575
3 6473 6573 6574
3 6472 6572 6573
3 6471 6571 6572
3 6470 6570 6571
3 6469 6569 6570
3 6468 6568 6569
3 6467 6567 6568
3 6466 6566 6567
3 6465 6565 6566
3 6464 6564 6565
3 6463 6563 6564
3 6462 6562 6563
3 6461 6561 6562
3 6460 6560 6561
3 6459 6559 6560
3 6458 6558 6559
3 6457 6557 6558
3 6456 6556 6557
3 6455 6555 6556
3 6454 6554 6555
3 6453 6553 6554
3 6452 6552 6553
3 6451 6551 6552
3 6450 6550 6551
3 6449 6549 6550
3 6448 6548 6549
3 6447 6547 6548
3 6446 6546 6547
3 6445 6545 6546
3 6444 6544 6545
3 6443 6543 6544
3 6442 6542 6543
3 6441 6541 6542
3 6440 6540 6541
3 6439 6539 6540
3 6438 6538 6539
3 6437 6537 6538
3 6436 6536 6537
3 6435 6535 6536
3 6434 6534 6535
3 6433 6533 6534
3 6432 6532 6533
3 6431 6531 6532
3 6430 6530 6531
3 6429 6529 6530
3 6428 6528 6529
3 6427 6527 6528
3 6426 6526 6527
3 6425 6525 6526
3 6424 6524 6525
3 6423 6523 6524
3 6422 6522 6523
3 6421 6521 6522
3 6420 6520 6521
3 6419 6519 6520
3 6418 6518 6519
3 6417 6517 6518
3 6416 6516 6517
3 6415 6515 6516
3 6414 6514 6515
3 6413 6513 6514
3 6412 6512 6513
3 6411 6511 6512
3 6410 6510 6511
3 6409 6509 6510
3 6408 6508 6509
3 6407 6507 6508
3 6406 6506 6507
3 6405 6505 6506
3 6404 6504 6505
3 6403 6503 6504
3 6402 6502 6503
3 6401 6501 6502
3 6400 6500 6501
3 6499 6599 6500
3 6397 6497 6498
3 6396 6496 6497
3 6395 6495 6496
3 6394 6494 6495
3 6393 6493 6494
3 6392 6492 6493
3 6391 6491 6492
3 6390 6490 6491
3 6389 6489 6490
3 6388 6488 6489
3 6387 6487 6488
3 6386 6486 6487
3 6385 6485 6486
3 6384 6484 6485
3 6383 6483 6484
3 6382 6482 6483
3 6381 6481 6482
3 6380 6480 6481
3 6379 6479 6480
3 6378 6478 6479
3 6377 6477 6478
3 6376 6476 6477
3 6375 6475 6476
3 6374 6474 6475
3 6373 6473 6474
3 6372 6472 6473
3 6371 6471 6472
3 6370 6470 6471
3 6369 6469 6470
3 6368 6468 6469
3 6367 6467 6468
3 6366 6466 6467
3 6365 6465 6466
3 6364 6464 6465
3 6363 6463 6464
3 6362 6462 6463
3 6361 6461 6462
3 6360 6460 6461
3 6359 6459 6460
3 6358 6458 6459
3 6357 6457 6458
3 6356 6456 6457
3 6355 6455 6456
3 6354 6454 6455
3 6353 6453 6454
3 6352 6452 6453
3 6351 6451 6452
3 6350 6450 6451
3 6349 6449 6450
3 6348 6448 6449
3 6347 6447 6448
3 6346 6446 6447
3 6345 6445 6446
3 6344 6444 6445
3 6343 6443 6444
3 6342 6442 6443
3 6341 6441 6442
3 6340 6440 6441
3 6339 6439 6440
3 6338 6438 6439
3 6337 6437 6438
3 6336 6436 6437
3 6335 6435 6436
3 6334 6434 6435
3 6333 6433 6434
3 6332 6432 6433
3 6331 6431 6432
3 6330 6430 6431
3 6329 6429 6430
3 6328 6428 6429
3 6327 6427 6428
3 6326 6426 6427
3 6325 6425 6426
3 6324 6424 6425
3 6323 6423 6424
3 6322 6422 6423
3 6321 6421 6422
3 6320 6420 6421
3 6319 6419 6420
3 6318 6418 6419
3 6317 6417 6418
3 6316 6416 6417
3 6315 6415 6416
3 6314 6414 6415
3 6313 6413 6414
3 6312 6412 6413
3 6311 6411 6412
3 6310 6410 6411
3 6309 6409 6410
3 6308 6408 6409
3 6307 6407 6408
3 6306 6406 6407
3 6305 6405 6406
3 6304 6404 6405
3 6303 6403 6404
3 6302 6402 6403
3 6301 6401 6402
3 6300 6400 6401
3 6399 6499 6400
3 6297 6397 6398
3 6296 6396 6397
3 6295 6395 6396
3 6294 6394 6395
3 6293 6393 6394
3 6292 6392 6393
3 6291 6391 6392
3 6290 6390 6391
3 6289 6389 6390
3 6288 6388 6389
3 6287 6387 6388
3 6286 6386 6387
3 6285 6385 6386
3 6284 6384 6385
3 6283 6383 6384
3 6282 6382 6383
3 6281 6381 6382
3 6280 6380 6381
3 6279 6379 6380
3 6278 6378 6379
3 6277 6377 6378
3 6276 6376 6377
3 6275 6375 6376
3 6274 6374 6375
3 6273 6373 6374
3 6272 6372 6373
3 6271 6371 6372
3 6270 6370 6371
3 6269 6369 6370
3 6268 6368 6369
3 6267 6367 6368
3 6266 6366 6367
3 6265 6365 6366
3 6264 6364 6365
3 6263 6363 6364
3 6262 6362 6363
3 6261 6361 6362
3 6260 6360 6361
3 6259 6359 6360
3 6258 6358 6359
3 6257 6357 6358
3 6256 6356 6357
3 6255 6355 6356
3 6254 6354 6355
3 6253 6353 6354
3 6252 6352 6353
3 6251 6351 6352
3 6250 6350 6351
3 6249 6349 6350
3 6248 6348 6349
3 6247 6347 6348
3 6246 6346 6347
3 6245 6345 6346
3 6244 6344 6345
3 6243 6343 6344
3 6242 6342 6343
3 6241 6341 6342
3 6240 6340 6341
3 6239 6339 6340
3 6238 6338 6339
3 6237 6337 6338
3 6236 6336 6337
3 6235 6335 6336
3 6234 6334 6335
3 6233 6333 6334
3 6232 6332 6333
3 6231 6331 6332
3 6230 6330 6331
3 6229 6329 6330
3 6228 6328 6329
3 6227 6327 6328
3 6226 6326 6327
3 6225 6325 6326
3 6224 6324 6325
3 6223 6323 6324
3 6222 6322 6323
3 6221 6321 6322
3 6220 6320 6321
3 6219 6319 6320
3 6218 6318 6319
3 6217 6317 6318
3 6216 6316 6317
3 6215 6315 6316
3 6214 6314 6315
3 6213 6313 6314
3 6212 6312 6313
3 6211 6311 6312
3 6210 6310 6311
3 6209 6309 6310
3 6208 6308 6309
3 6207 6307 6308
3 6206 6306 6307
3 6205 6305 6306
3 6204 6304 6305
3 6203 6303 6304
3 6202 6302 6303
3 6201 6301 6302
3 6200 6300 6301
3 6299 6399 6300
3 6197 6297 6298
3 6196 6296 6297
3 6195 6295 6296
3 6194 6294 6295
3 6193 6293 6294
3 6192 6292 6293
3 6191 6291 6292
3 6190 6290 6291
3 6189 6289 6290
3 6188 6288 6289
3 6187 6287 6288
3 6186 6286 6287
3 6185 6285 6286
3 6184 6284 6285
3 6183 6283 6284
3 6182 6282 6283
3 6181 6281 6282
3 6180 6280 6281
3 6179 6279 6280
3 6178 6278 6279
3 6177 6277 6278
3 6176 6276 6277
3 6175 6275 6276
3 6174 6274 6275
3 6173 6273 6274
3 6172 6272 6273
3 6171 6271 6272
3 6170 6270 6271
3 6169 6269 6270
3 6168 6268 6269
3 6167 6267 6268
3 6166 6266 6267
3 6165 6265 6266
3 6164 6264 6265
3 6163 6263 6264
3 6162 6262 6263
3 6161 6261 6262
3 6160 6260 6261
3 6159 6259 6260
3 6158 6258 6259
3 6157 6257 6258
3 6156 6256 6257
3 6155 6255 6256
3 6154 6254 6255
3 6153 6253 6254
3 6152 6252 6253
3 6151 6251 6252
3 6150 6250 6251
3 6149 6249 6250
3 6148 6248 6249
3 6147 6247 6248
3 6146 6246 6247
3 6145 6245 6246
3 6144 6244 6245
3 6143 6243 6244
3 6142 6242 6243
3 6141 6241 6242
3 6140 6240 6241
3 6139 6239 6240
3 6138 6238 6239
3 6137 6237 6238
3 6136 6236 6237
3 6135 6235 6236
3 6134 6234 6235
3 6133 6233 6234
3 6132 6232 6233
3 6131 6231 6232
3 6130 6230 6231
3 6129 6229 6230
3 6128 6228 6229
3 6127 6227 6228
3 6126 6226 6227
3 6125 6225 6226
3 6124 6224 6225
3 6123 6223 6224
3 6122 6222 6223
3 6121 6221 6222
3 6120 6220 6221
3 6119 6219 6220
3 6118 6218 6219
3 6117 6217 6218
3 6116 6216 6217
3 6115 6215 6216
3 6114 6214 6215
3 6113 6213 6214
3 6112 6212 6213
3 6111 6211 6212
3 6110 6210 6211
3 6109 6209 6210
3 6108 6208 6209
3 6107 6207 6208
3 6106 6206 6207
3 6105 6205 6206
3 6104 6204 6205
3 6103 6203 6204
3 6102 6202 6203
3 6101 6201 6202
3 6100 6200 6201
3 6199 6299 6200
3 6097 6197 6198
3 6096 6196 6197
3 6095 6195 6196
3 6094 6194 6195
3 6093 6193 6194
3 6092 6192 6193
3 6091 6191 6192
3 6090 6190 6191
3 6089 6189 6190
3 6088 6188 6189
3 6087 6187 6188
3 6086 6186 6187
3 6085 6185 6186
3 6084 6184 6185
3 6083 6183 6184
3 6082 6182 6183
3 6081 6181 6182
3 6080 6180 6181
3 6079 6179 6180
3 6078 6178 6179
3 6077 6177 6178
3 6076 6176 6177
3 6075 6175 6176
3 6074 6174 6175
3 6073 6173 6174
3 6072 6172 6173
3 6071 6171 6172
3 6070 6170 6171
3 6069 6169 6170
3 6068 6168 6169
3 6067 6167 6168
3 6066 6166 6167
3 6065 6165 6166
3 6064 6164 6165
3 6063 6163 6164
3 6062 6162 6163
3 6061 6161 6162
3 6060 6160 6161
3 6059 6159 6160
3 6058 6158 6159
3 6057 6157 6158
3 6056 6156 6157
3 6055 6155 6156
3 6054 6154 6155
3 6053 6153 6154
3 6052 6152 6153
3 6051 6151 6152
3 6050 6150 6151
3 6049 6149 6150
3 6048 6148 6149
3 6047 6147 6148
3 6046 6146 6147
3 6045 6145 6146
3 6044 6144 6145
3 6043 6143 6144
3 6042 6142 6143
3 6041 6141 6142
3 6040 6140 6141
3 6039 6139 6140
3 6038 6138 6139
3 6037 6137 6138
3 6036 6136 6137
3 6035 6135 6136
3 6034 6134 6135
3 6033 6133 6134
3 6032 6132 6133
3 6031 6131 6132
3 6030 6130 6131
3 6029 6129 6130
3 6028 6128 6129
3 6027 6127 6128
3 6026 6126 6127
3 6025 6125 6126
3 6024 6124 6125
3 6023 6123 6124
3 6022 6122 6123
3 6021 6121 6122
3 6020 6120 6121
3 6019 6119 6120
3 6018 6118 6119
3 6017 6117 6118
3 6016 6116 6117
3 6015 6115 6116
3 6014 6114 6115
3 6013 6113 6114
3 6012 6112 6113
3 6011 6111 6112
3 6010 6110 6111
3 6009 6109 6110
3 6008 6108 6109
3 6007 6107 6108
3 6006 6106 6107
3 6005 6105 6106
3 6004 6104 6105
3 6003 6103 6104
3 6002 6102 6103
3 6001 6101 6102
3 6000 6100 6101
3 6099 6199 6100
3 5997 6097 6098
3 5996 6096 6097
3 5995 6095 6096
3 5994 6094 6095
3 5993 6093 6094
3 5992 6092 6093
3 5991 6091 6092
3 5990 6090 6091
3 5989 6089 6090
3 5988 6088 6089
3 5987 6087 6088
3 5986 6086 6087
3 5985 6085 6086
3 5984 6084 6085
3 5983 6083 6084
3 5982 6082 6083
3 5981 6081 6082
3 5980 6080 6081
3 5979 6079 6080
3 5978 6078 6079
3 5977 6077 6078
3 5976 6076 6077
3 5975 6075 6076
3 5974 6074 6075
3 5973 6073 6074
3 5972 6072 6073
3 5971 6071 6072
3 5970 6070 6071
3 5969 6069 6070
3 5968 6068 6069
3 5967 6067 6068
3 5966 6066 6067
3 5965 6065 6066
3 5964 6064 6065
3 5963 6063 6064
3 5962 6062 6063
3 5961 6061 6062
3 5960 6060 6061
3 5959 6059 6060
3 5958 6058 6059
3 5957 6057 6058
3 5956 6056 6057
3 5955 6055 6056
3 5954 6054 6055
3 5953 6053 6054
3 5952 6052 6053
3 5951 6051 6052
3 5950 6050 6051
3 5949 6049 6050
3 5948 6048 6049
3 5947 6047 6048
3 5946 6046 6047
3 5945 6045 6046
3 5944 6044 6045
3 5943 6043 6044
3 5942 6042 6043
3 5941 6041 6042
3 5940 6040 6041
3 5939 6039 6040
3 5938 6038 6039
3 5937 6037 6038
3 5936 6036 6037
3 5935 6035 6036
3 5934 6034 6035
3 5933 6033 6034
3 5932 6032 6033
3 5931 6031 6032
3 5930 6030 6031
3 5929 6029 6030
3 5928 6028 6029
3 5927 6027 6028
3 5926 6026 6027
3 5925 6025 6026
3 5924 6024 6025
3 5923 6023 6024
3 5922 6022 6023
3 5921 6021 6022
3 5920 6020 6021
3 5919 6019 6020
3 5918 6018 6019
3 5917 6017 6018
3 5916 6016 6017
3 5915 6015 6016
3 5914 6014 6015
3 5913 6013 6014
3 5912 6012 6013
3 5911 6011 6012
3 5910 6010 6011
3 5909 6009 6010
3 5908 6008 6009
3 5907 6007 6008
3 5906 6006 6007
3 5905 6005 6006
3 5904 6004 6005
3 5903 6003 6004
3 5902 6002 6003
3 5901 6001 6002
3 5900 6000 6001
3 5999 6099 6000
3 5897 5997 5998
3 5896 5996 5997
3 5895 5995 5996
3 5894 5994 5995
3 5893 5993 5994
3 5892 5992 5993
3 5891 5991 5992
3 5890 5990 5991
3 5889 5989 5990
3 5888 5988 5989
3 5887 5987 5988
3 5886 5986 5987
3 5885 5985 5986
3 5884 5984 5985
3 5883 5983 5984
3 5882 5982 5983
3 5881 5981 5982
3 5880 5980 5981
3 5879 5979 5980
3 5878 5978 5979
3 5877 5977 5978
3 5876 5976 5977
3 5875 5975 5976
3 5874 5974 5975
3 5873 5973 5974
3 5872 5972 5973
3 5871 5971 5972
3 5870 5970 5971
3 5869 5969 5970
3 5868 5968 5969
3 5867 5967 5968
3 5866 5966 5967
3 5865 5965 5966
3 5864 5964 5965
3 5863 5963 5964
3 5862 5962 5963
3 5861 5961 5962
3 5860 5960 5961
3 5859 5959 5960
3 5858 5958 5959
3 5857 5957 5958
3 5856 5956 5957
3 5855 5955 5956
3 5854 5954 5955
3 5853 5953 5954
3 5852 5952 5953
3 5851 5951 5952
3 5850 5950 5951
3 5849 5949 5950
3 5848 5948 5949
3 5847 5947 5948
3 5846 5946 5947
3 5845 5945 5946
3 5844 5944 5945
3 5843 5943 5944
3 5842 5942 5943
3 5841 5941 5942
3 5840 5940 5941
3 5839 5939 5940
3 5838 5938 5939
3 5837 5937 5938
3 5836 5936 5937
3 5835 5935 5936
3 5834 5934 5935
3 5833 5933 5934
3 5832 5932 5933
3 5831 5931 5932
3 5830 5930 5931
3 5829 5929 5930
3 5828 5928 5929
3 5827 5927 5928
3 5826 5926 5927
3 5825 5925 5926
3 5824 5924 5925
3 5823 5923 5924
3 5822 5922 5923
3 5821 5921 5922
3 5820 5920 5921
3 5819 5919 5920
3 5818 5918 5919
3 5817 5917 5918
3 5816 5916 5917
3 5815 5915 5916
3 5814 5914 5915
3 5813 5913 5914
3 5812 5912 5913
3 5811 5911 5912
3 5810 5910 5911
3 5809 5909 5910
3 5808 5908 5909
3 5807 5907 5908
3 5806 5906 5907
3 5805 5905 5906
3 5804 5904 5905
3 5803 5903 5904
3 5802 5902 5903
3 5801 5901 5902
3 5800 5900 5901
3 5899 5999 5900
3 5797 5897 5898
3 5796 5896 5897
3 5795 5895 5896
3 5794 5894 5895
3 5793 5893 5894
3 5792 5892 5893
3 5791 5891 5892
3 5790 5890 5891
3 5789 5889 5890
3 5788 5888 5889
3 5787 5887 5888
3 5786 5886 5887
3 5785 5885 5886
3 5784 5884 5885
3 5783 5883 5884
3 5782 5882 5883
3 5781 5881 5882
3 5780 5880 5881
3 5779 5879 5880
3 5778 5878 5879
3 5777 5877 5878
3 5776 5876 5877
3 5775 5875 5876
3 5774 5874 5875
3 5773 5873 5874
3 5772 5872 5873
3 5771 5871 5872
3 5770 5870 5871
3 5769 5869 5870
3 5768 5868 5869
3 5767 5867 5868
3 5766 5866 5867
3 5765 5865 5866
3 5764 5864 5865
3 5763 5863 5864
3 5762 5862 5863
3 5761 5861 5862
3 5760 5860 5861
3 5759 5859 5860
3 5758 5858 5859
3 5757 5857 5858
3 5756 5856 5857
3 5755 5855 5856
3 5754 5854 5855
3 5753 5853 5854
3 5752 5852 5853
3 5751 5851 5852
3 5750 5850 5851
3 5749 5849 5850
3 5748 5848 5849
3 5747 5847 5848
3 5746 5846 5847
3 5745 5845 5846
3 5744 5844 5845
3 5743 5843 5844
3 5742 5842 5843
3 5741 5841 5842
3 5740 5840 5841
3 5739 5839 5840
3 5738 5838 5839
3 5737 5837 5838
3 5736 5836 5837
3 5735 5835 5836
3 5734 5834 5835
3 5733 5833 5834
3 5732 5832 5833
3 5731 5831 5832
3 5730 5830 5831
3 5729 5829 5830
3 5728 5828 5829
3 5727 5827 5828
3 5726 5826 5827
3 5725 5825 5826
3 5724 5824 5825
3 5723 5823 5824
3 5722 5822 5823
3 5721 5821 5822
3 5720 5820 5821
3 5719 5819 5820
3 5718 5818 5819
3 5717 5817 5818
3 5716 5816 5817
3 5715 5815 5816
3 5714 5814 5815
3 5713 5813 5814
3 5712 5812 5813
3 5711 5811 5812
3 5710 5810 5811
3 5709 5809 5810
3 5708 5808 5809
3 5707 5807 5808
3 5706 5806 5807
3 5705 5805 5806
3 5704 5804 5805
3 5703 5803 5804
3 5702 5802 5803
3 5701 5801 5802
3 5700 5800 5801
3 5799 5899 5800
3 5697 5797 5798
3 5696 5796 5797
3 5695 5795 5796
3 5694 5794 5795
3 5693 5793 5794
3 5692 5792 5793
3 5691 5791 5792
3 5690 5790 5791
3 5689 5789 5790
3 5688 5788 5789
3 5687 5787 5788
3 5686 5786 5787
3 5685 5785 5786
3 5684 5784 5785
3 5683 5783 5784
3 5682 5782 5783
3 5681 5781 5782
3 5680 5780 5781
3 5679 5779 5780
3 5678 5778 5779
3 5677 5777 5778
3 5676 5776 5777
3 5675 5775 5776
3 5674 5774 5775
3 5673 5773 5774
3 5672 5772 5773
3 5671 5771 5772
3 5670 5770 5771
3 5669 5769 5770
3 5668 5768 5769
3 5667 5767 5768
3 5666 5766 5767
3 5665 5765 5766
3 5664 5764 5765
3 5663 5763 5764
3 5662 5762 5763
3 5661 5761 5762
3 5660 5760 5761
3 5659 5759 5760
3 5658 5758 5759
3 5657 5757 5758
3 5656 5756 5757
3 5655 5755 5756
3 5654 5754 5755
3 5653 5753 5754
3 5652 5752 5753
3 5651 5751 5752
3 5650 5750 5751
3 5649 5749 5750
3 5648 5748 5749
3 5647 5747 5748
3 5646 5746 5747
3 5645 5745 5746
3 5644 5744 5745
3 5643 5743 5744
3 5642 5742 5743
3 5641 5741 5742
3 5640 5740 5741
3 5639 5739 5740
3 5638 5738 5739
3 5637 5737 5738
3 5636 5736 5737
3 5635 5735 5736
3 5634 5734 5735
3 5633 5733 5734
3 5632 5732 5733
3 5631 5731 5732
3 5630 5730 5731
3 5629 5729 5730
3 5628 5728 5729
3 5627 5727 5728
3 5626 5726 5727
3 5625 5725 5726
3 5624 5724 5725
3 5623 5723 5724
3 5622 5722 5723
3 5621 5721 5722
3 5620 5720 5721
3 5619 5719 5720
3 5618 5718 5719
3 5617 5717 5718
3 5616 5716 5717
3 5615 5715 5716
3 5614 5714 5715
3 5613 5713 5714
3 5612 5712 5713
3 5611 5711 5712
3 5610 5710 5711
3 5609 5709 5710
3 5608 5708 5709
3 5607 5707 5708
3 5606 5706 5707
3 5605 5705 5706
3 5604 5704 5705
3 5603 5703 5704
3 5602 5702 5703
3 5601 5701 5702
3 5600 5700 5701
3 5699 5799 5700
3 5597 5697 5698
3 5596 5696 5697
3 5595 5695 5696
3 5594 5694 5695
3 5593 5693 5694
3 5592 5692 5693
3 5591 5691 5692
3 5590 5690 5691
3 5589 5689 5690
3 5588 5688 5689
3 5587 5687 5688
3 5586 5686 5687
3 5585 5685 5686
3 5584 5684 5685
3 5583 5683 5684
3 5582 5682 5683
3 5581 5681 5682
3 5580 5680 5681
3 5579 5679 5680
3 5578 5678 5679
3 5577 5677 5678
3 5576 5676 5677
3 5575 5675 5676
3 5574 5674 5675
3 5573 5673 5674
3 5572 5672 5673
3 5571 5671 5672
3 5570 5670 5671
3 5569 5669 5670
3 5568 5668 5669
3 5567 5667 5668
3 5566 5666 5667
3 5565 5665 5666
3 5564 5664 5665
3 5563 5663 5664
3 5562 5662 5663
3 5561 5661 5662
3 5560 5660 5661
3 5559 5659 5660
3 5558 5658 5659
3 5557 5657 5658
3 5556 5656 5657
3 5555 5655 5656
3 5554 5654 5655
3 5553 5653 5654
3 5552 5652 5653
3 5551 5651 5652
3 5550 5650 5651
3 5549 5649 5650
3 5548 5648 5649
3 5547 5647 5648
3 5546 5646 5647
3 5545 5645 5646
3 5544 5644 5645
3 5543 5643 5644
3 5542 5642 5643
3 5541 5641 5642
3 5540 5640 5641
3 5539 5639 5640
3 5538 5638 5639
3 5537 5637 5638
3 5536 5636 5637
3 5535 5635 5636
3 5534 5634 5635
3 5533 5633 5634
3 5532 5632 5633
3 5531 5631 5632
3 5530 5630 5631
3 5529 5629 5630
3 5528 5628 5629
3 5527 5627 5628
3 5526 5626 5627
3 5525 5625 5626
3 5524 5624 5625
3 5523 5623 5624
3 5522 5622 5623
3 5521 5621 5622
3 5520 5620 5621
3 5519 5619 5620
3 5518 5618 5619
3 5517 5617 5618
3 5516 5616 5617
3 5515 5615 5616
3 5514 5614 5615
3 5513 5613 5614
3 5512 5612 5613
3 5511 5611 5612
3 5510 5610 5611
3 5509 5609 5610
3 5508 5608 5609
3 5507 5607 5608
3 5506 5606 5607
3 5505 5605 5606
3 5504 5604 5605
3 5503 5603 5604
3 5502 5602 5603
3 5501 5601 5602
3 5500 5600 5601
3 5599 5699 5600
3 5497 5597 5598
3 5496 5596 5597
3 5495 5595 5596
3 5494 5594 5595
3 5493 5593 5594
3 5492 5592 5593
3 5491 5591 5592
3 5490 5590 5591
3 5489 5589 5590
3 5488 5588 5589
3 5487 5587 5588
3 5486 5586 5587
3 5485 5585 5586
3 5484 5584 5585
3 5483 5583 5584
3 5482 5582 5583
3 5481 5581 5582
3 5480 5580 5581
3 5479 5579 5580
3 5478 5578 5579
3 5477 5577 5578
3 5476 5576 5577
3 5475 5575 5576
3 5474 5574 5575
3 5473 5573 5574
3 5472 5572 5573
3 5471 5571 5572
3 5470 5570 5571
3 5469 5569 5570
3 5468 5568 5569
3 5467 5567 5568
3 5466 5566 5567
3 5465 5565 5566
3 5464 5564 5565
3 5463 5563 5564
3 5462 5562 5563
3 5461 5561 5562
3 5460 5560 5561
3 5459 5559 5560
3 5458 5558 5559
3 5457 5557 5558
3 5456 5556 5557
3 5455 5555 5556
3 5454 5554 5555
3 5453 5553 5554
3 5452 5552 5553
3 5451 5551 5552
3 5450 5550 5551
3 5449 5549 5550
3 5448 5548 5549
3 5447 5547 5548
3 5446 5546 5547
3 5445 5545 5546
3 5444 5544 5545
3 5443 5543 5544
3 5442 5542 5543
3 5441 5541 5542
3 5440 5540 5541
3 5439 5539 5540
3 5438 5538 5539
3 5437 5537 5538
3 5436 5536 5537
3 5435 5535 5536
3 5434 5534 5535
3 5433 5533 5534
3 5432 5532 5533
3 5431 5531 5532
3 5430 5530 5531
3 5429 5529 5530
3 5428 5528 5529
3 5427 5527 5528
3 5426 5526 5527
3 5425 5525 5526
3 5424 5524 5525
3 5423 5523 5524
3 5422 5522 5523
3 5421 5521 5522
3 5420 5520 5521
3 5419 5519 5520
3 5418 5518 5519
3 5417 5517 5518
3 5416 5516 5517
3 5415 5515 5516
3 5414 5514 5515
3 5413 5513 5514
3 5412 5512 5513
3 5411 5511 5512
3 5410 5510 5511
3 5409 5509 5510
3 5408 5508 5509
3 5407 5507 5508
3 5406 5506 5507
3 5405 5505 5506
3 5404 5504 5505
3 5403 5503 5504
3 5402 5502 5503
3 5401 5501 5502
3 5400 5500 5501
3 5499 5599 5500
3 5397 5497 5498
3 5396 5496 5497
3 5395 5495 5496
3 5394 5494 5495
3 5393 5493 5494
3 5392 5492 5493
3 5391 5491 5492
3 5390 5490 5491
3 5389 5489 5490
3 5388 5488 5489
3 5387 5487 5488
3 5386 5486 5487
3 5385 5485 5486
3 5384 5484 5485
3 5383 5483 5484
3 5382 5482 5483
3 5381 5481 5482
3 5380 5480 5481
3 5379 5479 5480
3 5378 5478 5479
3 5377 5477 5478
3 5376 5476 5477
3 5375 5475 5476
3 5374 5474 5475
3 5373 5473 5474
3 5372 5472 5473
3 5371 5471 5472
3 5370 5470 5471
3 5369 5469 5470
3 5368 5468 5469
3 5367 5467 5468
3 5366 5466 5467
3 5365 5465 5466
3 5364 5464 5465
3 5363 5463 5464
3 5362 5462 5463
3 5361 5461 5462
3 5360 5460 5461
3 5359 5459 5460
3 5358 5458 5459
3 5357 5457 5458
3 5356 5456 5457
3 5355 5455 5456
3 5354 5454 5455
3 5353 5453 5454
3 5352 5452 5453
3 5351 5451 5452
3 5350 5450 5451
3 5349 5449 5450
3 5348 5448 5449
3 5347 5447 5448
3 5346 5446 5447
3 5345 5445 5446
3 5344 5444 5445
3 5343 5443 5444
3 5342 5442 5443
3 5341 5441 5442
3 5340 5440 5441
3 5339 5439 5440
3 5338 5438 5439
3 5337 5437 5438
3 5336 5436 5437
3 5335 5435 5436
3 5334 5434 5435
3 5333 5433 5434
3 5332 5432 5433
3 5331 5431 5432
3 5330 5430 5431
3 5329 5429 5430
3 5328 5428 5429
3 5327 5427 5428
3 5326 5426 5427
3 5325 5425 5426
3 5324 5424 5425
3 5323 5423 5424
3 5322 5422 5423
3 5321 5421 5422
3 5320 5420 5421
3 5319 5419 5420
3 5318 5418 5419
3 5317 5417 5418
3 5316 5416 5417
3 5315 5415 5416
3 5314 5414 5415
3 5313 5413 5414
3 5312 5412 5413
3 5311 5411 5412
3 5310 5410 5411
3 5309 5409 5410
3 5308 5408 5409
3 5307 5407 5408
3 5306 5406 5407
3 5305 5405 5406
3 5304 5404 5405
3 5303 5403 5404
3 5302 5402 5403
3 5301 5401 5402
3 5300 5400 5401
3 5399 5499 5400
3 5297 5397 5398
3 5296 5396 5397
3 5295 5395 5396
3 5294 5394 5395
3 5293 5393 5394
3 5292 5392 5393
3 5291 5391 5392
3 5290 5390 5391
3 5289 5389 5390
3 5288 5388 5389
3 5287 5387 5388
3 5286 5386 5387
3 5285 5385 5386
3 5284 5384 5385
3 5283 5383 5384
3 5282 5382 5383
3 5281 5381 5382
3 5280 5380 5381
3 5279 5379 5380
3 5278 5378 5379
3 5277 5377 5378
3 5276 5376 5377
3 5275 5375 5376
3 5274 5374 5375
3 5273 5373 5374
3 5272 5372 5373
3 5271 5371 5372
3 5270 5370 5371
3 5269 5369 5370
3 5268 5368 5369
3 5267 5367 5368
3 5266 5366 5367
3 5265 5365 5366
3 5264 5364 5365
3 5263 5363 5364
3 5262 5362 5363
3 5261 5361 5362
3 5260 5360 5361
3 5259 5359 5360
3 5258 5358 5359
3 5257 5357 5358
3 5256 5356 5357
3 5255 5355 5356
3 5254 5354 5355
3 5253 5353 5354
3 5252 5352 5353
3 5251 5351 5352
3 5250 5350 5351
3 5249 5349 5350
3 5248 5348 5349
3 5247 5347 5348
3 5246 5346 5347
3 5245 5345 5346
3 5244 5344 5345
3 5243 5343 5344
3 5242 5342 5343
3 5241 5341 5342
3 5240 5340 5341
3 5239 5339 5340
3 5238 5338 5339
3 5237 5337 5338
3 5236 5336 5337
3 5235 5335 5336
3 5234 5334 5335
3 5233 5333 5334
3 5232 5332 5333
3 5231 5331 5332
3 5230 5330 5331
3 5229 5329 5330
3 5228 5328 5329
3 5227 5327 5328
3 5226 5326 5327
3 5225 5325 5326
3 5224 5324 5325
3 5223 5323 5324
3 5222 5322 5323
3 5221 5321 5322
3 5220 5320 5321
3 5219 5319 5320
3 5218 5318 5319
3 5217 5317 5318
3 5216 5316 5317
3 5215 5315 5316
3 5214 5314 5315
3 5213 5313 5314
3 5212 5312 5313
3 5211 5311 5312
3 5210 5310 5311
3 5209 5309 5310
3 5208 5308 5309
3 5207 5307 5308
3 5206 5306 5307
3 5205 5305 5306
3 5204 5304 5305
3 5203 5303 5304
3 5202 5302 5303
3 5201 5301 5302
3 5200 5300 5301
3 5299 5399 5300
3 5197 5297 5298
3 5196 5296 5297
3 5195 5295 5296
3 5194 5294 5295
3 5193 5293 5294
3 5192 5292 5293
3 5191 5291 5292
3 5190 5290 5291
3 5189 5289 5290
3 5188 5288 5289
3 5187 5287 5288
3 5186 5286 5287
3 5185 5285 5286
3 5184 5284 5285
3 5183 5283 5284
3 5182 5282 5283
3 5181 5281 5282
3 5180 5280 5281
3 5179 5279 5280
3 5178 5278 5279
3 5177 5277 5278
3 5176 5276 5277
3 5175 5275 5276
3 5174 5274 5275
3 5173 5273 5274
3 5172 5272 5273
3 5171 5271 5272
3 5170 5270 5271
3 5169 5269 5270
3 5168 5268 5269
3 5167 5267 5268
3 5166 5266 5267
3 5165 5265 5266
3 5164 5264 5265
3 5163 5263 5264
3 5162 5262 5263
3 5161 5261 5262
3 5160 5260 5261
3 5159 5259 5260
3 5158 5258 5259
3 5157 5257 5258
3 5156 5256 5257
3 5155 5255 5256
3 5154 5254 5255
3 5153 5253 5254
3 5152 5252 5253
3 5151 5251 5252
3 5150 5250 5251
3 5149 5249 5250
3 5148 5248 5249
3 5147 5247 5248
3 5146 5246 5247
3 5145 5245 5246
3 5144 5244 5245
3 5143 5243 5244
3 5142 5242 5243
3 5141 5241 5242
3 5140 5240 5241
3 5139 5239 5240
3 5138 5238 5239
3 5137 5237 5238
3 5136 5236 5237
3 5135 5235 5236
3 5134 5234 5235
3 5133 5233 5234
3 5132 5232 5233
3 5131 5231 5232
3 5130 5230 5231
3 5129 5229 5230
3 5128 5228 5229
3 5127 5227 5228
3 5126 5226 5227
3 5125 5225 5226
3 5124 5224 5225
3 5123 5223 5224
3 5122 5222 5223
3 5121 5221 5222
3 5120 5220 5221
3 5119 5219 5220
3 5118 5218 5219
3 5117 5217 5218
3 5116 5216 5217
3 5115 5215 5216
3 5114 5214 5215
3 5113 5213 5214
3 5112 5212 5213
3 5111 5211 5212
3 5110 5210 5211
3 5109 5209 5210
3 5108 5208 5209
3 5107 5207 5208
3 5106 5206 5207
3 5105 5205 5206
3 5104 5204 5205
3 5103 5203 5204
3 5102 5202 5203
3 5101 5201 5202
3 5100 5200 5201
3 5199 5299 5200
3 5097 5197 5198
3 5096 5196 5197
3 5095 5195 5196
3 5094 5194 5195
3 5093 5193 5194
3 5092 5192 5193
3 5091 5191 5192
3 5090 5190 5191
3 5089 5189 5190
3 5088 5188 5189
3 5087 5187 5188
3 5086 5186 5187
3 5085 5185 5186
3 5084 5184 5185
3 5083 5183 5184
3 5082 5182 5183
3 5081 5181 5182
3 5080 5180 5181
3 5079 5179 5180
3 5078 5178 5179
3 5077 5177 5178
3 5076 5176 5177
3 5075 5175 5176
3 5074 5174 5175
3 5073 5173 5174
3 5072 5172 5173
3 5071 5171 5172
3 5070 5170 5171
3 5069 5169 5170
3 5068 5168 5169
3 5067 5167 5168
3 5066 5166 5167
3 5065 5165 5166
3 5064 5164 5165
3 5063 5163 5164
3 5062 5162 5163
3 5061 5161 5162
3 5060 5160 5161
3 5059 5159 5160
3 5058 5158 5159
3 5057 5157 5158
3 5056 5156 5157
3 5055 5155 5156
3 5054 5154 5155
3 5053 5153 5154
3 5052 5152 5153
3 5051 5151 5152
3 5050 5150 5151
3 5049 5149 5150
3 5048 5148 5149
3 5047 5147 5148
3 5046 5146 5147
3 5045 5145 5146
3 5044 5144 5145
3 5043 5143 5144
3 5042 5142 5143
3 5041 5141 5142
3 5040 5140 5141
3 5039 5139 5140
3 5038 5138 5139
3 5037 5137 5138
3 5036 5136 5137
3 5035 5135 5136
3 5034 5134 5135
3 5033 5133 5134
3 5032 5132 5133
3 5031 5131 5132
3 5030 5130 5131
3 5029 5129 5130
3 5028 5128 5129
3 5027 5127 5128
3 5026 5126 5127
3 5025 5125 5126
3 5024 5124 5125
3 5023 5123 5124
3 5022 5122 5123
3 5021 5121 5122
3 5020 5120 5121
3 5019 5119 5120
3 5018 5118 5119
3 5017 5117 5118
3 5016 5116 5117
3 5015 5115 5116
3 5014 5114 5115
3 5013 5113 5114
3 5012 5112 5113
3 5011 5111 5112
3 5010 5110 5111
3 5009 5109 5110
3 5008 5108 5109
3 5007 5107 5108
3 5006 5106 5107
3 5005 5105 5106
3 5004 5104 5105
3 5003 5103 5104
3 5002 5102 5103
3 5001 5101 5102
3 5000 5100 5101
3 5099 5199 5100
3 4997 5097 5098
3 4996 5096 5097
3 4995 5095 5096
3 4994 5094 5095
3 4993 5093 5094
3 4992 5092 5093
3 4991 5091 5092
3 4990 5090 5091
3 4989 5089 5090
3 4988 5088 5089
3 4987 5087 5088
3 4986 5086 5087
3 4985 5085 5086
3 4984 5084 5085
3 4983 5083 5084
3 4982 5082 5083
3 4981 5081 5082
3 4980 5080 5081
3 4979 5079 5080
3 4978 5078 5079
3 4977 5077 5078
3 4976 5076 5077
3 4975 5075 5076
3 4974 5074 5075
3 4973 5073 5074
3 4972 5072 5073
3 4971 5071 5072
3 4970 5070 5071
3 4969 5069 5070
3 4968 5068 5069
3 4967 5067 5068
3 4966 5066 5067
3 4965 5065 5066
3 4964 5064 5065
3 4963 5063 5064
3 4962 5062 5063
3 4961 5061 5062
3 4960 5060 5061
3 4959 5059 5060
3 4958 5058 5059
3 4957 5057 5058
3 4956 5056 5057
3 4955 5055 5056
3 4954 5054 5055
3 4953 5053 5054
3 4952 5052 5053
3 4951 5051 5052
3 4950 5050 5051
3 4949 5049 5050
3 4948 5048 5049
3 4947 5047 5048
3 4946 5046 5047
3 4945 5045 5046
3 4944 5044 5045
3 4943 5043 5044
3 4942 5042 5043
3 4941 5041 5042
3 4940 5040 5041
3 4939 5039 5040
3 4938 5038 5039
3 4937 5037 5038
3 4936 5036 5037
3 4935 5035 5036
3 4934 5034 5035
3 4933 5033 5034
3 4932 5032 5033
3 4931 5031 5032
3 4930 5030 5031
3 4929 5029 5030
3 4928 5028 5029
3 4927 5027 5028
3 4926 5026 5027
3 4925 5025 5026
3 4924 5024 5025
3 4923 5023 5024
3 4922 5022 5023
3 4921 5021 5022
3 4920 5020 5021
3 4919 5019 5020
3 4918 5018 5019
3 4917 5017 5018
3 4916 5016 5017
3 4915 5015 5016
3 4914 5014 5015
3 4913 5013 5014
3 4912 5012 5013
3 4911 5011 5012
3 4910 5010 5011
3 4909 5009 5010
3 4908 5008 5009
3 4907 5007 5008
3 4906 5006 5007
3 4905 5005 5006
3 4904 5004 5005
3 4903 5003 5004
3 4902 5002 5003
3 4901 5001 5002
3 4900 5000 5001
3 4999 5099 5000
3 4897 4997 4998
3 4896 4996 4997
3 4895 4995 4996
3 4894 4994 4995
3 4893 4993 4994
3 4892 4992 4993
3 4891 4991 4992
3 4890 4990 4991
3 4889 4989 4990
3 4888 4988 4989
3 4887 4987 4988
3 4886 4986 4987
3 4885 4985 4986
3 4884 4984 4985
3 4883 4983 4984
3 4882 4982 4983
3 4881 4981 4982
3 4880 4980 4981
3 4879 4979 4980
3 4878 4978 4979
3 4877 4977 4978
3 4876 4976 4977
3 4875 4975 4976
3 4874 4974 4975
3 4873 4973 4974
3 4872 4972 4973
3 4871 4971 4972
3 4870 4970 4971
3 4869 4969 4970
3 4868 4968 4969
3 4867 4967 4968
3 4866 4966 4967
3 4865 4965 4966
3 4864 4964 4965
3 4863 4963 4964
3 4862 4962 4963
3 4861 4961 4962
3 4860 4960 4961
3 4859 4959 4960
3 4858 4958 4959
3 4857 4957 4958
3 4856 4956 4957
3 4855 4955 4956
3 4854 4954 4955
3 4853 4953 4954
3 4852 4952 4953
3 4851 4951 4952
3 4850 4950 4951
3 4849 4949 4950
3 4848 4948 4949
3 4847 4947 4948
3 4846 4946 4947
3 4845 4945 4946
3 4844 4944 4945
3 4843 4943 4944
3 4842 4942 4943
3 4841 4941 4942
3 4840 4940 4941
3 4839 4939 4940
3 4838 4938 4939
3 4837 4937 4938
3 4836 4936 4937
3 4835 4935 4936
3 4834 4934 4935
3 4833 4933 4934
3 4832 4932 4933
3 4831 4931 4932
3 4830 4930 4931
3 4829 4929 4930
3 4828 4928 4929
3 4827 4927 4928
3 4826 4926 4927
3 4825 4925 4926
3 4824 4924 4925
3 4823 4923 4924
3 4822 4922 4923
3 4821 4921 4922
3 4820 4920 4921
3 4819 4919 4920
3 4818 4918 4919
3 4817 4917 4918
3 4816 4916 4917
3 4815 4915 4916
3 4814 4914 4915
3 4813 4913 4914
3 4812 4912 4913
3 4811 4911 4912
3 4810 4910 4911
3 4809 4909 4910
3 4808 4908 4909
3 4807 4907 4908
3 4806 4906 4907
3 4805 4905 4906
3 4804 4904 4905
3 4803 4903 4904
3 4802 4902 4903
3 4801 4901 4902
3 4800 4900 4901
3 4899 4999 4900
3 4797 4897 4898
3 4796 4896 4897
3 4795 4895 4896
3 4794 4894 4895
3 4793 4893 4894
3 4792 4892 4893
3 4791 4891 4892
3 4790 4890 4891
3 4789 4889 4890
3 4788 4888 4889
3 4787 4887 4888
3 4786 4886 4887
3 4785 4885 4886
3 4784 4884 4885
3 4783 4883 4884
3 4782 4882 4883
3 4781 4881 4882
3 4780 4880 4881
3 4779 4879 4880
3 4778 4878 4879
3 4777 4877 4878
3 4776 4876 4877
3 4775 4875 4876
3 4774 4874 4875
3 4773 4873 4874
3 4772 4872 4873
3 4771 4871 4872
3 4770 4870 4871
3 4769 4869 4870
3 4768 4868 4869
3 4767 4867 4868
3 4766 4866 4867
3 4765 4865 4866
3 4764 4864 4865
3 4763 4863 4864
3 4762 4862 4863
3 4761 4861 4862
3 4760 4860 4861
3 4759 4859 4860
3 4758 4858 4859
3 4757 4857 4858
3 4756 4856 4857
3 4755 4855 4856
3 4754 4854 4855
3 4753 4853 4854
3 4752 4852 4853
3 4751 4851 4852
3 4750 4850 4851
3 4749 4849 4850
3 4748 4848 4849
3 4747 4847 4848
3 4746 4846 4847
3 4745 4845 4846
3 4744 4844 4845
3 4743 4843 4844
3 4742 4842 4843
3 4741 4841 4842
3 4740 4840 4841
3 4739 4839 4840
3 4738 4838 4839
3 4737 4837 4838
3 4736 4836 4837
3 4735 4835 4836
3 4734 4834 4835
3 4733 4833 4834
3 4732 4832 4833
3 4731 4831 4832
3 4730 4830 4831
3 4729 4829 4830
3 4728 4828 4829
3 4727 4827 4828
3 4726 4826 4827
3 4725 4825 4826
3 4724 4824 4825
3 4723 4823 4824
3 4722 4822 4823
3 4721 4821 4822
3 4720 4820 4821
3 4719 4819 4820
3 4718 4818 4819
3 4717 4817 4818
3 4716 4816 4817
3 4715 4815 4816
3 4714 4814 4815
3 4713 4813 4814
3 4712 4812 4813
3 4711 4811 4812
3 4710 4810 4811
3 4709 4809 4810
3 4708 4808 4809
3 4707 4807 4808
3 4706 4806 4807
3 4705 4805 4806
3 4704 4804 4805
3 4703 4803 4804
3 4702 4802 4803
3 4701 4801 4802
3 4700 4800 4801
3 4799 4899 4800
3 4697 4797 4798
3 4696 4796 4797
3 4695 4795 4796
3 4694 4794 4795
3 4693 4793 4794
3 4692 4792 4793
3 4691 4791 4792
3 4690 4790 4791
3 4689 4789 4790
3 4688 4788 4789
3 4687 4787 4788
3 4686 4786 4787
3 4685 4785 4786
3 4684 4784 4785
3 4683 4783 4784
3 4682 4782 4783
3 4681 4781 4782
3 4680 4780 4781
3 4679 4779 4780
3 4678 4778 4779
3 4677 4777 4778
3 4676 4776 4777
3 4675 4775 4776
3 4674 4774 4775
3 4673 4773 4774
3 4672 4772 4773
3 4671 4771 4772
3 4670 4770 4771
3 4669 4769 4770
3 4668 4768 4769
3 4667 4767 4768
3 4666 4766 4767
3 4665 4765 4766
3 4664 4764 4765
3 4663 4763 4764
3 4662 4762 4763
3 4661 4761 4762
3 4660 4760 4761
3 4659 4759 4760
3 4658 4758 4759
3 4657 4757 4758
3 4656 4756 4757
3 4655 4755 4756
3 4654 4754 4755
3 4653 4753 4754
3 4652 4752 4753
3 4651 4751 4752
3 4650 4750 4751
3 4649 4749 4750
3 4648 4748 4749
3 4647 4747 4748
3 4646 4746 4747
3 4645 4745 4746
3 4644 4744 4745
3 4643 4743 4744
3 4642 4742 4743
3 4641 4741 4742
3 4640 4740 4741
3 4639 4739 4740
3 4638 4738 4739
3 4637 4737 4738
3 4636 4736 4737
3 4635 4735 4736
3 4634 4734 4735
3 4633 4733 4734
3 4632 4732 4733
3 4631 4731 4732
3 4630 4730 4731
3 4629 4729 4730
3 4628 4728 4729
3 4627 4727 4728
3 4626 4726 4727
3 4625 4725 4726
3 4624 4724 4725
3 4623 4723 4724
3 4622 4722 4723
3 4621 4721 4722
3 4620 4720 4721
3 4619 4719 4720
3 4618 4718 4719
3 4617 4717 4718
3 4616 4716 4717
3 4615 4715 4716
3 4614 4714 4715
3 4613 4713 4714
3 4612 4712 4713
3 4611 4711 4712
3 4610 4710 4711
3 4609 4709 4710
3 4608 4708 4709
3 4607 4707 4708
3 4606 4706 4707
3 4605 4705 4706
3 4604 4704 4705
3 4603 4703 4704
3 4602 4702 4703
3 4601 4701 4702
3 4600 4700 4701
3 4699 4799 4700
3 4597 4697 4698
3 4596 4696 4697
3 4595 4695 4696
3 4594 4694 4695
3 4593 4693 4694
3 4592 4692 4693
3 4591 4691 4692
3 4590 4690 4691
3 4589 4689 4690
3 4588 4688 4689
3 4587 4687 4688
3 4586 4686 4687
3 4585 4685 4686
3 4584 4684 4685
3 4583 4683 4684
3 4582 4682 4683
3 4581 4681 4682
3 4580 4680 4681
3 4579 4679 4680
3 4578 4678 4679
3 4577 4677 4678
3 4576 4676 4677
3 4575 4675 4676
3 4574 4674 4675
3 4573 4673 4674
3 4572 4672 4673
3 4571 4671 4672
3 4570 4670 4671
3 4569 4669 4670
3 4568 4668 4669
3 4567 4667 4668
3 4566 4666 4667
3 4565 4665 4666
3 4564 4664 4665
3 4563 4663 4664
3 4562 4662 4663
3 4561 4661 4662
3 4560 4660 4661
3 4559 4659 4660
3 4558 4658 4659
3 4557 4657 4658
3 4556 4656 4657
3 4555 4655 4656
3 4554 4654 4655
3 4553 4653 4654
3 4552 4652 4653
3 4551 4651 4652
3 4550 4650 4651
3 4549 4649 4650
3 4548 4648 4649
3 4547 4647 4648
3 4546 4646 4647
3 4545 4645 4646
3 4544 4644 4645
3 4543 4643 4644
3 4542 4642 4643
3 4541 4641 4642
3 4540 4640 4641
3 4539 4639 4640
3 4538 4638 4639
3 4537 4637 4638
3 4536 4636 4637
3 4535 4635 4636
3 4534 4634 4635
3 4533 4633 4634
3 4532 4632 4633
3 4531 4631 4632
3 4530 4630 4631
3 4529 4629 4630
3 4528 4628 4629
3 4527 4627 4628
3 4526 4626 4627
3 4525 4625 4626
3 4524 4624 4625
3 4523 4623 4624
3 4522 4622 4623
3 4521 4621 4622
3 4520 4620 4621
3 4519 4619 4620
3 4518 4618 4619
3 4517 4617 4618
3 4516 4616 4617
3 4515 4615 4616
3 4514 4614 4615
3 4513 4613 4614
3 4512 4612 4613
3 4511 4611 4612
3 4510 4610 4611
3 4509 4609 4610
3 4508 4608 4609
3 4507 4607 4608
3 4506 4606 4607
3 4505 4605 4606
3 4504 4604 4605
3 4503 4603 4604
3 4502 4602 4603
3 4501 4601 4602
3 4500 4600 4601
3 4599 4699 4600
3 4497 4597 4598
3 4496 4596 4597
3 4495 4595 4596
3 4494 4594 4595
3 4493 4593 4594
3 4492 4592 4593
3 4491 4591 4592
3 4490 4590 4591
3 4489 4589 4590
3 4488 4588 4589
3 4487 4587 4588
3 4486 4586 4587
3 4485 4585 4586
3 4484 4584 4585
3 4483 4583 4584
3 4482 4582 4583
3 4481 4581 4582
3 4480 4580 4581
3 4479 4579 4580
3 4478 4578 4579
3 4477 4577 4578
3 4476 4576 4577
3 4475 4575 4576
3 4474 4574 4575
3 4473 4573 4574
3 4472 4572 4573
3 4471 4571 4572
3 4470 4570 4571
3 4469 4569 4570
3 4468 4568 4569
3 4467 4567 4568
3 4466 4566 4567
3 4465 4565 4566
3 4464 4564 4565
3 4463 4563 4564
3 4462 4562 4563
3 4461 4561 4562
3 4460 4560 4561
3 4459 4559 4560
3 4458 4558 4559
3 4457 4557 4558
3 4456 4556 4557
3 4455 4555 4556
3 4454 4554 4555
3 4453 4553 4554
3 4452 4552 4553
3 4451 4551 4552
3 4450 4550 4551
3 4449 4549 4550
3 4448 4548 4549
3 4447 4547 4548
3 4446 4546 4547
3 4445 4545 4546
3 4444 4544 4545
3 4443 4543 4544
3 4442 4542 4543
3 4441 4541 4542
3 4440 4540 4541
3 4439 4539 4540
3 4438 4538 4539
3 4437 4537 4538
3 4436 4536 4537
3 4435 4535 4536
3 4434 4534 4535
3 4433 4533 4534
3 4432 4532 4533
3 4431 4531 4532
3 4430 4530 4531
3 4429 4529 4530
3 4428 4528 4529
3 4427 4527 4528
3 4426 4526 4527
3 4425 4525 4526
3 4424 4524 4525
3 4423 4523 4524
3 4422 4522 4523
3 4421 4521 4522
3 4420 4520 4521
3 4419 4519 4520
3 4418 4518 4519
3 4417 4517 4518
3 4416 4516 4517
3 4415 4515 4516
3 4414 4514 4515
3 4413 4513 4514
3 4412 4512 4513
3 4411 4511 4512
3 4410 4510 4511
3 4409 4509 4510
3 4408 4508 4509
3 4407 4507 4508
3 4406 4506 4507
3 4405 4505 4506
3 4404 4504 4505
3 4403 4503 4504
3 4402 4502 4503
3 4401 4501 4502
3 4400 4500 4501
3 4499 4599 4500
3 4397 4497 4498
3 4396 4496 4497
3 4395 4495 4496
3 4394 4494 4495
3 4393 4493 4494
3 4392 4492 4493
3 4391 4491 4492
3 4390 4490 4491
3 4389 4489 4490
3 4388 4488 4489
3 4387 4487 4488
3 4386 4486 4487
3 4385 4485 4486
3 4384 4484 4485
3 4383 4483 4484
3 4382 4482 4483
3 4381 4481 4482
3 4380 4480 4481
3 4379 4479 4480
3 4378 4478 4479
3 4377 4477 4478
3 4376 4476 4477
3 4375 4475 4476
3 4374 4474 4475
3 4373 4473 4474
3 4372 4472 4473
3 4371 4471 4472
3 4370 4470 4471
3 4369 4469 4470
3 4368 4468 4469
3 4367 4467 4468
3 4366 4466 4467
3 4365 4465 4466
3 4364 4464 4465
3 4363 4463 4464
3 4362 4462 4463
3 4361 4461 4462
3 4360 4460 4461
3 4359 4459 4460
3 4358 4458 4459
3 4357 4457 4458
3 4356 4456 4457
3 4355 4455 4456
3 4354 4454 4455
3 4353 4453 4454
3 4352 4452 4453
3 4351 4451 4452
3 4350 4450 4451
3 4349 4449 4450
3 4348 4448 4449
3 4347 4447 4448
3 4346 4446 4447
3 4345 4445 4446
3 4344 4444 4445
3 4343 4443 4444
3 4342 4442 4443
3 4341 4441 4442
3 4340 4440 4441
3 4339 4439 4440
3 4338 4438 4439
3 4337 4437 4438
3 4336 4436 4437
3 4335 4435 4436
3 4334 4434 4435
3 4333 4433 4434
3 4332 4432 4433
3 4331 4431 4432
3 4330 4430 4431
3 4329 4429 4430
3 4328 4428 4429
3 4327 4427 4428
3 4326 4426 4427
3 4325 4425 4426
3 4324 4424 4425
3 4323 4423 4424
3 4322 4422 4423
3 4321 4421 4422
3 4320 4420 4421
3 4319 4419 4420
3 4318 4418 4419
3 4317 4417 4418
3 4316 4416 4417
3 4315 4415 4416
3 4314 4414 4415
3 4313 4413 4414
3 4312 4412 4413
3 4311 4411 4412
3 4310 4410 4411
3 4309 4409 4410
3 4308 4408 4409
3 4307 4407 4408
3 4306 4406 4407
3 4305 4405 4406
3 4304 4404 4405
3 4303 4403 4404
3 4302 4402 4403
3 4301 4401 4402
3 4300 4400 4401
3 4399 4499 4400
3 4297 4397 4398
3 4296 4396 4397
3 4295 4395 4396
3 4294 4394 4395
3 4293 4393 4394
3 4292 4392 4393
3 4291 4391 4392
3 4290 4390 4391
3 4289 4389 4390
3 4288 4388 4389
3 4287 4387 4388
3 4286 4386 4387
3 4285 4385 4386
3 4284 4384 4385
3 4283 4383 4384
3 4282 4382 4383
3 4281 4381 4382
3 4280 4380 4381
3 4279 4379 4380
3 4278 4378 4379
3 4277 4377 4378
3 4276 4376 4377
3 4275 4375 4376
3 4274 4374 4375
3 4273 4373 4374
3 4272 4372 4373
3 4271 4371 4372
3 4270 4370 4371
3 4269 4369 4370
3 4268 4368 4369
3 4267 4367 4368
3 4266 4366 4367
3 4265 4365 4366
3 4264 4364 4365
3 4263 4363 4364
3 4262 4362 4363
3 4261 4361 4362
3 4260 4360 4361
3 4259 4359 4360
3 4258 4358 4359
3 4257 4357 4358
3 4256 4356 4357
3 4255 4355 4356
3 4254 4354 4355
3 4253 4353 4354
3 4252 4352 4353
3 4251 4351 4352
3 4250 4350 4351
3 4249 4349 4350
3 4248 4348 4349
3 4247 4347 4348
3 4246 4346 4347
3 4245 4345 4346
3 4244 4344 4345
3 4243 4343 4344
3 4242 4342 4343
3 4241 4341 4342
3 4240 4340 4341
3 4239 4339 4340
3 4238 4338 4339
3 4237 4337 4338
3 4236 4336 4337
3 4235 4335 4336
3 4234 4334 4335
3 4233 4333 4334
3 4232 4332 4333
3 4231 4331 4332
3 4230 4330 4331
3 4229 4329 4330
3 4228 4328 4329
3 4227 4327 4328
3 4226 4326 4327
3 4225 4325 4326
3 4224 4324 4325
3 4223 4323 4324
3 4222 4322 4323
3 4221 4321 4322
3 4220 4320 4321
3 4219 4319 4320
3 4218 4318 4319
3 4217 4317 4318
3 4216 4316 4317
3 4215 4315 4316
3 4214 4314 4315
3 4213 4313 4314
3 4212 4312 4313
3 4211 4311 4312
3 4210 4310 4311
3 4209 4309 4310
3 4208 4308 4309
3 4207 4307 4308
3 4206 4306 4307
3 4205 4305 4306
3 4204 4304 4305
3 4203 4303 4304
3 4202 4302 4303
3 4201 4301 4302
3 4200 4300 4301
3 4299 4399 4300
3 4197 4297 4298
3 4196 4296 4297
3 4195 4295 4296
3 4194 4294 4295
3 4193 4293 4294
3 4192 4292 4293
3 4191 4291 4292
3 4190 4290 4291
3 4189 4289 4290
3 4188 4288 4289
3 4187 4287 4288
3 4186 4286 4287
3 4185 4285 4286
3 4184 4284 4285
3 4183 4283 4284
3 4182 4282 4283
3 4181 4281 4282
3 4180 4280 4281
3 4179 4279 4280
3 4178 4278 4279
3 4177 4277 4278
3 4176 4276 4277
3 4175 4275 4276
3 4174 4274 4275
3 4173 4273 4274
3 4172 4272 4273
3 4171 4271 4272
3 4170 4270 4271
3 4169 4269 4270
3 4168 4268 4269
3 4167 4267 4268
3 4166 4266 4267
3 4165 4265 4266
3 4164 4264 4265
3 4163 4263 4264
3 4162 4262 4263
3 4161 4261 4262
3 4160 4260 4261
3 4159 4259 4260
3 4158 4258 4259
3 4157 4257 4258
3 4156 4256 4257
3 4155 4255 4256
3 4154 4254 4255
3 4153 4253 4254
3 4152 4252 4253
3 4151 4251 4252
3 4150 4250 4251
3 4149 4249 4250
3 4148 4248 4249
3 4147 4247 4248
3 4146 4246 4247
3 4145 4245 4246
3 4144 4244 4245
3 4143 4243 4244
3 4142 4242 4243
3 4141 4241 4242
3 4140 4240 4241
3 4139 4239 4240
3 4138 4238 4239
3 4137 4237 4238
3 4136 4236 4237
3 4135 4235 4236
3 4134 4234 4235
3 4133 4233 4234
3 4132 4232 4233
3 4131 4231 4232
3 4130 4230 4231
3 4129 4229 4230
3 4128 4228 4229
3 4127 4227 4228
3 4126 4226 4227
3 4125 4225 4226
3 4124 4224 4225
3 4123 4223 4224
3 4122 4222 4223
3 4121 4221 4222
3 4120 4220 4221
3 4119 4219 4220
3 4118 4218 4219
3 4117 4217 4218
3 4116 4216 4217
3 4115 4215 4216
3 4114 4214 4215
3 4113 4213 4214
3 4112 4212 4213
3 4111 4211 4212
3 4110 4210 4211
3 4109 4209 4210
3 4108 4208 4209
3 4107 4207 4208
3 4106 4206 4207
3 4105 4205 4206
3 4104 4204 4205
3 4103 4203 4204
3 4102 4202 4203
3 4101 4201 4202
3 4100 4200 4201
3 4199 4299 4200
3 4097 4197 4198
3 4096 4196 4197
3 4095 4195 4196
3 4094 4194 4195
3 4093 4193 4194
3 4092 4192 4193
3 4091 4191 4192
3 4090 4190 4191
3 4089 4189 4190
3 4088 4188 4189
3 4087 4187 4188
3 4086 4186 4187
3 4085 4185 4186
3 4084 4184 4185
3 4083 4183 4184
3 4082 4182 4183
3 4081 4181 4182
3 4080 4180 4181
3 4079 4179 4180
3 4078 4178 4179
3 4077 4177 4178
3 4076 4176 4177
3 4075 4175 4176
3 4074 4174 4175
3 4073 4173 4174
3 4072 4172 4173
3 4071 4171 4172
3 4070 4170 4171
3 4069 4169 4170
3 4068 4168 4169
3 4067 4167 4168
3 4066 4166 4167
3 4065 4165 4166
3 4064 4164 4165
3 4063 4163 4164
3 4062 4162 4163
3 4061 4161 4162
3 4060 4160 4161
3 4059 4159 4160
3 4058 4158 4159
3 4057 4157 4158
3 4056 4156 4157
3 4055 4155 4156
3 4054 4154 4155
3 4053 4153 4154
3 4052 4152 4153
3 4051 4151 4152
3 4050 4150 4151
3 4049 4149 4150
3 4048 4148 4149
3 4047 4147 4148
3 4046 4146 4147
3 4045 4145 4146
3 4044 4144 4145
3 4043 4143 4144
3 4042 4142 4143
3 4041 4141 4142
3 4040 4140 4141
3 4039 4139 4140
3 4038 4138 4139
3 4037 4137 4138
3 4036 4136 4137
3 4035 4135 4136
3 4034 4134 4135
3 4033 4133 4134
3 4032 4132 4133
3 4031 4131 4132
3 4030 4130 4131
3 4029 4129 4130
3 4028 4128 4129
3 4027 4127 4128
3 4026 4126 4127
3 4025 4125 4126
3 4024 4124 4125
3 4023 4123 4124
3 4022 4122 4123
3 4021 4121 4122
3 4020 4120 4121
3 4019 4119 4120
3 4018 4118 4119
3 4017 4117 4118
3 4016 4116 4117
3 4015 4115 4116
3 4014 4114 4115
3 4013 4113 4114
3 4012 4112 4113
3 4011 4111 4112
3 4010 4110 4111
3 4009 4109 4110
3 4008 4108 4109
3 4007 4107 4108
3 4006 4106 4107
3 4005 4105 4106
3 4004 4104 4105
3 4003 4103 4104
3 4002 4102 4103
3 4001 4101 4102
3 4000 4100 4101
3 4099 4199 4100
3 3997 4097 4098
3 3996 4096 4097
3 3995 4095 4096
3 3994 4094 4095
3 3993 4093 4094
3 3992 4092 4093
3 3991 4091 4092
3 3990 4090 4091
3 3989 4089 4090
3 3988 4088 4089
3 3987 4087 4088
3 3986 4086 4087
3 3985 4085 4086
3 3984 4084 4085
3 3983 4083 4084
3 3982 4082 4083
3 3981 4081 4082
3 3980 4080 4081
3 3979 4079 4080
3 3978 4078 4079
3 3977 4077 4078
3 3976 4076 4077
3 3975 4075 4076
3 3974 4074 4075
3 3973 4073 4074
3 3972 4072 4073
3 3971 4071 4072
3 3970 4070 4071
3 3969 4069 4070
3 3968 4068 4069
3 3967 4067 4068
3 3966 4066 4067
3 3965 4065 4066
3 3964 4064 4065
3 3963 4063 4064
3 3962 4062 4063
3 3961 4061 4062
3 3960 4060 4061
3 3959 4059 4060
3 3958 4058 4059
3 3957 4057 4058
3 3956 4056 4057
3 3955 4055 4056
3 3954 4054 4055
3 3953 4053 4054
3 3952 4052 4053
3 3951 4051 4052
3 3950 4050 4051
3 3949 4049 4050
3 3948 4048 4049
3 3947 4047 4048
3 3946 4046 4047
3 3945 4045 4046
3 3944 4044 4045
3 3943 4043 4044
3 3942 4042 4043
3 3941 4041 4042
3 3940 4040 4041
3 3939 4039 4040
3 3938 4038 4039
3 3937 4037 4038
3 3936 4036 4037
3 3935 4035 4036
3 3934 4034 4035
3 3933 4033 4034
3 3932 4032 4033
3 3931 4031 4032
3 3930 4030 4031
3 3929 4029 4030
3 3928 4028 4029
3 3927 4027 4028
3 3926 4026 4027
3 3925 4025 4026
3 3924 4024 4025
3 3923 4023 4024
3 3922 4022 4023
3 3921 4021 4022
3 3920 4020 4021
3 3919 4019 4020
3 3918 4018 4019
3 3917 4017 4018
3 3916 4016 4017
3 3915 4015 4016
3 3914 4014 4015
3 3913 4013 4014
3 3912 4012 4013
3 3911 4011 4012
3 3910 4010 4011
3 3909 4009 4010
3 3908 4008 4009
3 3907 4007 4008
3 3906 4006 4007
3 3905 4005 4006
3 3904 4004 4005
3 3903 4003 4004
3 3902 4002 4003
3 3901 4001 4002
3 3900 4000 4001
3 3999 4099 4000
3 3897 3997 3998
3 3896 3996 3997
3 3895 3995 3996
3 3894 3994 3995
3 3893 3993 3994
3 3892 3992 3993
3 3891 3991 3992
3 3890 3990 3991
3 3889 3989 3990
3 3888 3988 3989
3 3887 3987 3988
3 3886 3986 3987
3 3885 3985 3986
3 3884 3984 3985
3 3883 3983 3984
3 3882 3982 3983
3 3881 3981 3982
3 3880 3980 3981
3 3879 3979 3980
3 3878 3978 3979
3 3877 3977 3978
3 3876 3976 3977
3 3875 3975 3976
3 3874 3974 3975
3 3873 3973 3974
3 3872 3972 3973
3 3871 3971 3972
3 3870 3970 3971
3 3869 3969 3970
3 3868 3968 3969
3 3867 3967 3968
3 3866 3966 3967
3 3865 3965 3966
3 3864 3964 3965
3 3863 3963 3964
3 3862 3962 3963
3 3861 3961 3962
3 3860 3960 3961
3 3859 3959 3960
3 3858 3958 3959
3 3857 3957 3958
3 3856 3956 3957
3 3855 3955 3956
3 3854 3954 3955
3 3853 3953 3954
3 3852 3952 3953
3 3851 3951 3952
3 3850 3950 3951
3 3849 3949 3950
3 3848 3948 3949
3 3847 3947 3948
3 3846 3946 3947
3 3845 3945 3946
3 3844 3944 3945
3 3843 3943 3944
3 3842 3942 3943
3 3841 3941 3942
3 3840 3940 3941
3 3839 3939 3940
3 3838 3938 3939
3 3837 3937 3938
3 3836 3936 3937
3 3835 3935 3936
3 3834 3934 3935
3 3833 3933 3934
3 3832 3932 3933
3 3831 3931 3932
3 3830 3930 3931
3 3829 3929 3930
3 3828 3928 3929
3 3827 3927 3928
3 3826 3926 3927
3 3825 3925 3926
3 3824 3924 3925
3 3823 3923 3924
3 3822 3922 3923
3 3821 3921 3922
3 3820 3920 3921
3 3819 3919 3920
3 3818 3918 3919
3 3817 3917 3918
3 3816 3916 3917
3 3815 3915 3916
3 3814 3914 3915
3 3813 3913 3914
3 3812 3912 3913
3 3811 3911 3912
3 3810 3910 3911
3 3809 3909 3910
3 3808 3908 3909
3 3807 3907 3908
3 3806 3906 3907
3 3805 3905 3906
3 3804 3904 3905
3 3803 3903 3904
3 3802 3902 3903
3 3801 3901 3902
3 3800 3900 3901
3 3899 3999 3900
3 3797 3897 3898
3 3796 3896 3897
3 3795 3895 3896
3 3794 3894 3895
3 3793 3893 3894
3 3792 3892 3893
3 3791 3891 3892
3 3790 3890 3891
3 3789 3889 3890
3 3788 3888 3889
3 3787 3887 3888
3 3786 3886 3887
3 3785 3885 3886
3 3784 3884 3885
3 3783 3883 3884
3 3782 3882 3883
3 3781 3881 3882
3 3780 3880 3881
3 3779 3879 3880
3 3778 3878 3879
3 3777 3877 3878
3 3776 3876 3877
3 3775 3875 3876
3 3774 3874 3875
3 3773 3873 3874
3 3772 3872 3873
3 3771 3871 3872
3 3770 3870 3871
3 3769 3869 3870
3 3768 3868 3869
3 3767 3867 3868
3 3766 3866 3867
3 3765 3865 3866
3 3764 3864 3865
3 3763 3863 3864
3 3762 3862 3863
3 3761 3861 3862
3 3760 3860 3861
3 3759 3859 3860
3 3758 3858 3859
3 3757 3857 3858
3 3756 3856 3857
3 3755 3855 3856
3 3754 3854 3855
3 3753 3853 3854
3 3752 3852 3853
3 3751 3851 3852
3 3750 3850 3851
3 3749 3849 3850
3 3748 3848 3849
3 3747 3847 3848
3 3746 3846 3847
3 3745 3845 3846
3 3744 3844 3845
3 3743 3843 3844
3 3742 3842 3843
3 3741 3841 3842
3 3740 3840 3841
3 3739 3839 3840
3 3738 3838 3839
3 3737 3837 3838
3 3736 3836 3837
3 3735 3835 3836
3 3734 3834 3835
3 3733 3833 3834
3 3732 3832 3833
3 3731 3831 3832
3 3730 3830 3831
3 3729 3829 3830
3 3728 3828 3829
3 3727 3827 3828
3 3726 3826 3827
3 3725 3825 3826
3 3724 3824 3825
3 3723 3823 3824
3 3722 3822 3823
3 3721 3821 3822
3 3720 3820 3821
3 3719 3819 3820
3 3718 3818 3819
3 3717 3817 3818
3 3716 3816 3817
3 3715 3815 3816
3 3714 3814 3815
3 3713 3813 3814
3 3712 3812 3813
3 3711 3811 3812
3 3710 3810 3811
3 3709 3809 3810
3 3708 3808 3809
3 3707 3807 3808
3 3706 3806 3807
3 3705 3805 3806
3 3704 3804 3805
3 3703 3803 3804
3 3702 3802 3803
3 3701 3801 3802
3 3700 3800 3801
3 3799 3899 3800
3 3697 3797 3798
3 3696 3796 3797
3 3695 3795 3796
3 3694 3794 3795
3 3693 3793 3794
3 3692 3792 3793
3 3691 3791 3792
3 3690 3790 3791
3 3689 3789 3790
3 3688 3788 3789
3 3687 3787 3788
3 3686 3786 3787
3 3685 3785 3786
3 3684 3784 3785
3 3683 3783 3784
3 3682 3782 3783
3 3681 3781 3782
3 3680 3780 3781
3 3679 3779 3780
3 3678 3778 3779
3 3677 3777 3778
3 3676 3776 3777
3 3675 3775 3776
3 3674 3774 3775
3 3673 3773 3774
3 3672 3772 3773
3 3671 3771 3772
3 3670 3770 3771
3 3669 3769 3770
3 3668 3768 3769
3 3667 3767 3768
3 3666 3766 3767
3 3665 3765 3766
3 3664 3764 3765
3 3663 3763 3764
3 3662 3762 3763
3 3661 3761 3762
3 3660 3760 3761
3 3659 3759 3760
3 3658 3758 3759
3 3657 3757 3758
3 3656 3756 3757
3 3655 3755 3756
3 3654 3754 3755
3 3653 3753 3754
3 3652 3752 3753
3 3651 3751 3752
3 3650 3750 3751
3 3649 3749 3750
3 3648 3748 3749
3 3647 3747 3748
3 3646 3746 3747
3 3645 3745 3746
3 3644 3744 3745
3 3643 3743 3744
3 3642 3742 3743
3 3641 3741 3742
3 3640 3740 3741
3 3639 3739 3740
3 3638 3738 3739
3 3637 3737 3738
3 3636 3736 3737
3 3635 3735 3736
3 3634 3734 3735
3 3633 3733 3734
3 3632 3732 3733
3 3631 3731 3732
3 3630 3730 3731
3 3629 3729 3730
3 3628 3728 3729
3 3627 3727 3728
3 3626 3726 3727
3 3625 3725 3726
3 3624 3724 3725
3 3623 3723 3724
3 3622 3722 3723
3 3621 3721 3722
3 3620 3720 3721
3 3619 3719 3720
3 3618 3718 3719
3 3617 3717 3718
3 3616 3716 3717
3 3615 3715 3716
3 3614 3714 3715
3 3613 3713 3714
3 3612 3712 3713
3 3611 3711 3712
3 3610 3710 3711
3 3609 3709 3710
3 3608 3708 3709
3 3607 3707 3708
3 3606 3706 3707
3 3605 3705 3706
3 3604 3704 3705
3 3603 3703 3704
3 3602 3702 3703
3 3601 3701 3702
3 3600 3700 3701
3 3699 3799 3700
3 3597 3697 3698
3 3596 3696 3697
3 3595 3695 3696
3 3594 3694 3695
3 3593 3693 3694
3 3592 3692 3693
3 3591 3691 3692
3 3590 3690 3691
3 3589 3689 3690
3 3588 3688 3689
3 3587 3687 3688
3 3586 3686 3687
3 3585 3685 3686
3 3584 3684 3685
3 3583 3683 3684
3 3582 3682 3683
3 3581 3681 3682
3 3580 3680 3681
3 3579 3679 3680
3 3578 3678 3679
3 3577 3677 3678
3 3576 3676 3677
3 3575 3675 3676
3 3574 3674 3675
3 3573 3673 3674
3 3572 3672 3673
3 3571 3671 3672
3 3570 3670 3671
3 3569 3669 3670
3 3568 3668 3669
3 3567 3667 3668
3 3566 3666 3667
3 3565 3665 3666
3 3564 3664 3665
3 3563 3663 3664
3 3562 3662 3663
3 3561 3661 3662
3 3560 3660 3661
3 3559 3659 3660
3 3558 3658 3659
3 3557 3657 3658
3 3556 3656 3657
3 3555 3655 3656
3 3554 3654 3655
3 3553 3653 3654
3 3552 3652 3653
3 3551 3651 3652
3 3550 3650 3651
3 3549 3649 3650
3 3548 3648 3649
3 3547 3647 3648
3 3546 3646 3647
3 3545 3645 3646
3 3544 3644 3645
3 3543 3643 3644
3 3542 3642 3643
3 3541 3641 3642
3 3540 3640 3641
3 3539 3639 3640
3 3538 3638 3639
3 3537 3637 3638
3 3536 3636 3637
3 3535 3635 3636
3 3534 3634 3635
3 3533 3633 3634
3 3532 3632 3633
3 3531 3631 3632
3 3530 3630 3631
3 3529 3629 3630
3 3528 3628 3629
3 3527 3627 3628
3 3526 3626 3627
3 3525 3625 3626
3 3524 3624 3625
3 3523 3623 3624
3 3522 3622 3623
3 3521 3621 3622
3 3520 3620 3621
3 3519 3619 3620
3 3518 3618 3619
3 3517 3617 3618
3 3516 3616 3617
3 3515 3615 3616
3 3514 3614 3615
3 3513 3613 3614
3 3512 3612 3613
3 3511 3611 3612
3 3510 3610 3611
3 3509 3609 3610
3 3508 3608 3609
3 3507 3607 3608
3 3506 3606 3607
3 3505 3605 3606
3 3504 3604 3605
3 3503 3603 3604
3 3502 3602 3603
3 3501 3601 3602
3 3500 3600 3601
3 3599 3699 3600
3 3497 3597 3598
3 3496 3596 3597
3 3495 3595 3596
3 3494 3594 3595
3 3493 3593 3594
3 3492 3592 3593
3 3491 3591 3592
3 3490 3590 3591
3 3489 3589 3590
3 3488 3588 3589
3 3487 3587 3588
3 3486 3586 3587
3 3485 3585 3586
3 3484 3584 3585
3 3483 3583 3584
3 3482 3582 3583
3 3481 3581 3582
3 3480 3580 3581
3 3479 3579 3580
3 3478 3578 3579
3 3477 3577 3578
3 3476 3576 3577
3 3475 3575 3576
3 3474 3574 3575
3 3473 3573 3574
3 3472 3572 3573
3 3471 3571 3572
3 3470 3570 3571
3 3469 3569 3570
3 3468 3568 3569
3 3467 3567 3568
3 3466 3566 3567
3 3465 3565 3566
3 3464 3564 3565
3 3463 3563 3564
3 3462 3562 3563
3 3461 3561 3562
3 3460 3560 3561
3 3459 3559 3560
3 3458 3558 3559
3 3457 3557 3558
3 3456 3556 3557
3 3455 3555 3556
3 3454 3554 3555
3 3453 3553 3554
3 3452 3552 3553
3 3451 3551 3552
3 3450 3550 3551
3 3449 3549 3550
3 3448 3548 3549
3 3447 3547 3548
3 3446 3546 3547
3 3445 3545 3546
3 3444 3544 3545
3 3443 3543 3544
3 3442 3542 3543
3 3441 3541 3542
3 3440 3540 3541
3 3439 3539 3540
3 3438 3538 3539
3 3437 3537 3538
3 3436 3536 3537
3 3435 3535 3536
3 3434 3534 3535
3 3433 3533 3534
3 3432 3532 3533
3 3431 3531 3532
3 3430 3530 3531
3 3429 3529 3530
3 3428 3528 3529
3 3427 3527 3528
3 3426 3526 3527
3 3425 3525 3526
3 3424 3524 3525
3 3423 3523 3524
3 3422 3522 3523
3 3421 3521 3522
3 3420 3520 3521
3 3419 3519 3520
3 3418 3518 3519
3 3417 3517 3518
3 3416 3516 3517
3 3415 3515 3516
3 3414 3514 3515
3 3413 3513 3514
3 3412 3512 3513
3 3411 3511 3512
3 3410 3510 3511
3 3409 3509 3510
3 3408 3508 3509
3 3407 3507 3508
3 3406 3506 3507
3 3405 3505 3506
3 3404 3504 3505
3 3403 3503 3504
3 3402 3502 3503
3 3401 3501 3502
3 3400 3500 3501
3 3499 3599 3500
3 3397 3497 3498
3 3396 3496 3497
3 3395 3495 3496
3 3394 3494 3495
3 3393 3493 3494
3 3392 3492 3493
3 3391 3491 3492
3 3390 3490 3491
3 3389 3489 3490
3 3388 3488 3489
3 3387 3487 3488
3 3386 3486 3487
3 3385 3485 3486
3 3384 3484 3485
3 3383 3483 3484
3 3382 3482 3483
3 3381 3481 3482
3 3380 3480 3481
3 3379 3479 3480
3 3378 3478 3479
3 3377 3477 3478
3 3376 3476 3477
3 3375 3475 3476
3 3374 3474 3475
3 3373 3473 3474
3 3372 3472 3473
3 3371 3471 3472
3 3370 3470 3471
3 3369 3469 3470
3 3368 3468 3469
3 3367 3467 3468
3 3366 3466 3467
3 3365 3465 3466
3 3364 3464 3465
3 3363 3463 3464
3 3362 3462 3463
3 3361 3461 3462
3 3360 3460 3461
3 3359 3459 3460
3 3358 3458 3459
3 3357 3457 3458
3 3356 3456 3457
3 3355 3455 3456
3 3354 3454 3455
3 3353 3453 3454
3 3352 3452 3453
3 3351 3451 3452
3 3350 3450 3451
3 3349 3449 3450
3 3348 3448 3449
3 3347 3447 3448
3 3346 3446 3447
3 3345 3445 3446
3 3344 3444 3445
3 3343 3443 3444
3 3342 3442 3443
3 3341 3441 3442
3 3340 3440 3441
3 3339 3439 3440
3 3338 3438 3439
3 3337 3437 3438
3 3336 3436 3437
3 3335 3435 3436
3 3334 3434 3435
3 3333 3433 3434
3 3332 3432 3433
3 3331 3431 3432
3 3330 3430 3431
3 3329 3429 3430
3 3328 3428 3429
3 3327 3427 3428
3 3326 3426 3427
3 3325 3425 3426
3 3324 3424 3425
3 3323 3423 3424
3 3322 3422 3423
3 3321 3421 3422
3 3320 3420 3421
3 3319 3419 3420
3 3318 3418 3419
3 3317 3417 3418
3 3316 3416 3417
3 3315 3415 3416
3 3314 3414 3415
3 3313 3413 3414
3 3312 3412 3413
3 3311 3411 3412
3 3310 3410 3411
3 3309 3409 3410
3 3308 3408 3409
3 3307 3407 3408
3 3306 3406 3407
3 3305 3405 3406
3 3304 3404 3405
3 3303 3403 3404
3 3302 3402 3403
3 3301 3401 3402
3 3300 3400 3401
3 3399 3499 3400
3 3297 3397 3398
3 3296 3396 3397
3 3295 3395 3396
3 3294 3394 3395
3 3293 3393 3394
3 3292 3392 3393
3 3291 3391 3392
3 3290 3390 3391
3 3289 3389 3390
3 3288 3388 3389
3 3287 3387 3388
3 3286 3386 3387
3 3285 3385 3386
3 3284 3384 3385
3 3283 3383 3384
3 3282 3382 3383
3 3281 3381 3382
3 3280 3380 3381
3 3279 3379 3380
3 3278 3378 3379
3 3277 3377 3378
3 3276 3376 3377
3 3275 3375 3376
3 3274 3374 3375
3 3273 3373 3374
3 3272 3372 3373
3 3271 3371 3372
3 3270 3370 3371
3 3269 3369 3370
3 3268 3368 3369
3 3267 3367 3368
3 3266 3366 3367
3 3265 3365 3366
3 3264 3364 3365
3 3263 3363 3364
3 3262 3362 3363
3 3261 3361 3362
3 3260 3360 3361
3 3259 3359 3360
3 3258 3358 3359
3 3257 3357 3358
3 3256 3356 3357
3 3255 3355 3356
3 3254 3354 3355
3 3253 3353 3354
3 3252 3352 3353
3 3251 3351 3352
3 3250 3350 3351
3 3249 3349 3350
3 3248 3348 3349
3 3247 3347 3348
3 3246 3346 3347
3 3245 3345 3346
3 3244 3344 3345
3 3243 3343 3344
3 3242 3342 3343
3 3241 3341 3342
3 3240 3340 3341
3 3239 3339 3340
3 3238 3338 3339
3 3237 3337 3338
3 3236 3336 3337
3 3235 3335 3336
3 3234 3334 3335
3 3233 3333 3334
3 3232 3332 3333
3 3231 3331 3332
3 3230 3330 3331
3 3229 3329 3330
3 3228 3328 3329
3 3227 3327 3328
3 3226 3326 3327
3 3225 3325 3326
3 3224 3324 3325
3 3223 3323 3324
3 3222 3322 3323
3 3221 3321 3322
3 3220 3320 3321
3 3219 3319 3320
3 3218 3318 3319
3 3217 3317 3318
3 3216 3316 3317
3 3215 3315 3316
3 3214 3314 3315
3 3213 3313 3314
3 3212 3312 3313
3 3211 3311 3312
3 3210 3310 3311
3 3209 3309 3310
3 3208 3308 3309
3 3207 3307 3308
3 3206 3306 3307
3 3205 3305 3306
3 3204 3304 3305
3 3203 3303 3304
3 3202 3302 3303
3 3201 3301 3302
3 3200 3300 3301
3 3299 3399 3300
3 3197 3297 3298
3 3196 3296 3297
3 3195 3295 3296
3 3194 3294 3295
3 3193 3293 3294
3 3192 3292 3293
3 3191 3291 3292
3 3190 3290 3291
3 3189 3289 3290
3 3188 3288 3289
3 3187 3287 3288
3 3186 3286 3287
3 3185 3285 3286
3 3184 3284 3285
3 3183 3283 3284
3 3182 3282 3283
3 3181 3281 3282
3 3180 3280 3281
3 3179 3279 3280
3 3178 3278 3279
3 3177 3277 3278
3 3176 3276 3277
3 3175 3275 3276
3 3174 3274 3275
3 3173 3273 3274
3 3172 3272 3273
3 3171 3271 3272
3 3170 3270 3271
3 3169 3269 3270
3 3168 3268 3269
3 3167 3267 3268
3 3166 3266 3267
3 3165 3265 3266
3 3164 3264 3265
3 3163 3263 3264
3 3162 3262 3263
3 3161 3261 3262
3 3160 3260 3261
3 3159 3259 3260
3 3158 3258 3259
3 3157 3257 3258
3 3156 3256 3257
3 3155 3255 3256
3 3154 3254 3255
3 3153 3253 3254
3 3152 3252 3253
3 3151 3251 3252
3 3150 3250 3251
3 3149 3249 3250
3 3148 3248 3249
3 3147 3247 3248
3 3146 3246 3247
3 3145 3245 3246
3 3144 3244 3245
3 3143 3243 3244
3 3142 3242 3243
3 3141 3241 3242
3 3140 3240 3241
3 3139 3239 3240
3 3138 3238 3239
3 3137 3237 3238
3 3136 3236 3237
3 3135 3235 3236
3 3134 3234 3235
3 3133 3233 3234
3 3132 3232 3233
3 3131 3231 3232
3 3130 3230 3231
3 3129 3229 3230
3 3128 3228 3229
3 3127 3227 3228
3 3126 3226 3227
3 3125 3225 3226
3 3124 3224 3225
3 3123 3223 3224
3 3122 3222 3223
3 3121 3221 3222
3 3120 3220 3221
3 3119 3219 3220
3 3118 3218 3219
3 3117 3217 3218
3 3116 3216 3217
3 3115 3215 3216
3 3114 3214 3215
3 3113 3213 3214
3 3112 3212 3213
3 3111 3211 3212
3 3110 3210 3211
3 3109 3209 3210
3 3108 3208 3209
3 3107 3207 3208
3 3106 3206 3207
3 3105 3205 3206
3 3104 3204 3205
3 3103 3203 3204
3 3102 3202 3203
3 3101 3201 3202
3 3100 3200 3201
3 3199 3299 3200
3 3097 3197 3198
3 3096 3196 3197
3 3095 3195 3196
3 3094 3194 3195
3 3093 3193 3194
3 3092 3192 3193
3 3091 3191 3192
3 3090 3190 3191
3 3089 3189 3190
3 3088 3188 3189
3 3087 3187 3188
3 3086 3186 3187
3 3085 3185 3186
3 3084 3184 3185
3 3083 3183 3184
3 3082 3182 3183
3 3081 3181 3182
3 3080 3180 3181
3 3079 3179 3180
3 3078 3178 3179
3 3077 3177 3178
3 3076 3176 3177
3 3075 3175 3176
3 3074 3174 3175
3 3073 3173 3174
3 3072 3172 3173
3 3071 3171 3172
3 3070 3170 3171
3 3069 3169 3170
3 3068 3168 3169
3 3067 3167 3168
3 3066 3166 3167
3 3065 3165 3166
3 3064 3164 3165
3 3063 3163 3164
3 3062 3162 3163
3 3061 3161 3162
3 3060 3160 3161
3 3059 3159 3160
3 3058 3158 3159
3 3057 3157 3158
3 3056 3156 3157
3 3055 3155 3156
3 3054 3154 3155
3 3053 3153 3154
3 3052 3152 3153
3 3051 3151 3152
3 3050 3150 3151
3 3049 3149 3150
3 3048 3148 3149
3 3047 3147 3148
3 3046 3146 3147
3 3045 3145 3146
3 3044 3144 3145
3 3043 3143 3144
3 3042 3142 3143
3 3041 3141 3142
3 3040 3140 3141
3 3039 3139 3140
3 3038 3138 3139
3 3037 3137 3138
3 3036 3136 3137
3 3035 3135 3136
3 3034 3134 3135
3 3033 3133 3134
3 3032 3132 3133
3 3031 3131 3132
3 3030 3130 3131
3 3029 3129 3130
3 3028 3128 3129
3 3027 3127 3128
3 3026 3126 3127
3 3025 3125 3126
3 3024 3124 3125
3 3023 3123 3124
3 3022 3122 3123
3 3021 3121 3122
3 3020 3120 3121
3 3019 3119 3120
3 3018 3118 3119
3 3017 3117 3118
3 3016 3116 3117
3 3015 3115 3116
3 3014 3114 3115
3 3013 3113 3114
3 3012 3112 3113
3 3011 3111 3112
3 3010 3110 3111
3 3009 3109 3110
3 3008 3108 3109
3 3007 3107 3108
3 3006 3106 3107
3 3005 3105 3106
3 3004 3104 3105
3 3003 3103 3104
3 3002 3102 3103
3 3001 3101 3102
3 3000 3100 3101
3 3099 3199 3100
3 2997 3097 3098
3 2996 3096 3097
3 2995 3095 3096
3 2994 3094 3095
3 2993 3093 3094
3 2992 3092 3093
3 2991 3091 3092
3 2990 3090 3091
3 2989 3089 3090
3 2988 3088 3089
3 2987 3087 3088
3 2986 3086 3087
3 2985 3085 3086
3 2984 3084 3085
3 2983 3083 3084
3 2982 3082 3083
3 2981 3081 3082
3 2980 3080 3081
3 2979 3079 3080
3 2978 3078 3079
3 2977 3077 3078
3 2976 3076 3077
3 2975 3075 3076
3 2974 3074 3075
3 2973 3073 3074
3 2972 3072 3073
3 2971 3071 3072
3 2970 3070 3071
3 2969 3069 3070
3 2968 3068 3069
3 2967 3067 3068
3 2966 3066 3067
3 2965 3065 3066
3 2964 3064 3065
3 2963 3063 3064
3 2962 3062 3063
3 2961 3061 3062
3 2960 3060 3061
3 2959 3059 3060
3 2958 3058 3059
3 2957 3057 3058
3 2956 3056 3057
3 2955 3055 3056
3 2954 3054 3055
3 2953 3053 3054
3 2952 3052 3053
3 2951 3051 3052
3 2950 3050 3051
3 2949 3049 3050
3 2948 3048 3049
3 2947 3047 3048
3 2946 3046 3047
3 2945 3045 3046
3 2944 3044 3045
3 2943 3043 3044
3 2942 3042 3043
3 2941 3041 3042
3 2940 3040 3041
3 2939 3039 3040
3 2938 3038 3039
3 2937 3037 3038
3 2936 3036 3037
3 2935 3035 3036
3 2934 3034 3035
3 2933 3033 3034
3 2932 3032 3033
3 2931 3031 3032
3 2930 3030 3031
3 2929 3029 3030
3 2928 3028 3029
3 2927 3027 3028
3 2926 3026 3027
3 2925 3025 3026
3 2924 3024 3025
3 2923 3023 3024
3 2922 3022 3023
3 2921 3021 3022
3 2920 3020 3021
3 2919 3019 3020
3 2918 3018 3019
3 2917 3017 3018
3 2916 3016 3017
3 2915 3015 3016
3 2914 3014 3015
3 2913 3013 3014
3 2912 3012 3013
3 2911 3011 3012
3 2910 3010 3011
3 2909 3009 3010
3 2908 3008 3009
3 2907 3007 3008
3 2906 3006 3007
3 2905 3005 3006
3 2904 3004 3005
3 2903 3003 3004
3 2902 3002 3003
3 2901 3001 3002
3 2900 3000 3001
3 2999 3099 3000
3 2897 2997 2998
3 2896 2996 2997
3 2895 2995 2996
3 2894 2994 2995
3 2893 2993 2994
3 2892 2992 2993
3 2891 2991 2992
3 2890 2990 2991
3 2889 2989 2990
3 2888 2988 2989
3 2887 2987 2988
3 2886 2986 2987
3 2885 2985 2986
3 2884 2984 2985
3 2883 2983 2984
3 2882 2982 2983
3 2881 2981 2982
3 2880 2980 2981
3 2879 2979 2980
3 2878 2978 2979
3 2877 2977 2978
3 2876 2976 2977
3 2875 2975 2976
3 2874 2974 2975
3 2873 2973 2974
3 2872 2972 2973
3 2871 2971 2972
3 2870 2970 2971
3 2869 2969 2970
3 2868 2968 2969
3 2867 2967 2968
3 2866 2966 2967
3 2865 2965 2966
3 2864 2964 2965
3 2863 2963 2964
3 2862 2962 2963
3 2861 2961 2962
3 2860 2960 2961
3 2859 2959 2960
3 2858 2958 2959
3 2857 2957 2958
3 2856 2956 2957
3 2855 2955 2956
3 2854 2954 2955
3 2853 2953 2954
3 2852 2952 2953
3 2851 2951 2952
3 2850 2950 2951
3 2849 2949 2950
3 2848 2948 2949
3 2847 2947 2948
3 2846 2946 2947
3 2845 2945 2946
3 2844 2944 2945
3 2843 2943 2944
3 2842 2942 2943
3 2841 2941 2942
3 2840 2940 2941
3 2839 2939 2940
3 2838 2938 2939
3 2837 2937 2938
3 2836 2936 2937
3 2835 2935 2936
3 2834 2934 2935
3 2833 2933 2934
3 2832 2932 2933
3 2831 2931 2932
3 2830 2930 2931
3 2829 2929 2930
3 2828 2928 2929
3 2827 2927 2928
3 2826 2926 2927
3 2825 2925 2926
3 2824 2924 2925
3 2823 2923 2924
3 2822 2922 2923
3 2821 2921 2922
3 2820 2920 2921
3 2819 2919 2920
3 2818 2918 2919
3 2817 2917 2918
3 2816 2916 2917
3 2815 2915 2916
3 2814 2914 2915
3 2813 2913 2914
3 2812 2912 2913
3 2811 2911 2912
3 2810 2910 2911
3 2809 2909 2910
3 2808 2908 2909
3 2807 2907 2908
3 2806 2906 2907
3 2805 2905 2906
3 2804 2904 2905
3 2803 2903 2904
3 2802 2902 2903
3 2801 2901 2902
3 2800 2900 2901
3 2899 2999 2900
3 2797 2897 2898
3 2796 2896 2897
3 2795 2895 2896
3 2794 2894 2895
3 2793 2893 2894
3 2792 2892 2893
3 2791 2891 2892
3 2790 2890 2891
3 2789 2889 2890
3 2788 2888 2889
3 2787 2887 2888
3 2786 2886 2887
3 2785 2885 2886
3 2784 2884 2885
3 2783 2883 2884
3 2782 2882 2883
3 2781 2881 2882
3 2780 2880 2881
3 2779 2879 2880
3 2778 2878 2879
3 2777 2877 2878
3 2776 2876 2877
3 2775 2875 2876
3 2774 2874 2875
3 2773 2873 2874
3 2772 2872 2873
3 2771 2871 2872
3 2770 2870 2871
3 2769 2869 2870
3 2768 2868 2869
3 2767 2867 2868
3 2766 2866 2867
3 2765 2865 2866
3 2764 2864 2865
3 2763 2863 2864
3 2762 2862 2863
3 2761 2861 2862
3 2760 2860 2861
3 2759 2859 2860
3 2758 2858 2859
3 2757 2857 2858
3 2756 2856 2857
3 2755 2855 2856
3 2754 2854 2855
3 2753 2853 2854
3 2752 2852 2853
3 2751 2851 2852
3 2750 2850 2851
3 2749 2849 2850
3 2748 2848 2849
3 2747 2847 2848
3 2746 2846 2847
3 2745 2845 2846
3 2744 2844 2845
3 2743 2843 2844
3 2742 2842 2843
3 2741 2841 2842
3 2740 2840 2841
3 2739 2839 2840
3 2738 2838 2839
3 2737 2837 2838
3 2736 2836 2837
3 2735 2835 2836
3 2734 2834 2835
3 2733 2833 2834
3 2732 2832 2833
3 2731 2831 2832
3 2730 2830 2831
3 2729 2829 2830
3 2728 2828 2829
3 2727 2827 2828
3 2726 2826 2827
3 2725 2825 2826
3 2724 2824 2825
3 2723 2823 2824
3 2722 2822 2823
3 2721 2821 2822
3 2720 2820 2821
3 2719 2819 2820
3 2718 2818 2819
3 2717 2817 2818
3 2716 2816 2817
3 2715 2815 2816
3 2714 2814 2815
3 2713 2813 2814
3 2712 2812 2813
3 2711 2811 2812
3 2710 2810 2811
3 2709 2809 2810
3 2708 2808 2809
3 2707 2807 2808
3 2706 2806 2807
3 2705 2805 2806
3 2704 2804 2805
3 2703 2803 2804
3 2702 2802 2803
3 2701 2801 2802
3 2700 2800 2801
3 2799 2899 2800
3 2697 2797 2798
3 2696 2796 2797
3 2695 2795 2796
3 2694 2794 2795
3 2693 2793 2794
3 2692 2792 2793
3 2691 2791 2792
3 2690 2790 2791
3 2689 2789 2790
3 2688 2788 2789
3 2687 2787 2788
3 2686 2786 2787
3 2685 2785 2786
3 2684 2784 2785
3 2683 2783 2784
3 2682 2782 2783
3 2681 2781 2782
3 2680 2780 2781
3 2679 2779 2780
3 2678 2778 2779
3 2677 2777 2778
3 2676 2776 2777
3 2675 2775 2776
3 2674 2774 2775
3 2673 2773 2774
3 2672 2772 2773
3 2671 2771 2772
3 2670 2770 2771
3 2669 2769 2770
3 2668 2768 2769
3 2667 2767 2768
3 2666 2766 2767
3 2665 2765 2766
3 2664 2764 2765
3 2663 2763 2764
3 2662 2762 2763
3 2661 2761 2762
3 2660 2760 2761
3 2659 2759 2760
3 2658 2758 2759
3 2657 2757 2758
3 2656 2756 2757
3 2655 2755 2756
3 2654 2754 2755
3 2653 2753 2754
3 2652 2752 2753
3 2651 2751 2752
3 2650 2750 2751
3 2649 2749 2750
3 2648 2748 2749
3 2647 2747 2748
3 2646 2746 2747
3 2645 2745 2746
3 2644 2744 2745
3 2643 2743 2744
3 2642 2742 2743
3 2641 2741 2742
3 2640 2740 2741
3 2639 2739 2740
3 2638 2738 2739
3 2637 2737 2738
3 2636 2736 2737
3 2635 2735 2736
3 2634 2734 2735
3 2633 2733 2734
3 2632 2732 2733
3 2631 2731 2732
3 2630 2730 2731
3 2629 2729 2730
3 2628 2728 2729
3 2627 2727 2728
3 2626 2726 2727
3 2625 2725 2726
3 2624 2724 2725
3 2623 2723 2724
3 2622 2722 2723
3 2621 2721 2722
3 2620 2720 2721
3 2619 2719 2720
3 2618 2718 2719
3 2617 2717 2718
3 2616 2716 2717
3 2615 2715 2716
3 2614 2714 2715
3 2613 2713 2714
3 2612 2712 2713
3 2611 2711 2712
3 2610 2710 2711
3 2609 2709 2710
3 2608 2708 2709
3 2607 2707 2708
3 2606 2706 2707
3 2605 2705 2706
3 2604 2704 2705
3 2603 2703 2704
3 2602 2702 2703
3 2601 2701 2702
3 2600 2700 2701
3 2699 2799 2700
3 2597 2697 2698
3 2596 2696 2697
3 2595 2695 2696
3 2594 2694 2695
3 2593 2693 2694
3 2592 2692 2693
3 2591 2691 2692
3 2590 2690 2691
3 2589 2689 2690
3 2588 2688 2689
3 2587 2687 2688
3 2586 2686 2687
3 2585 2685 2686
3 2584 2684 2685
3 2583 2683 2684
3 2582 2682 2683
3 2581 2681 2682
3 2580 2680 2681
3 2579 2679 2680
3 2578 2678 2679
3 2577 2677 2678
3 2576 2676 2677
3 2575 2675 2676
3 2574 2674 2675
3 2573 2673 2674
3 2572 2672 2673
3 2571 2671 2672
3 2570 2670 2671
3 2569 2669 2670
3 2568 2668 2669
3 2567 2667 2668
3 2566 2666 2667
3 2565 2665 2666
3 2564 2664 2665
3 2563 2663 2664
3 2562 2662 2663
3 2561 2661 2662
3 2560 2660 2661
3 2559 2659 2660
3 2558 2658 2659
3 2557 2657 2658
3 2556 2656 2657
3 2555 2655 2656
3 2554 2654 2655
3 2553 2653 2654
3 2552 2652 2653
3 2551 2651 2652
3 2550 2650 2651
3 2549 2649 2650
3 2548 2648 2649
3 2547 2647 2648
3 2546 2646 2647
3 2545 2645 2646
3 2544 2644 2645
3 2543 2643 2644
3 2542 2642 2643
3 2541 2641 2642
3 2540 2640 2641
3 2539 2639 2640
3 2538 2638 2639
3 2537 2637 2638
3 2536 2636 2637
3 2535 2635 2636
3 2534 2634 2635
3 2533 2633 2634
3 2532 2632 2633
3 2531 2631 2632
3 2530 2630 2631
3 2529 2629 2630
3 2528 2628 2629
3 2527 2627 2628
3 2526 2626 2627
3 2525 2625 2626
3 2524 2624 2625
3 2523 2623 2624
3 2522 2622 2623
3 2521 2621 2622
3 2520 2620 2621
3 2519 2619 2620
3 2518 2618 2619
3 2517 2617 2618
3 2516 2616 2617
3 2515 2615 2616
3 2514 2614 2615
3 2513 2613 2614
3 2512 2612 2613
3 2511 2611 2612
3 2510 2610 2611
3 2509 2609 2610
3 2508 2608 2609
3 2507 2607 2608
3 2506 2606 2607
3 2505 2605 2606
3 2504 2604 2605
3 2503 2603 2604
3 2502 2602 2603
3 2501 2601 2602
3 2500 2600 2601
3 2599 2699 2600
3 2497 2597 2598
3 2496 2596 2597
3 2495 2595 2596
3 2494 2594 2595
3 2493 2593 2594
3 2492 2592 2593
3 2491 2591 2592
3 2490 2590 2591
3 2489 2589 2590
3 2488 2588 2589
3 2487 2587 2588
3 2486 2586 2587
3 2485 2585 2586
3 2484 2584 2585
3 2483 2583 2584
3 2482 2582 2583
3 2481 2581 2582
3 2480 2580 2581
3 2479 2579 2580
3 2478 2578 2579
3 2477 2577 2578
3 2476 2576 2577
3 2475 2575 2576
3 2474 2574 2575
3 2473 2573 2574
3 2472 2572 2573
3 2471 2571 2572
3 2470 2570 2571
3 2469 2569 2570
3 2468 2568 2569
3 2467 2567 2568
3 2466 2566 2567
3 2465 2565 2566
3 2464 2564 2565
3 2463 2563 2564
3 2462 2562 2563
3 2461 2561 2562
3 2460 2560 2561
3 2459 2559 2560
3 2458 2558 2559
3 2457 2557 2558
3 2456 2556 2557
3 2455 2555 2556
3 2454 2554 2555
3 2453 2553 2554
3 2452 2552 2553
3 2451 2551 2552
3 2450 2550 2551
3 2449 2549 2550
3 2448 2548 2549
3 2447 2547 2548
3 2446 2546 2547
3 2445 2545 2546
3 2444 2544 2545
3 2443 2543 2544
3 2442 2542 2543
3 2441 2541 2542
3 2440 2540 2541
3 2439 2539 2540
3 2438 2538 2539
3 2437 2537 2538
3 2436 2536 2537
3 2435 2535 2536
3 2434 2534 2535
3 2433 2533 2534
3 2432 2532 2533
3 2431 2531 2532
3 2430 2530 2531
3 2429 2529 2530
3 2428 2528 2529
3 2427 2527 2528
3 2426 2526 2527
3 2425 2525 2526
3 2424 2524 2525
3 2423 2523 2524
3 2422 2522 2523
3 2421 2521 2522
3 2420 2520 2521
3 2419 2519 2520
3 2418 2518 2519
3 2417 2517 2518
3 2416 2516 2517
3 2415 2515 2516
3 2414 2514 2515
3 2413 2513 2514
3 2412 2512 2513
3 2411 2511 2512
3 2410 2510 2511
3 2409 2509 2510
3 2408 2508 2509
3 2407 2507 2508
3 2406 2506 2507
3 2405 2505 2506
3 2404 2504 2505
3 2403 2503 2504
3 2402 2502 2503
3 2401 2501 2502
3 2400 2500 2501
3 2499 2599 2500
3 2397 2497 2498
3 2396 2496 2497
3 2395 2495 2496
3 2394 2494 2495
3 2393 2493 2494
3 2392 2492 2493
3 2391 2491 2492
3 2390 2490 2491
3 2389 2489 2490
3 2388 2488 2489
3 2387 2487 2488
3 2386 2486 2487
3 2385 2485 2486
3 2384 2484 2485
3 2383 2483 2484
3 2382 2482 2483
3 2381 2481 2482
3 2380 2480 2481
3 2379 2479 2480
3 2378 2478 2479
3 2377 2477 2478
3 2376 2476 2477
3 2375 2475 2476
3 2374 2474 2475
3 2373 2473 2474
3 2372 2472 2473
3 2371 2471 2472
3 2370 2470 2471
3 2369 2469 2470
3 2368 2468 2469
3 2367 2467 2468
3 2366 2466 2467
3 2365 2465 2466
3 2364 2464 2465
3 2363 2463 2464
3 2362 2462 2463
3 2361 2461 2462
3 2360 2460 2461
3 2359 2459 2460
3 2358 2458 2459
3 2357 2457 2458
3 2356 2456 2457
3 2355 2455 2456
3 2354 2454 2455
3 2353 2453 2454
3 2352 2452 2453
3 2351 2451 2452
3 2350 2450 2451
3 2349 2449 2450
3 2348 2448 2449
3 2347 2447 2448
3 2346 2446 2447
3 2345 2445 2446
3 2344 2444 2445
3 2343 2443 2444
3 2342 2442 2443
3 2341 2441 2442
3 2340 2440 2441
3 2339 2439 2440
3 2338 2438 2439
3 2337 2437 2438
3 2336 2436 2437
3 2335 2435 2436
3 2334 2434 2435
3 2333 2433 2434
3 2332 2432 2433
3 2331 2431 2432
3 2330 2430 2431
3 2329 2429 2430
3 2328 2428 2429
3 2327 2427 2428
3 2326 2426 2427
3 2325 2425 2426
3 2324 2424 2425
3 2323 2423 2424
3 2322 2422 2423
3 2321 2421 2422
3 2320 2420 2421
3 2319 2419 2420
3 2318 2418 2419
3 2317 2417 2418
3 2316 2416 2417
3 2315 2415 2416
3 2314 2414 2415
3 2313 2413 2414
3 2312 2412 2413
3 2311 2411 2412
3 2310 2410 2411
3 2309 2409 2410
3 2308 2408 2409
3 2307 2407 2408
3 2306 2406 2407
3 2305 2405 2406
3 2304 2404 2405
3 2303 2403 2404
3 2302 2402 2403
3 2301 2401 2402
3 2300 2400 2401
3 2399 2499 2400
3 2297 2397 2398
3 2296 2396 2397
3 2295 2395 2396
3 2294 2394 2395
3 2293 2393 2394
3 2292 2392 2393
3 2291 2391 2392
3 2290 2390 2391
3 2289 2389 2390
3 2288 2388 2389
3 2287 2387 2388
3 2286 2386 2387
3 2285 2385 2386
3 2284 2384 2385
3 2283 2383 2384
3 2282 2382 2383
3 2281 2381 2382
3 2280 2380 2381
3 2279 2379 2380
3 2278 2378 2379
3 2277 2377 2378
3 2276 2376 2377
3 2275 2375 2376
3 2274 2374 2375
3 2273 2373 2374
3 2272 2372 2373
3 2271 2371 2372
3 2270 2370 2371
3 2269 2369 2370
3 2268 2368 2369
3 2267 2367 2368
3 2266 2366 2367
3 2265 2365 2366
3 2264 2364 2365
3 2263 2363 2364
3 2262 2362 2363
3 2261 2361 2362
3 2260 2360 2361
3 2259 2359 2360
3 2258 2358 2359
3 2257 2357 2358
3 2256 2356 2357
3 2255 2355 2356
3 2254 2354 2355
3 2253 2353 2354
3 2252 2352 2353
3 2251 2351 2352
3 2250 2350 2351
3 2249 2349 2350
3 2248 2348 2349
3 2247 2347 2348
3 2246 2346 2347
3 2245 2345 2346
3 2244 2344 2345
3 2243 2343 2344
3 2242 2342 2343
3 2241 2341 2342
3 2240 2340 2341
3 2239 2339 2340
3 2238 2338 2339
3 2237 2337 2338
3 2236 2336 2337
3 2235 2335 2336
3 2234 2334 2335
3 2233 2333 2334
3 2232 2332 2333
3 2231 2331 2332
3 2230 2330 2331
3 2229 2329 2330
3 2228 2328 2329
3 2227 2327 2328
3 2226 2326 2327
3 2225 2325 2326
3 2224 2324 2325
3 2223 2323 2324
3 2222 2322 2323
3 2221 2321 2322
3 2220 2320 2321
3 2219 2319 2320
3 2218 2318 2319
3 2217 2317 2318
3 2216 2316 2317
3 2215 2315 2316
3 2214 2314 2315
3 2213 2313 2314
3 2212 2312 2313
3 2211 2311 2312
3 2210 2310 2311
3 2209 2309 2310
3 2208 2308 2309
3 2207 2307 2308
3 2206 2306 2307
3 2205 2305 2306
3 2204 2304 2305
3 2203 2303 2304
3 2202 2302 2303
3 2201 2301 2302
3 2200 2300 2301
3 2299 2399 2300
3 2197 2297 2298
3 2196 2296 2297
3 2195 2295 2296
3 2194 2294 2295
3 2193 2293 2294
3 2192 2292 2293
3 2191 2291 2292
3 2190 2290 2291
3 2189 2289 2290
3 2188 2288 2289
3 2187 2287 2288
3 2186 2286 2287
3 2185 2285 2286
3 2184 2284 2285
3 2183 2283 2284
3 2182 2282 2283
3 2181 2281 2282
3 2180 2280 2281
3 2179 2279 2280
3 2178 2278 2279
3 2177 2277 2278
3 2176 2276 2277
3 2175 2275 2276
3 2174 2274 2275
3 2173 2273 2274
3 2172 2272 2273
3 2171 2271 2272
3 2170 2270 2271
3 2169 2269 2270
3 2168 2268 2269
3 2167 2267 2268
3 2166 2266 2267
3 2165 2265 2266
3 2164 2264 2265
3 2163 2263 2264
3 2162 2262 2263
3 2161 2261 2262
3 2160 2260 2261
3 2159 2259 2260
3 2158 2258 2259
3 2157 2257 2258
3 2156 2256 2257
3 2155 2255 2256
3 2154 2254 2255
3 2153 2253 2254
3 2152 2252 2253
3 2151 2251 2252
3 2150 2250 2251
3 2149 2249 2250
3 2148 2248 2249
3 2147 2247 2248
3 2146 2246 2247
3 2145 2245 2246
3 2144 2244 2245
3 2143 2243 2244
3 2142 2242 2243
3 2141 2241 2242
3 2140 2240 2241
3 2139 2239 2240
3 2138 2238 2239
3 2137 2237 2238
3 2136 2236 2237
3 2135 2235 2236
3 2134 2234 2235
3 2133 2233 2234
3 2132 2232 2233
3 2131 2231 2232
3 2130 2230 2231
3 2129 2229 2230
3 2128 2228 2229
3 2127 2227 2228
3 2126 2226 2227
3 2125 2225 2226
3 2124 2224 2225
3 2123 2223 2224
3 2122 2222 2223
3 2121 2221 2222
3 2120 2220 2221
3 2119 2219 2220
3 2118 2218 2219
3 2117 2217 2218
3 2116 2216 2217
3 2115 2215 2216
3 2114 2214 2215
3 2113 2213 2214
3 2112 2212 2213
3 2111 2211 2212
3 2110 2210 2211
3 2109 2209 2210
3 2108 2208 2209
3 2107 2207 2208
3 2106 2206 2207
3 2105 2205 2206
3 2104 2204 2205
3 2103 2203 2204
3 2102 2202 2203
3 2101 2201 2202
3 2100 2200 2201
3 2199 2299 2200
3 2097 2197 2198
3 2096 2196 2197
3 2095 2195 2196
3 2094 2194 2195
3 2093 2193 2194
3 2092 2192 2193
3 2091 2191 2192
3 2090 2190 2191
3 2089 2189 2190
3 2088 2188 2189
3 2087 2187 2188
3 2086 2186 2187
3 2085 2185 2186
3 2084 2184 2185
3 2083 2183 2184
3 2082 2182 2183
3 2081 2181 2182
3 2080 2180 2181
3 2079 2179 2180
3 2078 2178 2179
3 2077 2177 2178
3 2076 2176 2177
3 2075 2175 2176
3 2074 2174 2175
3 2073 2173 2174
3 2072 2172 2173
3 2071 2171 2172
3 2070 2170 2171
3 2069 2169 2170
3 2068 2168 2169
3 2067 2167 2168
3 2066 2166 2167
3 2065 2165 2166
3 2064 2164 2165
3 2063 2163 2164
3 2062 2162 2163
3 2061 2161 2162
3 2060 2160 2161
3 2059 2159 2160
3 2058 2158 2159
3 2057 2157 2158
3 2056 2156 2157
3 2055 2155 2156
3 2054 2154 2155
3 2053 2153 2154
3 2052 2152 2153
3 2051 2151 2152
3 2050 2150 2151
3 2049 2149 2150
3 2048 2148 2149
3 2047 2147 2148
3 2046 2146 2147
3 2045 2145 2146
3 2044 2144 2145
3 2043 2143 2144
3 2042 2142 2143
3 2041 2141 2142
3 2040 2140 2141
3 2039 2139 2140
3 2038 2138 2139
3 2037 2137 2138
3 2036 2136 2137
3 2035 2135 2136
3 2034 2134 2135
3 2033 2133 2134
3 2032 2132 2133
3 2031 2131 2132
3 2030 2130 2131
3 2029 2129 2130
3 2028 2128 2129
3 2027 2127 2128
3 2026 2126 2127
3 2025 2125 2126
3 2024 2124 2125
3 2023 2123 2124
3 2022 2122 2123
3 2021 2121 2122
3 2020 2120 2121
3 2019 2119 2120
3 2018 2118 2119
3 2017 2117 2118
3 2016 2116 2117
3 2015 2115 2116
3 2014 2114 2115
3 2013 2113 2114
3 2012 2112 2113
3 2011 2111 2112
3 2010 2110 2111
3 2009 2109 2110
3 2008 2108 2109
3 2007 2107 2108
3 2006 2106 2107
3 2005 2105 2106
3 2004 2104 2105
3 2003 2103 2104
3 2002 2102 2103
3 2001 2101 2102
3 2000 2100 2101
3 2099 2199 2100
3 1997 2097 2098
3 1996 2096 2097
3 1995 2095 2096
3 1994 2094 2095
3 1993 2093 2094
3 1992 2092 2093
3 1991 2091 2092
3 1990 2090 2091
3 1989 2089 2090
3 1988 2088 2089
3 1987 2087 2088
3 1986 2086 2087
3 1985 2085 2086
3 1984 2084 2085
3 1983 2083 2084
3 1982 2082 2083
3 1981 2081 2082
3 1980 2080 2081
3 1979 2079 2080
3 1978 2078 2079
3 1977 2077 2078
3 1976 2076 2077
3 1975 2075 2076
3 1974 2074 2075
3 1973 2073 2074
3 1972 2072 2073
3 1971 2071 2072
3 1970 2070 2071
3 1969 2069 2070
3 1968 2068 2069
3 1967 2067 2068
3 1966 2066 2067
3 1965 2065 2066
3 1964 2064 2065
3 1963 2063 2064
3 1962 2062 2063
3 1961 2061 2062
3 1960 2060 2061
3 1959 2059 2060
3 1958 2058 2059
3 1957 2057 2058
3 1956 2056 2057
3 1955 2055 2056
3 1954 2054 2055
3 1953 2053 2054
3 1952 2052 2053
3 1951 2051 2052
3 1950 2050 2051
3 1949 2049 2050
3 1948 2048 2049
3 1947 2047 2048
3 1946 2046 2047
3 1945 2045 2046
3 1944 2044 2045
3 1943 2043 2044
3 1942 2042 2043
3 1941 2041 2042
3 1940 2040 2041
3 1939 2039 2040
3 1938 2038 2039
3 1937 2037 2038
3 1936 2036 2037
3 1935 2035 2036
3 1934 2034 2035
3 1933 2033 2034
3 1932 2032 2033
3 1931 2031 2032
3 1930 2030 2031
3 1929 2029 2030
3 1928 2028 2029
3 1927 2027 2028
3 1926 2026 2027
3 1925 2025 2026
3 1924 2024 2025
3 1923 2023 2024
3 1922 2022 2023
3 1921 2021 2022
3 1920 2020 2021
3 1919 2019 2020
3 1918 2018 2019
3 1917 2017 2018
3 1916 2016 2017
3 1915 2015 2016
3 1914 2014 2015
3 1913 2013 2014
3 1912 2012 2013
3 1911 2011 2012
3 1910 2010 2011
3 1909 2009 2010
3 1908 2008 2009
3 1907 2007 2008
3 1906 2006 2007
3 1905 2005 2006
3 1904 2004 2005
3 1903 2003 2004
3 1902 2002 2003
3 1901 2001 2002
3 1900 2000 2001
3 1999 2099 2000
3 1897 1997 1998
3 1896 1996 1997
3 1895 1995 1996
3 1894 1994 1995
3 1893 1993 1994
3 1892 1992 1993
3 1891 1991 1992
3 1890 1990 1991
3 1889 1989 1990
3 1888 1988 1989
3 1887 1987 1988
3 1886 1986 1987
3 1885 1985 1986
3 1884 1984 1985
3 1883 1983 1984
3 1882 1982 1983
3 1881 1981 1982
3 1880 1980 1981
3 1879 1979 1980
3 1878 1978 1979
3 1877 1977 1978
3 1876 1976 1977
3 1875 1975 1976
3 1874 1974 1975
3 1873 1973 1974
3 1872 1972 1973
3 1871 1971 1972
3 1870 1970 1971
3 1869 1969 1970
3 1868 1968 1969
3 1867 1967 1968
3 1866 1966 1967
3 1865 1965 1966
3 1864 1964 1965
3 1863 1963 1964
3 1862 1962 1963
3 1861 1961 1962
3 1860 1960 1961
3 1859 1959 1960
3 1858 1958 1959
3 1857 1957 1958
3 1856 1956 1957
3 1855 1955 1956
3 1854 1954 1955
3 1853 1953 1954
3 1852 1952 1953
3 1851 1951 1952
3 1850 1950 1951
3 1849 1949 1950
3 1848 1948 1949
3 1847 1947 1948
3 1846 1946 1947
3 1845 1945 1946
3 1844 1944 1945
3 1843 1943 1944
3 1842 1942 1943
3 1841 1941 1942
3 1840 1940 1941
3 1839 1939 1940
3 1838 1938 1939
3 1837 1937 1938
3 1836 1936 1937
3 1835 1935 1936
3 1834 1934 1935
3 1833 1933 1934
3 1832 1932 1933
3 1831 1931 1932
3 1830 1930 1931
3 1829 1929 1930
3 1828 1928 1929
3 1827 1927 1928
3 1826 1926 1927
3 1825 1925 1926
3 1824 1924 1925
3 1823 1923 1924
3 1822 1922 1923
3 1821 1921 1922
3 1820 1920 1921
3 1819 1919 1920
3 1818 1918 1919
3 1817 1917 1918
3 1816 1916 1917
3 1815 1915 1916
3 1814 1914 1915
3 1813 1913 1914
3 1812 1912 1913
3 1811 1911 1912
3 1810 1910 1911
3 1809 1909 1910
3 1808 1908 1909
3 1807 1907 1908
3 1806 1906 1907
3 1805 1905 1906
3 1804 1904 1905
3 1803 1903 1904
3 1802 1902 1903
3 1801 1901 1902
3 1800 1900 1901
3 1899 1999 1900
3 1797 1897 1898
3 1796 1896 1897
3 1795 1895 1896
3 1794 1894 1895
3 1793 1893 1894
3 1792 1892 1893
3 1791 1891 1892
3 1790 1890 1891
3 1789 1889 1890
3 1788 1888 1889
3 1787 1887 1888
3 1786 1886 1887
3 1785 1885 1886
3 1784 1884 1885
3 1783 1883 1884
3 1782 1882 1883
3 1781 1881 1882
3 1780 1880 1881
3 1779 1879 1880
3 1778 1878 1879
3 1777 1877 1878
3 1776 1876 1877
3 1775 1875 1876
3 1774 1874 1875
3 1773 1873 1874
3 1772 1872 1873
3 1771 1871 1872
3 1770 1870 1871
3 1769 1869 1870
3 1768 1868 1869
3 1767 1867 1868
3 1766 1866 1867
3 1765 1865 1866
3 1764 1864 1865
3 1763 1863 1864
3 1762 1862 1863
3 1761 1861 1862
3 1760 1860 1861
3 1759 1859 1860
3 1758 1858 1859
3 1757 1857 1858
3 1756 1856 1857
3 1755 1855 1856
3 1754 1854 1855
3 1753 1853 1854
3 1752 1852 1853
3 1751 1851 1852
3 1750 1850 1851
3 1749 1849 1850
3 1748 1848 1849
3 1747 1847 1848
3 1746 1846 1847
3 1745 1845 1846
3 1744 1844 1845
3 1743 1843 1844
3 1742 1842 1843
3 1741 1841 1842
3 1740 1840 1841
3 1739 1839 1840
3 1738 1838 1839
3 1737 1837 1838
3 1736 1836 1837
3 1735 1835 1836
3 1734 1834 1835
3 1733 1833 1834
3 1732 1832 1833
3 1731 1831 1832
3 1730 1830 1831
3 1729 1829 1830
3 1728 1828 1829
3 1727 1827 1828
3 1726 1826 1827
3 1725 1825 1826
3 1724 1824 1825
3 1723 1823 1824
3 1722 1822 1823
3 1721 1821 1822
3 1720 1820 1821
3 1719 1819 1820
3 1718 1818 1819
3 1717 1817 1818
3 1716 1816 1817
3 1715 1815 1816
3 1714 1814 1815
3 1713 1813 1814
3 1712 1812 1813
3 1711 1811 1812
3 1710 1810 1811
3 1709 1809 1810
3 1708 1808 1809
3 1707 1807 1808
3 1706 1806 1807
3 1705 1805 1806
3 1704 1804 1805
3 1703 1803 1804
3 1702 1802 1803
3 1701 1801 1802
3 1700 1800 1801
3 1799 1899 1800
3 1697 1797 1798
3 1696 1796 1797
3 1695 1795 1796
3 1694 1794 1795
3 1693 1793 1794
3 1692 1792 1793
3 1691 1791 1792
3 1690 1790 1791
3 1689 1789 1790
3 1688 1788 1789
3 1687 1787 1788
3 1686 1786 1787
3 1685 1785 1786
3 1684 1784 1785
3 1683 1783 1784
3 1682 1782 1783
3 1681 1781 1782
3 1680 1780 1781
3 1679 1779 1780
3 1678 1778 1779
3 1677 1777 1778
3 1676 1776 1777
3 1675 1775 1776
3 1674 1774 1775
3 1673 1773 1774
3 1672 1772 1773
3 1671 1771 1772
3 1670 1770 1771
3 1669 1769 1770
3 1668 1768 1769
3 1667 1767 1768
3 1666 1766 1767
3 1665 1765 1766
3 1664 1764 1765
3 1663 1763 1764
3 1662 1762 1763
3 1661 1761 1762
3 1660 1760 1761
3 1659 1759 1760
3 1658 1758 1759
3 1657 1757 1758
3 1656 1756 1757
3 1655 1755 1756
3 1654 1754 1755
3 1653 1753 1754
3 1652 1752 1753
3 1651 1751 1752
3 1650 1750 1751
3 1649 1749 1750
3 1648 1748 1749
3 1647 1747 1748
3 1646 1746 1747
3 1645 1745 1746
3 1644 1744 1745
3 1643 1743 1744
3 1642 1742 1743
3 1641 1741 1742
3 1640 1740 1741
3 1639 1739 1740
3 1638 1738 1739
3 1637 1737 1738
3 1636 1736 1737
3 1635 1735 1736
3 1634 1734 1735
3 1633 1733 1734
3 1632 1732 1733
3 1631 1731 1732
3 1630 1730 1731
3 1629 1729 1730
3 1628 1728 1729
3 1627 1727 1728
3 1626 1726 1727
3 1625 1725 1726
3 1624 1724 1725
3 1623 1723 1724
3 1622 1722 1723
3 1621 1721 1722
3 1620 1720 1721
3 1619 1719 1720
3 1618 1718 1719
3 1617 1717 1718
3 1616 1716 1717
3 1615 1715 1716
3 1614 1714 1715
3 1613 1713 1714
3 1612 1712 1713
3 1611 1711 1712
3 1610 1710 1711
3 1609 1709 1710
3 1608 1708 1709
3 1607 1707 1708
3 1606 1706 1707
3 1605 1705 1706
3 1604 1704 1705
3 1603 1703 1704
3 1602 1702 1703
3 1601 1701 1702
3 1600 1700 1701
3 1699 1799 1700
3 1597 1697 1698
3 1596 1696 1697
3 1595 1695 1696
3 1594 1694 1695
3 1593 1693 1694
3 1592 1692 1693
3 1591 1691 1692
3 1590 1690 1691
3 1589 1689 1690
3 1588 1688 1689
3 1587 1687 1688
3 1586 1686 1687
3 1585 1685 1686
3 1584 1684 1685
3 1583 1683 1684
3 1582 1682 1683
3 1581 1681 1682
3 1580 1680 1681
3 1579 1679 1680
3 1578 1678 1679
3 1577 1677 1678
3 1576 1676 1677
3 1575 1675 1676
3 1574 1674 1675
3 1573 1673 1674
3 1572 1672 1673
3 1571 1671 1672
3 1570 1670 1671
3 1569 1669 1670
3 1568 1668 1669
3 1567 1667 1668
3 1566 1666 1667
3 1565 1665 1666
3 1564 1664 1665
3 1563 1663 1664
3 1562 1662 1663
3 1561 1661 1662
3 1560 1660 1661
3 1559 1659 1660
3 1558 1658 1659
3 1557 1657 1658
3 1556 1656 1657
3 1555 1655 1656
3 1554 1654 1655
3 1553 1653 1654
3 1552 1652 1653
3 1551 1651 1652
3 1550 1650 1651
3 1549 1649 1650
3 1548 1648 1649
3 1547 1647 1648
3 1546 1646 1647
3 1545 1645 1646
3 1544 1644 1645
3 1543 1643 1644
3 1542 1642 1643
3 1541 1641 1642
3 1540 1640 1641
3 1539 1639 1640
3 1538 1638 1639
3 1537 1637 1638
3 1536 1636 1637
3 1535 1635 1636
3 1534 1634 1635
3 1533 1633 1634
3 1532 1632 1633
3 1531 1631 1632
3 1530 1630 1631
3 1529 1629 1630
3 1528 1628 1629
3 1527 1627 1628
3 1526 1626 1627
3 1525 1625 1626
3 1524 1624 1625
3 1523 1623 1624
3 1522 1622 1623
3 1521 1621 1622
3 1520 1620 1621
3 1519 1619 1620
3 1518 1618 1619
3 1517 1617 1618
3 1516 1616 1617
3 1515 1615 1616
3 1514 1614 1615
3 1513 1613 1614
3 1512 1612 1613
3 1511 1611 1612
3 1510 1610 1611
3 1509 1609 1610
3 1508 1608 1609
3 1507 1607 1608
3 1506 1606 1607
3 1505 1605 1606
3 1504 1604 1605
3 1503 1603 1604
3 1502 1602 1603
3 1501 1601 1602
3 1500 1600 1601
3 1599 1699 1600
3 1497 1597 1598
3 1496 1596 1597
3 1495 1595 1596
3 1494 1594 1595
3 1493 1593 1594
3 1492 1592 1593
3 1491 1591 1592
3 1490 1590 1591
3 1489 1589 1590
3 1488 1588 1589
3 1487 1587 1588
3 1486 1586 1587
3 1485 1585 1586
3 1484 1584 1585
3 1483 1583 1584
3 1482 1582 1583
3 1481 1581 1582
3 1480 1580 1581
3 1479 1579 1580
3 1478 1578 1579
3 1477 1577 1578
3 1476 1576 1577
3 1475 1575 1576
3 1474 1574 1575
3 1473 1573 1574
3 1472 1572 1573
3 1471 1571 1572
3 1470 1570 1571
3 1469 1569 1570
3 1468 1568 1569
3 1467 1567 1568
3 1466 1566 1567
3 1465 1565 1566
3 1464 1564 1565
3 1463 1563 1564
3 1462 1562 1563
3 1461 1561 1562
3 1460 1560 1561
3 1459 1559 1560
3 1458 1558 1559
3 1457 1557 1558
3 1456 1556 1557
3 1455 1555 1556
3 1454 1554 1555
3 1453 1553 1554
3 1452 1552 1553
3 1451 1551 1552
3 1450 1550 1551
3 1449 1549 1550
3 1448 1548 1549
3 1447 1547 1548
3 1446 1546 1547
3 1445 1545 1546
3 1444 1544 1545
3 1443 1543 1544
3 1442 1542 1543
3 1441 1541 1542
3 1440 1540 1541
3 1439 1539 1540
3 1438 1538 1539
3 1437 1537 1538
3 1436 1536 1537
3 1435 1535 1536
3 1434 1534 1535
3 1433 1533 1534
3 1432 1532 1533
3 1431 1531 1532
3 1430 1530 1531
3 1429 1529 1530
3 1428 1528 1529
3 1427 1527 1528
3 1426 1526 1527
3 1425 1525 1526
3 1424 1524 1525
3 1423 1523 1524
3 1422 1522 1523
3 1421 1521 1522
3 1420 1520 1521
3 1419 1519 1520
3 1418 1518 1519
3 1417 1517 1518
3 1416 1516 1517
3 1415 1515 1516
3 1414 1514 1515
3 1413 1513 1514
3 1412 1512 1513
3 1411 1511 1512
3 1410 1510 1511
3 1409 1509 1510
3 1408 1508 1509
3 1407 1507 1508
3 1406 1506 1507
3 1405 1505 1506
3 1404 1504 1505
3 1403 1503 1504
3 1402 1502 1503
3 1401 1501 1502
3 1400 1500 1501
3 1499 1599 1500
3 1397 1497 1498
3 1396 1496 1497
3 1395 1495 1496
3 1394 1494 1495
3 1393 1493 1494
3 1392 1492 1493
3 1391 1491 1492
3 1390 1490 1491
3 1389 1489 1490
3 1388 1488 1489
3 1387 1487 1488
3 1386 1486 1487
3 1385 1485 1486
3 1384 1484 1485
3 1383 1483 1484
3 1382 1482 1483
3 1381 1481 1482
3 1380 1480 1481
3 1379 1479 1480
3 1378 1478 1479
3 1377 1477 1478
3 1376 1476 1477
3 1375 1475 1476
3 1374 1474 1475
3 1373 1473 1474
3 1372 1472 1473
3 1371 1471 1472
3 1370 1470 1471
3 1369 1469 1470
3 1368 1468 1469
3 1367 1467 1468
3 1366 1466 1467
3 1365 1465 1466
3 1364 1464 1465
3 1363 1463 1464
3 1362 1462 1463
3 1361 1461 1462
3 1360 1460 1461
3 1359 1459 1460
3 1358 1458 1459
3 1357 1457 1458
3 1356 1456 1457
3 1355 1455 1456
3 1354 1454 1455
3 1353 1453 1454
3 1352 1452 1453
3 1351 1451 1452
3 1350 1450 1451
3 1349 1449 1450
3 1348 1448 1449
3 1347 1447 1448
3 1346 1446 1447
3 1345 1445 1446
3 1344 1444 1445
3 1343 1443 1444
3 1342 1442 1443
3 1341 1441 1442
3 1340 1440 1441
3 1339 1439 1440
3 1338 1438 1439
3 1337 1437 1438
3 1336 1436 1437
3 1335 1435 1436
3 1334 1434 1435
3 1333 1433 1434
3 1332 1432 1433
3 1331 1431 1432
3 1330 1430 1431
3 1329 1429 1430
3 1328 1428 1429
3 1327 1427 1428
3 1326 1426 1427
3 1325 1425 1426
3 1324 1424 1425
3 1323 1423 1424
3 1322 1422 1423
3 1321 1421 1422
3 1320 1420 1421
3 1319 1419 1420
3 1318 1418 1419
3 1317 1417 1418
3 1316 1416 1417
3 1315 1415 1416
3 1314 1414 1415
3 1313 1413 1414
3 1312 1412 1413
3 1311 1411 1412
3 1310 1410 1411
3 1309 1409 1410
3 1308 1408 1409
3 1307 1407 1408
3 1306 1406 1407
3 1305 1405 1406
3 1304 1404 1405
3 1303 1403 1404
3 1302 1402 1403
3 1301 1401 1402
3 1300 1400 1401
3 1399 1499 1400
3 1297 1397 1398
3 1296 1396 1397
3 1295 1395 1396
3 1294 1394 1395
3 1293 1393 1394
3 1292 1392 1393
3 1291 1391 1392
3 1290 1390 1391
3 1289 1389 1390
3 1288 1388 1389
3 1287 1387 1388
3 1286 1386 1387
3 1285 1385 1386
3 1284 1384 1385
3 1283 1383 1384
3 1282 1382 1383
3 1281 1381 1382
3 1280 1380 1381
3 1279 1379 1380
3 1278 1378 1379
3 1277 1377 1378
3 1276 1376 1377
3 1275 1375 1376
3 1274 1374 1375
3 1273 1373 1374
3 1272 1372 1373
3 1271 1371 1372
3 1270 1370 1371
3 1269 1369 1370
3 1268 1368 1369
3 1267 1367 1368
3 1266 1366 1367
3 1265 1365 1366
3 1264 1364 1365
3 1263 1363 1364
3 1262 1362 1363
3 1261 1361 1362
3 1260 1360 1361
3 1259 1359 1360
3 1258 1358 1359
3 1257 1357 1358
3 1256 1356 1357
3 1255 1355 1356
3 1254 1354 1355
3 1253 1353 1354
3 1252 1352 1353
3 1251 1351 1352
3 1250 1350 1351
3 1249 1349 1350
3 1248 1348 1349
3 1247 1347 1348
3 1246 1346 1347
3 1245 1345 1346
3 1244 1344 1345
3 1243 1343 1344
3 1242 1342 1343
3 1241 1341 1342
3 1240 1340 1341
3 1239 1339 1340
3 1238 1338 1339
3 1237 1337 1338
3 1236 1336 1337
3 1235 1335 1336
3 1234 1334 1335
3 1233 1333 1334
3 1232 1332 1333
3 1231 1331 1332
3 1230 1330 1331
3 1229 1329 1330
3 1228 1328 1329
3 1227 1327 1328
3 1226 1326 1327
3 1225 1325 1326
3 1224 1324 1325
3 1223 1323 1324
3 1222 1322 1323
3 1221 1321 1322
3 1220 1320 1321
3 1219 1319 1320
3 1218 1318 1319
3 1217 1317 1318
3 1216 1316 1317
3 1215 1315 1316
3 1214 1314 1315
3 1213 1313 1314
3 1212 1312 1313
3 1211 1311 1312
3 1210 1310 1311
3 1209 1309 1310
3 1208 1308 1309
3 1207 1307 1308
3 1206 1306 1307
3 1205 1305 1306
3 1204 1304 1305
3 1203 1303 1304
3 1202 1302 1303
3 1201 1301 1302
3 1200 1300 1301
3 1299 1399 1300
3 1197 1297 1298
3 1196 1296 1297
3 1195 1295 1296
3 1194 1294 1295
3 1193 1293 1294
3 1192 1292 1293
3 1191 1291 1292
3 1190 1290 1291
3 1189 1289 1290
3 1188 1288 1289
3 1187 1287 1288
3 1186 1286 1287
3 1185 1285 1286
3 1184 1284 1285
3 1183 1283 1284
3 1182 1282 1283
3 1181 1281 1282
3 1180 1280 1281
3 1179 1279 1280
3 1178 1278 1279
3 1177 1277 1278
3 1176 1276 1277
3 1175 1275 1276
3 1174 1274 1275
3 1173 1273 1274
3 1172 1272 1273
3 1171 1271 1272
3 1170 1270 1271
3 1169 1269 1270
3 1168 1268 1269
3 1167 1267 1268
3 1166 1266 1267
3 1165 1265 1266
3 1164 1264 1265
3 1163 1263 1264
3 1162 1262 1263
3 1161 1261 1262
3 1160 1260 1261
3 1159 1259 1260
3 1158 1258 1259
3 1157 1257 1258
3 1156 1256 1257
3 1155 1255 1256
3 1154 1254 1255
3 1153 1253 1254
3 1152 1252 1253
3 1151 1251 1252
3 1150 1250 1251
3 1149 1249 1250
3 1148 1248 1249
3 1147 1247 1248
3 1146 1246 1247
3 1145 1245 1246
3 1144 1244 1245
3 1143 1243 1244
3 1142 1242 1243
3 1141 1241 1242
3 1140 1240 1241
3 1139 1239 1240
3 1138 1238 1239
3 1137 1237 1238
3 1136 1236 1237
3 1135 1235 1236
3 1134 1234 1235
3 1133 1233 1234
3 1132 1232 1233
3 1131 1231 1232
3 1130 1230 1231
3 1129 1229 1230
3 1128 1228 1229
3 1127 1227 1228
3 1126 1226 1227
3 1125 1225 1226
3 1124 1224 1225
3 1123 1223 1224
3 1122 1222 1223
3 1121 1221 1222
3 1120 1220 1221
3 1119 1219 1220
3 1118 1218 1219
3 1117 1217 1218
3 1116 1216 1217
3 1115 1215 1216
3 1114 1214 1215
3 1113 1213 1214
3 1112 1212 1213
3 1111 1211 1212
3 1110 1210 1211
3 1109 1209 1210
3 1108 1208 1209
3 1107 1207 1208
3 1106 1206 1207
3 1105 1205 1206
3 1104 1204 1205
3 1103 1203 1204
3 1102 1202 1203
3 1101 1201 1202
3 1100 1200 1201
3 1199 1299 1200
3 1097 1197 1198
3 1096 1196 1197
3 1095 1195 1196
3 1094 1194 1195
3 1093 1193 1194
3 1092 1192 1193
3 1091 1191 1192
3 1090 1190 1191
3 1089 1189 1190
3 1088 1188 1189
3 1087 1187 1188
3 1086 1186 1187
3 1085 1185 1186
3 1084 1184 1185
3 1083 1183 1184
3 1082 1182 1183
3 1081 1181 1182
3 1080 1180 1181
3 1079 1179 1180
3 1078 1178 1179
3 1077 1177 1178
3 1076 1176 1177
3 1075 1175 1176
3 1074 1174 1175
3 1073 1173 1174
3 1072 1172 1173
3 1071 1171 1172
3 1070 1170 1171
3 1069 1169 1170
3 1068 1168 1169
3 1067 1167 1168
3 1066 1166 1167
3 1065 1165 1166
3 1064 1164 1165
3 1063 1163 1164
3 1062 1162 1163
3 1061 1161 1162
3 1060 1160 1161
3 1059 1159 1160
3 1058 1158 1159
3 1057 1157 1158
3 1056 1156 1157
3 1055 1155 1156
3 1054 1154 1155
3 1053 1153 1154
3 1052 1152 1153
3 1051 1151 1152
3 1050 1150 1151
3 1049 1149 1150
3 1048 1148 1149
3 1047 1147 1148
3 1046 1146 1147
3 1045 1145 1146
3 1044 1144 1145
3 1043 1143 1144
3 1042 1142 1143
3 1041 1141 1142
3 1040 1140 1141
3 1039 1139 1140
3 1038 1138 1139
3 1037 1137 1138
3 1036 1136 1137
3 1035 1135 1136
3 1034 1134 1135
3 1033 1133 1134
3 1032 1132 1133
3 1031 1131 1132
3 1030 1130 1131
3 1029 1129 1130
3 1028 1128 1129
3 1027 1127 1128
3 1026 1126 1127
3 1025 1125 1126
3 1024 1124 1125
3 1023 1123 1124
3 1022 1122 1123
3 1021 1121 1122
3 1020 1120 1121
3 1019 1119 1120
3 1018 1118 1119
3 1017 1117 1118
3 1016 1116 1117
3 1015 1115 1116
3 1014 1114 1115
3 1013 1113 1114
3 1012 1112 1113
3 1011 1111 1112
3 1010 1110 1111
3 1009 1109 1110
3 1008 1108 1109
3 1007 1107 1108
3 1006 1106 1107
3 1005 1105 1106
3 1004 1104 1105
3 1003 1103 1104
3 1002 1102 1103
3 1001 1101 1102
3 1000 1100 1101
3 1099 1199 1100
3 997 1097 1098
3 996 1096 1097
3 995 1095 1096
3 994 1094 1095
3 993 1093 1094
3 992 1092 1093
3 991 1091 1092
3 990 1090 1091
3 989 1089 1090
3 988 1088 1089
3 987 1087 1088
3 986 1086 1087
3 985 1085 1086
3 984 1084 1085
3 983 1083 1084
3 982 1082 1083
3 981 1081 1082
3 980 1080 1081
3 979 1079 1080
3 978 1078 1079
3 977 1077 1078
3 976 1076 1077
3 975 1075 1076
3 974 1074 1075
3 973 1073 1074
3 972 1072 1073
3 971 1071 1072
3 970 1070 1071
3 969 1069 1070
3 968 1068 1069
3 967 1067 1068
3 966 1066 1067
3 965 1065 1066
3 964 1064 1065
3 963 1063 1064
3 962 1062 1063
3 961 1061 1062
3 960 1060 1061
3 959 1059 1060
3 958 1058 1059
3 957 1057 1058
3 956 1056 1057
3 955 1055 1056
3 954 1054 1055
3 953 1053 1054
3 952 1052 1053
3 951 1051 1052
3 950 1050 1051
3 949 1049 1050
3 948 1048 1049
3 947 1047 1048
3 946 1046 1047
3 945 1045 1046
3 944 1044 1045
3 943 1043 1044
3 942 1042 1043
3 941 1041 1042
3 940 1040 1041
3 939 1039 1040
3 938 1038 1039
3 937 1037 1038
3 936 1036 1037
3 935 1035 1036
3 934 1034 1035
3 933 1033 1034
3 932 1032 1033
3 931 1031 1032
3 930 1030 1031
3 929 1029 1030
3 928 1028 1029
3 927 1027 1028
3 926 1026 1027
3 925 1025 1026
3 924 1024 1025
3 923 1023 1024
3 922 1022 1023
3 921 1021 1022
3 920 1020 1021
3 919 1019 1020
3 918 1018 1019
3 917 1017 1018
3 916 1016 1017
3 915 1015 1016
3 914 1014 1015
3 913 1013 1014
3 912 1012 1013
3 911 1011 1012
3 910 1010 1011
3 909 1009 1010
3 908 1008 1009
3 907 1007 1008
3 906 1006 1007
3 905 1005 1006
3 904 1004 1005
3 903 1003 1004
3 902 1002 1003
3 901 1001 1002
3 900 1000 1001
3 999 1099 1000
3 897 997 998
3 896 996 997
3 895 995 996
3 894 994 995
3 893 993 994
3 892 992 993
3 891 991 992
3 890 990 991
3 889 989 990
3 888 988 989
3 887 987 988
3 886 986 987
3 885 985 986
3 884 984 985
3 883 983 984
3 882 982 983
3 881 981 982
3 880 980 981
3 879 979 980
3 878 978 979
3 877 977 978
3 876 976 977
3 875 975 976
3 874 974 975
3 873 973 974
3 872 972 973
3 871 971 972
3 870 970 971
3 869 969 970
3 868 968 969
3 867 967 968
3 866 966 967
3 865 965 966
3 864 964 965
3 863 963 964
3 862 962 963
3 861 961 962
3 860 960 961
3 859 959 960
3 858 958 959
3 857 957 958
3 856 956 957
3 855 955 956
3 854 954 955
3 853 953 954
3 852 952 953
3 851 951 952
3 850 950 951
3 849 949 950
3 848 948 949
3 847 947 948
3 846 946 947
3 845 945 946
3 844 944 945
3 843 943 944
3 842 942 943
3 841 941 942
3 840 940 941
3 839 939 940
3 838 938 939
3 837 937 938
3 836 936 937
3 835 935 936
3 834 934 935
3 833 933 934
3 832 932 933
3 831 931 932
3 830 930 931
3 829 929 930
3 828 928 929
3 827 927 928
3 826 926 927
3 825 925 926
3 824 924 925
3 823 923 924
3 822 922 923
3 821 921 922
3 820 920 921
3 819 919 920
3 818 918 919
3 817 917 918
3 816 916 917
3 815 915 916
3 814 914 915
3 813 913 914
3 812 912 913
3 811 911 912
3 810 910 911
3 809 909 910
3 808 908 909
3 807 907 908
3 806 906 907
3 805 905 906
3 804 904 905
3 803 903 904
3 802 902 903
3 801 901 902
3 800 900 901
3 899 999 900
3 797 897 898
3 796 896 897
3 795 895 896
3 794 894 895
3 793 893 894
3 792 892 893
3 791 891 892
3 790 890 891
3 789 889 890
3 788 888 889
3 787 887 888
3 786 886 887
3 785 885 886
3 784 884 885
3 783 883 884
3 782 882 883
3 781 881 882
3 780 880 881
3 779 879 880
3 778 878 879
3 777 877 878
3 776 876 877
3 775 875 876
3 774 874 875
3 773 873 874
3 772 872 873
3 771 871 872
3 770 870 871
3 769 869 870
3 768 868 869
3 767 867 868
3 766 866 867
3 765 865 866
3 764 864 865
3 763 863 864
3 762 862 863
3 761 861 862
3 760 860 861
3 759 859 860
3 758 858 859
3 757 857 858
3 756 856 857
3 755 855 856
3 754 854 855
3 753 853 854
3 752 852 853
3 751 851 852
3 750 850 851
3 749 849 850
3 748 848 849
3 747 847 848
3 746 846 847
3 745 845 846
3 744 844 845
3 743 843 844
3 742 842 843
3 741 841 842
3 740 840 841
3 739 839 840
3 738 838 839
3 737 837 838
3 736 836 837
3 735 835 836
3 734 834 835
3 733 833 834
3 732 832 833
3 731 831 832
3 730 830 831
3 729 829 830
3 728 828 829
3 727 827 828
3 726 826 827
3 725 825 826
3 724 824 825
3 723 823 824
3 722 822 823
3 721 821 822
3 720 820 821
3 719 819 820
3 718 818 819
3 717 817 818
3 716 816 817
3 715 815 816
3 714 814 815
3 713 813 814
3 712 812 813
3 711 811 812
3 710 810 811
3 709 809 810
3 708 808 809
3 707 807 808
3 706 806 807
3 705 805 806
3 704 804 805
3 703 803 804
3 702 802 803
3 701 801 802
3 700 800 801
3 799 899 800
3 697 797 798
3 696 796 797
3 695 795 796
3 694 794 795
3 693 793 794
3 692 792 793
3 691 791 792
3 690 790 791
3 689 789 790
3 688 788 789
3 687 787 788
3 686 786 787
3 685 785 786
3 684 784 785
3 683 783 784
3 682 782 783
3 681 781 782
3 680 780 781
3 679 779 780
3 678 778 779
3 677 777 778
3 676 776 777
3 675 775 776
3 674 774 775
3 673 773 774
3 672 772 773
3 671 771 772
3 670 770 771
3 669 769 770
3 668 768 769
3 667 767 768
3 666 766 767
3 665 765 766
3 664 764 765
3 663 763 764
3 662 762 763
3 661 761 762
3 660 760 761
3 659 759 760
3 658 758 759
3 657 757 758
3 656 756 757
3 655 755 756
3 654 754 755
3 653 753 754
3 652 752 753
3 651 751 752
3 650 750 751
3 649 749 750
3 648 748 749
3 647 747 748
3 646 746 747
3 645 745 746
3 644 744 745
3 643 743 744
3 642 742 743
3 641 741 742
3 640 740 741
3 639 739 740
3 638 738 739
3 637 737 738
3 636 736 737
3 635 735 736
3 634 734 735
3 633 733 734
3 632 732 733
3 631 731 732
3 630 730 731
3 629 729 730
3 628 728 729
3 627 727 728
3 626 726 727
3 625 725 726
3 624 724 725
3 623 723 724
3 622 722 723
3 621 721 722
3 620 720 721
3 619 719 720
3 618 718 719
3 617 717 718
3 616 716 717
3 615 715 716
3 614 714 715
3 613 713 714
3 612 712 713
3 611 711 712
3 610 710 711
3 609 709 710
3 608 708 709
3 607 707 708
3 606 706 707
3 605 705 706
3 604 704 705
3 603 703 704
3 602 702 703
3 601 701 702
3 600 700 701
3 699 799 700
3 597 697 698
3 596 696 697
3 595 695 696
3 594 694 695
3 593 693 694
3 592 692 693
3 591 691 692
3 590 690 691
3 589 689 690
3 588 688 689
3 587 687 688
3 586 686 687
3 585 685 686
3 584 684 685
3 583 683 684
3 582 682 683
3 581 681 682
3 580 680 681
3 579 679 680
3 578 678 679
3 577 677 678
3 576 676 677
3 575 675 676
3 574 674 675
3 573 673 674
3 572 672 673
3 571 671 672
3 570 670 671
3 569 669 670
3 568 668 669
3 567 667 668
3 566 666 667
3 565 665 666
3 564 664 665
3 563 663 664
3 562 662 663
3 561 661 662
3 560 660 661
3 559 659 660
3 558 658 659
3 557 657 658
3 556 656 657
3 555 655 656
3 554 654 655
3 553 653 654
3 552 652 653
3 551 651 652
3 550 650 651
3 549 649 650
3 548 648 649
3 547 647 648
3 546 646 647
3 545 645 646
3 544 644 645
3 543 643 644
3 542 642 643
3 541 641 642
3 540 640 641
3 539 639 640
3 538 638 639
3 537 637 638
3 536 636 637
3 535 635 636
3 534 634 635
3 533 633 634
3 532 632 633
3 531 631 632
3 530 630 631
3 529 629 630
3 528 628 629
3 527 627 628
3 526 626 627
3 525 625 626
3 524 624 625
3 523 623 624
3 522 622 623
3 521 621 622
3 520 620 621
3 519 619 620
3 518 618 619
3 517 617 618
3 516 616 617
3 515 615 616
3 514 614 615
3 513 613 614
3 512 612 613
3 511 611 612
3 510 610 611
3 509 609 610
3 508 608 609
3 507 607 608
3 506 606 607
3 505 605 606
3 504 604 605
3 503 603 604
3 502 602 603
3 501 601 602
3 500 600 601
3 599 699 600
3 497 597 598
3 496 596 597
3 495 595 596
3 494 594 595
3 493 593 594
3 492 592 593
3 491 591 592
3 490 590 591
3 489 589 590
3 488 588 589
3 487 587 588
3 486 586 587
3 485 585 586
3 484 584 585
3 483 583 584
3 482 582 583
3 481 581 582
3 480 580 581
3 479 579 580
3 478 578 579
3 477 577 578
3 476 576 577
3 475 575 576
3 474 574 575
3 473 573 574
3 472 572 573
3 471 571 572
3 470 570 571
3 469 569 570
3 468 568 569
3 467 567 568
3 466 566 567
3 465 565 566
3 464 564 565
3 463 563 564
3 462 562 563
3 461 561 562
3 460 560 561
3 459 559 560
3 458 558 559
3 457 557 558
3 456 556 557
3 455 555 556
3 454 554 555
3 453 553 554
3 452 552 553
3 451 551 552
3 450 550 551
3 449 549 550
3 448 548 549
3 447 547 548
3 446 546 547
3 445 545 546
3 444 544 545
3 443 543 544
3 442 542 543
3 441 541 542
3 440 540 541
3 439 539 540
3 438 538 539
3 437 537 538
3 436 536 537
3 435 535 536
3 434 534 535
3 433 533 534
3 432 532 533
3 431 531 532
3 430 530 531
3 429 529 530
3 428 528 529
3 427 527 528
3 426 526 527
3 425 525 526
3 424 524 525
3 423 523 524
3 422 522 523
3 421 521 522
3 420 520 521
3 419 519 520
3 418 518 519
3 417 517 518
3 416 516 517
3 415 515 516
3 414 514 515
3 413 513 514
3 412 512 513
3 411 511 512
3 410 510 511
3 409 509 510
3 408 508 509
3 407 507 508
3 406 506 507
3 405 505 506
3 404 504 505
3 403 503 504
3 402 502 503
3 401 501 502
3 400 500 501
3 499 599 500
3 397 497 498
3 396 496 497
3 395 495 496
3 394 494 495
3 393 493 494
3 392 492 493
3 391 491 492
3 390 490 491
3 389 489 490
3 388 488 489
3 387 487 488
3 386 486 487
3 385 485 486
3 384 484 485
3 383 483 484
3 382 482 483
3 381 481 482
3 380 480 481
3 379 479 480
3 378 478 479
3 377 477 478
3 376 476 477
3 375 475 476
3 374 474 475
3 373 473 474
3 372 472 473
3 371 471 472
3 370 470 471
3 369 469 470
3 368 468 469
3 367 467 468
3 366 466 467
3 365 465 466
3 364 464 465
3 363 463 464
3 362 462 463
3 361 461 462
3 360 460 461
3 359 459 460
3 358 458 459
3 357 457 458
3 356 456 457
3 355 455 456
3 354 454 455
3 353 453 454
3 352 452 453
3 351 451 452
3 350 450 451
3 349 449 450
3 348 448 449
3 347 447 448
3 346 446 447
3 345 445 446
3 344 444 445
3 343 443 444
3 342 442 443
3 341 441 442
3 340 440 441
3 339 439 440
3 338 438 439
3 337 437 438
3 336 436 437
3 335 435 436
3 334 434 435
3 333 433 434
3 332 432 433
3 331 431 432
3 330 430 431
3 329 429 430
3 328 428 429
3 327 427 428
3 326 426 427
3 325 425 426
3 324 424 425
3 323 423 424
3 322 422 423
3 321 421 422
3 320 420 421
3 319 419 420
3 318 418 419
3 317 417 418
3 316 416 417
3 315 415 416
3 314 414 415
3 313 413 414
3 312 412 413
3 311 411 412
3 310 410 411
3 309 409 410
3 308 408 409
3 307 407 408
3 306 406 407
3 305 405 406
3 304 404 405
3 303 403 404
3 302 402 403
3 301 401 402
3 300 400 401
3 399 499 400
3 297 397 398
3 296 396 397
3 295 395 396
3 294 394 395
3 293 393 394
3 292 392 393
3 291 391 392
3 290 390 391
3 289 389 390
3 288 388 389
3 287 387 388
3 286 386 387
3 285 385 386
3 284 384 385
3 283 383 384
3 282 382 383
3 281 381 382
3 280 380 381
3 279 379 380
3 278 378 379
3 277 377 378
3 276 376 377
3 275 375 376
3 274 374 375
3 273 373 374
3 272 372 373
3 271 371 372
3 270 370 371
3 269 369 370
3 268 368 369
3 267 367 368
3 266 366 367
3 265 365 366
3 264 364 365
3 263 363 364
3 262 362 363
3 261 361 362
3 260 360 361
3 259 359 360
3 258 358 359
3 257 357 358
3 256 356 357
3 255 355 356
3 254 354 355
3 253 353 354
3 252 352 353
3 251 351 352
3 250 350 351
3 249 349 350
3 248 348 349
3 247 347 348
3 246 346 347
3 245 345 346
3 244 344 345
3 243 343 344
3 242 342 343
3 241 341 342
3 240 340 341
3 239 339 340
3 238 338 339
3 237 337 338
3 236 336 337
3 235 335 336
3 234 334 335
3 233 333 334
3 232 332 333
3 231 331 332
3 230 330 331
3 229 329 330
3 228 328 329
3 227 327 328
3 226 326 327
3 225 325 326
3 224 324 325
3 223 323 324
3 222 322 323
3 221 321 322
3 220 320 321
3 219 319 320
3 218 318 319
3 217 317 318
3 216 316 317
3 215 315 316
3 214 314 315
3 213 313 314
3 212 312 313
3 211 311 312
3 210 310 311
3 209 309 310
3 208 308 309
3 207 307 308
3 206 306 307
3 205 305 306
3 204 304 305
3 203 303 304
3 202 302 303
3 201 301 302
3 200 300 301
3 299 399 300
3 196 297 298
3 194 296 297
3 192 295 296
3 190 294 295
3 188 293 294
3 186 292 293
3 184 291 292
3 182 290 291
3 180 289 290
3 178 288 289
3 176 287 288
3 174 286 287
3 172 285 286
3 170 284 285
3 168 283 284
3 166 282 283
3 164 281 282
3 162 280 281
3 160 279 280
3 158 278 279
3 156 277 278
3 154 276 277
3 152 275 276
3 150 274 275
3 148 273 274
3 146 272 273
3 144 271 272
3 142 270 271
3 140 269 270
3 138 268 269
3 136 267 268
3 134 266 267
3 132 265 266
3 130 264 265
3 128 263 264
3 126 262 263
3 124 261 262
3 122 260 261
3 120 259 260
3 118 258 259
3 116 257 258
3 114 256 257
3 112 255 256
3 110 254 255
3 108 253 254
3 106 252 253
3 104 251 252
3 102 250 251
3 100 249 250
3 98 248 249
3 96 247 248
3 94 246 247
3 92 245 246
3 90 244 245
3 88 243 244
3 86 242 243
3 84 241 242
3 82 240 241
3 80 239 240
3 78 238 239
3 76 237 238
3 74 236 237
3 72 235 236
3 70 234 235
3 68 233 234
3 66 232 233
3 64 231 232
3 62 230 231
3 60 229 230
3 58 228 229
3 56 227 228
3 54 226 227
3 52 225 226
3 50 224 225
3 48 223 224
3 46 222 223
3 44 221 222
3 42 220 221
3 40 219 220
3 38 218 219
3 36 217 218
3 34 216 217
3 32 215 216
3 30 214 215
3 28 213 214
3 26 212 213
3 24 211 212
3 22 210 211
3 20 209 210
3 18 208 209
3 16 207 208
3 14 206 207
3 12 205 206
3 10 204 205
3 8 203 204
3 6 202 203
3 4 201 202
3 2 200 201
3 199 299 200
3 195 196 198
3 193 194 196
3 191 192 194
3 189 190 192
3 187 188 190
3 185 186 188
3 183 184 186
3 181 182 184
3 179 180 182
3 177 178 180
3 175 176 178
3 173 174 176
3 171 172 174
3 169 170 172
3 167 168 170
3 165 166 168
3 163 164 166
3 161 162 164
3 159 160 162
3 157 158 160
3 155 156 158
3 153 154 156
3 151 152 154
3 149 150 152
3 147 148 150
3 145 146 148
3 143 144 146
3 141 142 144
3 139 140 142
3 137 138 140
3 135 136 138
3 133 134 136
3 131 132 134
3 129 130 132
3 127 128 130
3 125 126 128
3 123 124 126
3 121 122 124
3 119 120 122
3 117 118 120
3 115 116 118
3 113 114 116
3 111 112 114
3 109 110 112
3 107 108 110
3 105 106 108
3 103 104 106
3 101 102 104
3 99 100 102
3 97 98 100
3 95 96 98
3 93 94 96
3 91 92 94
3 89 90 92
3 87 88 90
3 85 86 88
3 83 84 86
3 81 82 84
3 79 80 82
3 77 78 80
3 75 76 78
3 73 74 76
3 71 72 74
3 69 70 72
3 67 68 70
3 65 66 68
3 63 64 66
3 61 62 64
3 59 60 62
3 57 58 60
3 55 56 58
3 53 54 56
3 51 52 54
3 49 50 52
3 47 48 50
3 45 46 48
3 43 44 46
3 41 42 44
3 39 40 42
3 37 38 40
3 35 36 38
3 33 34 36
3 31 32 34
3 29 30 32
3 27 28 30
3 25 26 28
3 23 24 26
3 21 22 24
3 19 20 22
3 17 18 20
3 15 16 18
3 13 14 16
3 11 12 14
3 9 10 12
3 7 8 10
3 5 6 8
3 3 4 6
3 1 2 4
3 0 199 2
